address,address2,cityId,postalCode,phone,createDate,createdBy,lastUpdate,lastUpdateBy
36 Lerdahl Plaza,PO Box 13068,1,,327-161-1949,2/18/2023,jahrendsen0,12/24/2022,pescoffrey0
66 Gerald Junction,Room 742,2,,311-859-5369,1/30/2023,bthornton1,5/29/2023,mcroote1
196 Sutteridge Lane,Apt 1636,3,,634-388-1514,4/15/2023,dkitchenham2,1/17/2023,sstonier2
194 Bobwhite Center,Apt 574,4,48760-000,172-623-8917,3/13/2023,bmoen3,9/4/2023,nmechic3
52792 Westport Road,PO Box 93040,5,,295-339-9241,10/5/2022,ecaldaro4,2/10/2023,dberk4
00419 Golden Leaf Court,Room 1610,6,,935-894-8477,1/12/2023,fthurgood5,8/1/2023,rclotworthy5
87 Dwight Drive,Apt 823,7,10469,917-666-1950,4/20/2023,dshapira6,6/22/2023,tcarette6
5167 Killdeer Plaza,Apt 1406,8,0918,492-347-8710,5/26/2023,jshiel7,6/16/2023,bwhyley7
9 Golf Course Point,Apt 556,9,69441 CEDEX 03,716-877-6556,5/11/2023,cdillimore8,8/31/2023,fgoade8
63 Everett Avenue,PO Box 18040,10,22820,271-639-9900,2/24/2023,ntomicki9,12/28/2022,jrist9
1 Butterfield Way,Apt 216,11,142390,371-385-5580,8/27/2023,fviteta,1/19/2023,calderwicka
950 Brickson Park Lane,11th Floor,12,,408-461-0810,12/2/2022,chendrickb,9/22/2023,cmerchantb
019 Iowa Place,PO Box 46225,13,,851-203-7179,5/18/2023,lerasmusc,11/22/2022,dmoorec
0318 Calypso Circle,Suite 31,14,,312-852-9196,4/9/2023,ajordond,5/6/2023,rchessund
659 Bashford Trail,Suite 76,15,68517,402-552-6007,8/23/2023,mclayale,12/25/2022,eswallwelle
01426 Everett Alley,Suite 9,16,,376-854-3042,6/21/2023,tlydiatef,9/11/2023,nsallf
867 2nd Way,Suite 66,17,,500-816-9772,7/17/2023,bliccardig,5/19/2023,dbinderg
76900 Jenifer Terrace,Suite 24,18,2900,510-211-3755,4/23/2023,zbollinsh,8/15/2023,gwynchh
61 Luster Parkway,Suite 70,19,,977-475-8558,7/9/2023,pjarrardi,8/17/2023,vreinharti
8 Oak Valley Court,Apt 701,20,,323-903-8652,9/13/2023,twelbournj,6/18/2023,rgoshawkj
4699 Loftsgordon Terrace,Apt 212,21,55908,244-238-3645,5/19/2023,mferruzzik,4/21/2023,jodomk
97 Goodland Terrace,Apt 1348,22,,371-375-8674,10/5/2022,jnuddl,11/29/2022,efinniel
84 Hoffman Plaza,Room 946,23,,817-190-1530,10/31/2022,tlyalm,4/1/2023,nsawdym
73677 Hagan Trail,Room 1843,24,,342-588-0429,5/8/2023,edanelutn,5/21/2023,nblenkharnn
0627 Hooker Center,PO Box 23627,25,,304-716-7907,6/24/2023,gmeedendorpeo,10/29/2022,mvickerstaffo
9 Warrior Drive,Room 1206,26,,125-232-8939,7/25/2023,fdailyp,9/3/2023,grolfop
2128 Riverside Avenue,Room 137,27,731027,363-618-6615,1/2/2023,wstonelakeq,12/18/2022,frosenvasserq
50641 New Castle Lane,16th Floor,28,,717-642-0612,5/15/2023,cpittemr,4/20/2023,isanchor
30393 Esch Terrace,20th Floor,29,,631-890-5257,4/27/2023,teisaks,11/28/2022,jmcwhinnies
3942 Heath Hill,Apt 1610,30,1675-007,793-790-0394,2/26/2023,pmcshanet,6/7/2023,teittert
4 Larry Parkway,PO Box 45470,31,,719-914-8775,9/16/2023,plegenu,2/14/2023,kkorbmakeru
6353 Farwell Terrace,Room 478,32,,664-675-3896,12/21/2022,caspeyv,4/12/2023,avanderkruijsv
3998 Westridge Street,Room 846,33,,605-116-8244,7/30/2023,bbrelsfordw,5/31/2023,droadsw
6 Utah Pass,11th Floor,34,5483,873-537-7815,3/26/2023,mfahyx,10/8/2022,mhaseldenx
8803 6th Pass,Room 1452,35,,986-893-4541,7/27/2023,ocamiesy,10/21/2022,jdowsy
283 Russell Crossing,Room 1140,36,57210,156-153-5235,7/19/2023,rboordz,1/28/2023,aredlerz
8 Independence Court,Apt 1285,37,,218-433-0212,8/13/2023,bskouling10,9/5/2023,bsaterweyte10
4 Darwin Park,Suite 8,38,,946-145-2847,2/15/2023,hperrott11,5/20/2023,lharrowing11
54474 Muir Point,4th Floor,39,26001,140-196-7541,2/15/2023,rguyonneau12,5/4/2023,cbillsberry12
0 Mariners Cove Park,Apt 60,40,11517,878-955-9298,1/9/2023,htowsie13,2/9/2023,rarmatage13
580 Helena Crossing,Suite 73,41,,171-294-4706,9/14/2023,kwase14,3/27/2023,hmandel14
22 Lotheville Parkway,19th Floor,42,76360-000,941-296-2455,9/2/2023,raspenlon15,1/30/2023,vpetrelli15
3305 Moose Avenue,Suite 27,43,15630,929-681-4082,9/23/2023,lkloisner16,7/20/2023,arisdale16
622 Thackeray Circle,Suite 16,44,051417,496-301-0240,8/15/2023,akristufek17,4/24/2023,nstanyan17
28494 Anderson Center,Room 634,45,,152-748-8849,1/4/2023,cthirwell18,4/3/2023,mbigham18
5817 Fairfield Park,Room 179,46,,858-819-2483,10/22/2022,ecuseck19,7/19/2023,hbartelot19
071 Weeping Birch Way,Suite 9,47,,480-511-0505,3/11/2023,ljirick1a,9/30/2023,hboylund1a
6 Hanover Point,Apt 16,48,,308-674-6995,10/25/2022,gfeaks1b,10/25/2022,ppavlenko1b
2 Myrtle Point,Apt 905,49,38130,801-943-8610,11/30/2022,dnana1c,7/13/2023,iwhorlow1c
45593 Burrows Lane,Room 996,50,,992-621-8137,11/2/2022,aoganesian1d,12/27/2022,gshickle1d
822 Evergreen Street,PO Box 79058,51,,792-619-2785,7/1/2023,klambertson1e,10/20/2022,fellerbeck1e
889 Spaight Way,PO Box 26888,52,21222,457-823-4877,6/16/2023,dstokell1f,7/24/2023,tdict1f
68894 Mallard Terrace,13th Floor,53,,571-179-6484,1/9/2023,dfranciotti1g,2/14/2023,apurple1g
5604 Russell Avenue,Apt 1848,54,,470-702-0745,7/17/2023,evidyapin1h,3/18/2023,rbarthelmes1h
23 Schiller Court,Room 511,55,9500-365,564-579-7672,6/1/2023,ndeferraris1i,12/3/2022,rpinckard1i
838 Summit Trail,12th Floor,56,,820-281-7002,8/24/2023,nshapira1j,8/16/2023,schrister1j
90856 Warrior Park,11th Floor,57,391625,130-168-5431,2/17/2023,mvittle1k,12/14/2022,wbarthram1k
3469 Schiller Road,9th Floor,58,,963-926-4871,7/5/2023,bwakeman1l,4/1/2023,bscotti1l
33 Arrowood Avenue,Apt 214,59,,114-336-3583,2/8/2023,wmion1m,10/22/2022,dsapp1m
5326 Reindahl Hill,Apt 260,60,,191-507-0425,9/14/2023,ltape1n,9/14/2023,semney1n
90 Larry Center,Apt 379,61,,216-470-0562,5/16/2023,pbransden1o,9/20/2023,zlawson1o
3 Huxley Terrace,PO Box 43711,62,3800-854,355-914-5392,10/17/2022,lvotier1p,8/27/2023,bclynmans1p
34458 Montana Court,Suite 10,63,3304,457-723-7790,9/17/2023,ainger1q,1/25/2023,vlabden1q
48 Lukken Parkway,Suite 81,64,666217,561-438-3137,10/20/2022,ihuey1r,6/30/2023,aolfert1r
19 Golf Place,Suite 85,65,,939-952-6303,2/10/2023,myeend1s,12/26/2022,dkillingworth1s
440 Goodland Avenue,Room 369,66,3810-856,982-194-5850,4/22/2023,helverstone1t,5/11/2023,rdicker1t
17719 Stone Corner Park,18th Floor,67,95422,188-863-9996,3/12/2023,rgainforth1u,12/2/2022,iaronoff1u
87013 Crescent Oaks Plaza,PO Box 37101,68,662327,277-878-6126,7/15/2023,randrea1v,9/11/2023,ddecastelain1v
27 Fuller Circle,3rd Floor,69,38-213,279-197-1927,7/11/2023,bhay1w,7/25/2023,rdavey1w
3458 Cardinal Place,16th Floor,70,3776,116-562-4186,12/16/2022,vfreyne1x,7/2/2023,cmongeot1x
4257 Vernon Place,16th Floor,71,,641-372-1189,11/17/2022,ejanoch1y,4/12/2023,emcwilliams1y
69997 Havey Junction,PO Box 35158,72,,562-910-3236,12/11/2022,jgypson1z,5/22/2023,gshipperbottom1z
8 American Ash Crossing,Suite 52,73,5155-305,621-341-2513,9/16/2023,osprackling20,12/5/2022,kbellelli20
64660 Shopko Way,PO Box 73283,74,,975-423-7653,1/1/2023,bmancell21,8/4/2023,gdunridge21
0353 5th Hill,Apt 1136,75,37660-000,920-739-6907,12/27/2022,coldnall22,9/7/2023,bsackey22
84477 Maple Wood Junction,Room 600,76,93140,697-701-3990,10/27/2022,dtombleson23,10/21/2022,rmaryon23
21 Tomscot Center,Room 1921,77,,519-989-0639,7/11/2023,rblackleech24,7/22/2023,rriatt24
30 Bluestem Junction,Apt 561,78,42006,823-566-2285,7/18/2023,kmarini25,8/27/2023,wkitter25
650 Meadow Vale Center,Suite 3,79,891 86,315-461-6116,11/21/2022,sstrowthers26,6/9/2023,ashotter26
7217 Debs Drive,PO Box 27979,80,7028,760-122-7112,5/15/2023,eavon27,9/21/2023,sbastone27
8314 Bartelt Alley,4th Floor,81,2513,497-555-8740,3/17/2023,moneile28,11/24/2022,ccolquhoun28
6 Scofield Way,Room 173,82,1697,552-557-1620,7/18/2023,gmithon29,10/29/2022,eyarrington29
004 Pine View Hill,Suite 89,83,347460,707-525-9762,7/17/2023,swetton2a,4/16/2023,jockland2a
784 Talisman Court,PO Box 72616,84,443544,942-764-1726,9/11/2023,vmarrow2b,7/6/2023,pdillinger2b
8542 Anthes Street,Apt 835,85,157510,647-389-3804,11/10/2022,lkent2c,10/20/2022,llilleyman2c
8 Crownhardt Road,Apt 311,86,2645-168,879-953-5862,2/1/2023,sroels2d,4/6/2023,dmandrier2d
72 Chinook Road,2nd Floor,87,,735-828-7408,2/1/2023,vfolca2e,4/1/2023,gbollini2e
456 Ridgeview Drive,18th Floor,88,,579-829-9142,5/27/2023,lmclukie2f,11/20/2022,dhourican2f
60 Veith Center,Apt 1108,89,05009,540-441-5843,10/10/2022,tdemattei2g,7/3/2023,rtregidga2g
3 Manitowish Lane,Room 831,90,,887-389-4701,2/28/2023,tcreagh2h,4/24/2023,rovid2h
80 Rutledge Street,Apt 1252,91,N9A,944-361-4627,4/19/2023,adursley2i,5/10/2023,cgilkison2i
674 Tomscot Center,PO Box 57454,92,4223,994-419-0795,3/1/2023,kdrinkale2j,2/27/2023,jpomfret2j
593 Mallory Crossing,8th Floor,93,633343,171-888-9540,2/9/2023,lcraigie2k,3/30/2023,sboyack2k
0 Ronald Regan Court,Room 693,94,33129,305-195-1051,1/15/2023,dvicker2l,1/16/2023,lscrace2l
58 Talmadge Street,Room 1280,95,377-0816,809-647-1457,6/16/2023,dcoventon2m,10/2/2022,lwroth2m
472 Florence Avenue,9th Floor,96,78436,355-874-8777,2/4/2023,mdougill2n,1/7/2023,ddenormanville2n
55822 Barby Crossing,7th Floor,97,40602,465-285-4975,7/23/2023,zcheverton2o,9/29/2023,rrohloff2o
0 Heffernan Street,6th Floor,98,S6W,813-205-2253,4/29/2023,skhomin2p,12/21/2022,khaggerwood2p
19343 Dakota Park,Suite 27,99,21110,181-215-0528,12/15/2022,lallsep2q,1/3/2023,fmenis2q
36 Aberg Terrace,PO Box 14883,100,368043,468-192-1610,8/16/2023,gcurgenven2r,9/15/2023,aghest2r
3 East Way,Room 66,101,72111,397-661-3821,11/26/2022,hbleackly2s,8/6/2023,fpatsall2s
18015 Arrowood Crossing,Apt 414,102,346530,506-908-6885,12/2/2022,bdrohane2t,7/26/2023,pkelle2t
8 Myrtle Drive,Apt 1543,103,6118,210-704-0358,12/17/2022,dfury2u,10/5/2022,tgonnin2u
56791 Evergreen Avenue,Room 933,104,,343-394-3961,6/30/2023,vbasten2v,5/7/2023,jcolquhoun2v
1402 Tony Terrace,PO Box 69494,105,,121-671-2556,11/28/2022,dgowthrop2w,7/17/2023,ilangtree2w
20 Graceland Hill,Room 1150,106,,740-455-4075,2/4/2023,ckaszper2x,11/25/2022,pferrarese2x
1039 Dakota Center,11th Floor,107,,875-953-0068,6/11/2023,zduplan2y,1/27/2023,kwaine2y
74 Gale Alley,PO Box 54391,108,,507-375-6542,6/18/2023,bkillgus2z,8/13/2023,hpolhill2z
999 Dapin Court,Suite 58,109,,405-384-1119,11/30/2022,djohns30,5/1/2023,wmustchin30
4412 Autumn Leaf Crossing,Room 1120,110,34000,760-279-7801,1/4/2023,mmcnee31,10/15/2022,hstoneman31
2124 Linden Avenue,Apt 484,111,11807,864-552-0631,7/7/2023,rlippo32,10/28/2022,rswire32
32014 Little Fleur Park,Suite 59,112,45750,199-865-5709,9/12/2023,sadnet33,7/23/2023,bstoneman33
85 Warrior Circle,Room 609,113,,574-514-7754,12/22/2022,rferenc34,8/21/2023,mjekyll34
2 Grover Street,Apt 329,114,17121,717-760-7532,4/24/2023,jwinfindine35,9/7/2023,tpyrke35
263 Miller Crossing,PO Box 4279,115,,692-339-4284,4/22/2023,mgeeves36,4/15/2023,lfruchon36
55815 Hudson Street,Apt 1297,116,,291-170-4658,8/27/2023,dhenzer37,8/3/2023,gtudgay37
0731 Gateway Street,Room 120,117,97001,141-698-3302,3/7/2023,btemple38,7/7/2023,cdoust38
5 Forest Place,Room 1259,118,2510-015,986-907-1824,3/19/2023,ogronw39,4/15/2023,bcamell39
53 Drewry Plaza,Suite 14,119,,459-735-5223,12/7/2022,bcondon3a,8/12/2023,madamczyk3a
33 Anhalt Alley,Suite 31,120,58501,869-195-1168,4/23/2023,eberfoot3b,10/4/2022,jkunert3b
64301 Buell Crossing,PO Box 81651,121,79940,915-676-5546,7/14/2023,jhing3c,1/12/2023,lrutland3c
47 Vernon Street,Room 977,122,789 85,179-621-3202,8/3/2023,dfurze3d,6/11/2023,jhaddrell3d
6 Scoville Plaza,Suite 33,123,5100,133-898-7680,9/11/2023,fkillingbeck3e,10/19/2022,damorine3e
7 Buell Hill,Suite 64,124,57954 CEDEX,999-367-6773,10/26/2022,clongley3f,1/20/2023,bthirwell3f
712 Clove Way,PO Box 76893,125,10309,875-229-4857,10/31/2022,charly3g,4/15/2023,utourry3g
9007 Lindbergh Point,3rd Floor,126,,995-919-0147,1/18/2023,fqueenborough3h,5/5/2023,ekydd3h
90 Hansons Hill,6th Floor,127,,129-895-5677,8/20/2023,nkleinholz3i,7/26/2023,mmctague3i
9606 Shelley Junction,Room 763,128,,485-259-2329,1/28/2023,srouth3j,9/20/2023,pbeardmore3j
28110 Michigan Center,13th Floor,129,,522-564-8690,5/31/2023,bsignorelli3k,5/9/2023,tjanicki3k
4 Acker Avenue,Room 1324,130,,146-820-5063,8/31/2023,mcove3l,11/16/2022,cvasiliev3l
46 New Castle Terrace,7th Floor,131,,367-248-6117,8/2/2023,imuldownie3m,10/26/2022,gvasin3m
404 Ohio Circle,14th Floor,132,50201,220-651-6489,5/19/2023,fhartland3n,3/3/2023,jhawe3n
63 Doe Crossing Pass,Suite 37,133,9630-015,476-463-6010,3/28/2023,rpaget3o,6/14/2023,klarmet3o
844 Valley Edge Plaza,Suite 37,134,,320-363-5850,4/23/2023,pglasebrook3p,5/22/2023,jwidmoor3p
456 Almo Parkway,Apt 936,135,,957-677-2315,4/8/2023,corry3q,8/14/2023,apaolo3q
8 Fairfield Road,Suite 32,136,,210-294-0070,10/27/2022,amccarron3r,11/2/2022,ssecombe3r
0 American Ash Road,Suite 13,137,,202-843-7016,3/26/2023,tlaver3s,4/16/2023,dmountlow3s
952 Grasskamp Road,10th Floor,138,,134-912-3886,4/10/2023,nburnel3t,9/26/2023,gheare3t
64728 Ramsey Parkway,18th Floor,139,,666-620-0806,1/25/2023,naslen3u,4/27/2023,dridsdell3u
1 Goodland Crossing,Room 1182,140,,881-205-2181,6/9/2023,ymactague3v,4/22/2023,pswadon3v
8936 Comanche Avenue,PO Box 71937,141,,254-578-3537,5/14/2023,mfishbourn3w,10/28/2022,gedgecumbe3w
78728 Caliangt Pass,Apt 1420,142,81720,515-981-2369,3/14/2023,uturbard3x,7/1/2023,obrodest3x
5 Rigney Drive,Apt 1060,143,,165-647-2301,8/30/2023,loffen3y,2/19/2023,jsegoe3y
30 Evergreen Drive,6th Floor,144,10607,412-370-8623,3/12/2023,aguyon3z,3/4/2023,mcorps3z
8 Northland Alley,Room 565,145,22017,209-396-9288,7/8/2023,aamaya40,1/5/2023,ekinney40
727 Surrey Way,PO Box 95216,146,7534,254-811-0059,4/5/2023,gkevis41,9/16/2023,gblaze41
4942 International Drive,Apt 418,147,,632-648-2509,10/6/2022,amaciak42,7/17/2023,rheinlein42
09 Manufacturers Way,PO Box 91614,148,75054 CEDEX 01,945-831-5995,3/12/2023,cmariaud43,6/6/2023,awoolfenden43
4868 Mallory Place,Suite 67,149,,336-155-1702,1/6/2023,mhylton44,4/11/2023,csabati44
2018 Towne Plaza,Suite 15,150,,825-556-3233,1/3/2023,rduce45,12/20/2022,qbraxton45
962 Springview Parkway,Apt 1436,151,20006,637-365-9467,11/25/2022,dwestern46,3/24/2023,arevan46
6 Gateway Park,Apt 125,152,,400-620-8283,7/25/2023,jmalitrott47,2/4/2023,asurphliss47
3 Fairview Point,Room 1598,153,,304-353-4420,12/27/2022,pklezmski48,1/12/2023,rnegal48
9804 Leroy Parkway,Suite 28,154,3303,896-134-7209,11/30/2022,moflannery49,9/1/2023,bdyzart49
751 Bartelt Lane,Room 1007,155,,460-462-5885,2/24/2023,daugustus4a,10/31/2022,mbeardmore4a
07 5th Junction,Room 1187,156,,596-604-1282,2/22/2023,knoell4b,11/4/2022,oscutching4b
93496 Garrison Court,Room 1375,157,,311-466-2659,3/14/2023,lattoe4c,4/25/2023,tragat4c
40 Bunker Hill Point,Suite 78,158,,602-764-4174,3/26/2023,aoven4d,8/2/2023,khew4d
6236 Elka Parkway,PO Box 19816,159,586 01,275-474-6872,5/21/2023,eklulicek4e,11/12/2022,mgergely4e
9642 Talisman Drive,Room 849,160,,507-163-4169,9/19/2023,araun4f,9/5/2023,clivingstone4f
69 Namekagon Alley,PO Box 18093,161,142672,136-844-9236,2/25/2023,dgamlen4g,5/1/2023,fcolby4g
139 Maywood Avenue,Apt 122,162,183 04,627-216-9646,9/18/2023,sblakey4h,6/30/2023,hboulde4h
44 Anderson Center,Suite 75,163,,509-191-2081,3/26/2023,apoynton4i,9/23/2023,ssooley4i
60356 Melrose Lane,Suite 44,164,,165-215-6865,5/2/2023,sscamp4j,4/28/2023,aottey4j
989 7th Parkway,Apt 1326,165,,294-111-6312,8/25/2023,hmclaughlin4k,1/29/2023,apaudin4k
46 Shasta Drive,Suite 14,166,38197,901-753-0109,11/2/2022,cvatini4l,6/28/2023,rfairfoul4l
538 Evergreen Center,PO Box 78211,167,351 06,282-492-1011,3/23/2023,cjennrich4m,2/5/2023,yjefferies4m
980 Moulton Lane,Suite 99,168,78700-000,109-707-6325,9/7/2023,asmails4n,7/25/2023,ocoady4n
46 Crownhardt Point,Apt 1577,169,1234,497-204-1723,12/18/2022,hadamovitz4o,11/8/2022,fyewdell4o
865 Southridge Point,Apt 426,170,,435-173-3388,5/17/2023,fbrentnall4p,3/6/2023,gloney4p
8924 Melby Pass,PO Box 21507,171,,809-895-5807,11/29/2022,mfishbourn4q,10/22/2022,tpargent4q
86 Utah Alley,Room 321,172,,945-772-4147,3/27/2023,fsayce4r,8/17/2023,mlarenson4r
361 Brickson Park Circle,13th Floor,173,13-306,229-208-4757,2/3/2023,dcoupland4s,6/27/2023,bfullbrook4s
13 Clyde Gallagher Junction,PO Box 41473,174,5986,326-791-4408,10/24/2022,hkik4t,11/8/2022,jhumbell4t
457 7th Lane,PO Box 90808,175,869-0233,367-801-3018,12/19/2022,edurnan4u,4/17/2023,mpedrollo4u
9786 Garrison Alley,Room 870,176,62-430,552-898-4815,5/24/2023,fdemann4v,3/6/2023,gziemen4v
25 Jay Parkway,PO Box 5615,177,9615,299-624-3644,7/2/2023,ocosslett4w,10/21/2022,lkinglesyd4w
48630 Roxbury Circle,PO Box 11551,178,417 02,878-559-0946,7/2/2023,xhaycock4x,2/10/2023,tmeneux4x
70418 Golf Course Crossing,Apt 397,179,4624,926-228-3975,5/15/2023,cveljes4y,11/9/2022,fparlour4y
5 Springview Court,9th Floor,180,,870-673-3381,12/20/2022,rackroyd4z,9/24/2023,ccarbett4z
86803 Farmco Pass,Suite 92,181,,951-719-4283,3/13/2023,bveryard50,10/26/2022,ejearum50
2 Maple Wood Road,Apt 670,182,80110,129-275-5606,10/27/2022,rkilmaster51,4/13/2023,cchester51
730 Annamark Place,13th Floor,183,,841-366-1652,7/11/2023,challgalley52,9/22/2023,mevangelinos52
7821 Holy Cross Road,Apt 726,184,,323-565-5947,8/1/2023,tpegram53,7/23/2023,agosswell53
35 Bashford Park,Suite 60,185,431 51,227-682-6127,1/4/2023,dcollabine54,11/3/2022,lleward54
285 Hanson Lane,Room 1244,186,,583-144-8014,8/13/2023,kfusco55,6/15/2023,mwinterbourne55
67817 Prairie Rose Crossing,Suite 13,187,,547-812-1796,2/13/2023,molivetta56,9/27/2023,hbarnet56
7 Lukken Trail,Room 1509,188,742-0021,626-144-8471,10/23/2022,rosgardby57,9/26/2023,vmoakes57
01490 Johnson Center,Room 1689,189,4820-021,310-362-1880,6/10/2023,hgotliffe58,10/30/2022,ldwelly58
71 Lotheville Park,Suite 20,190,,975-692-0512,11/9/2022,ktoffolo59,7/12/2023,cshaw59
67 Corben Junction,Apt 1401,191,,508-733-2802,11/1/2022,ajoskowitz5a,5/3/2023,vextal5a
6362 Fairfield Terrace,PO Box 91142,192,,379-893-7368,8/26/2023,jrounsefell5b,7/17/2023,jmactrustey5b
37795 Melrose Court,Apt 1394,193,,976-502-4080,5/23/2023,asagg5c,6/12/2023,djiran5c
1606 Ilene Pass,Room 1408,194,01540,660-838-9960,2/25/2023,ccheverton5d,5/22/2023,rthirtle5d
1341 Mccormick Pass,Suite 91,195,,777-615-8317,1/20/2023,hmorfey5e,3/9/2023,egerrans5e
18 Maple Wood Trail,Apt 1371,196,,354-932-8581,2/1/2023,tbarendtsen5f,7/7/2023,aoattes5f
313 Monica Road,Room 1517,197,10600,419-268-4229,1/11/2023,gdonaldson5g,5/21/2023,swhytock5g
8141 Graedel Drive,7th Floor,198,,743-844-2711,12/7/2022,egoodband5h,7/18/2023,mdanforth5h
7 Bluestem Plaza,Room 794,199,788 23,410-903-9971,12/27/2022,jliepina5i,9/22/2023,jshilton5i
992 Lien Trail,Apt 1742,200,7160-208,198-429-2222,10/20/2022,hbray5j,2/6/2023,nhargrave5j
45 Logan Road,Suite 82,201,152240,520-327-4979,9/29/2023,lcobson5k,10/23/2022,gbohl5k
9839 Amoth Drive,Apt 338,202,,893-842-2654,5/17/2023,mpavlenkov5l,8/22/2023,hbuckthorpe5l
95 Pine View Lane,Apt 1090,203,,671-186-4079,2/11/2023,svellacott5m,1/3/2023,mchatres5m
71250 Sheridan Parkway,Room 1979,204,8711,698-686-6759,1/16/2023,kwhiteson5n,7/26/2023,lstolze5n
33062 Scott Street,Room 308,205,53120,698-427-4830,11/8/2022,sbickley5o,12/9/2022,rsanpher5o
59 Loeprich Point,PO Box 22105,206,,667-161-4434,6/29/2023,mmcphail5p,5/16/2023,egrugerr5p
502 Northview Plaza,Suite 69,207,11009,356-382-0250,8/18/2023,mwheildon5q,8/24/2023,icarneck5q
69189 Fieldstone Center,PO Box 69505,208,411 00,547-916-5043,3/18/2023,sdeguerre5r,10/20/2022,tgrimsdyke5r
83 Farmco Crossing,2nd Floor,209,,889-974-9714,3/14/2023,lbradfield5s,10/13/2022,dbeamand5s
77560 Sunfield Way,PO Box 11663,210,197738,314-601-9420,10/19/2022,jmaydwell5t,10/24/2022,vcarik5t
92364 Westerfield Point,Apt 733,211,,921-878-8309,1/27/2023,aesparza5u,7/30/2023,ggrahl5u
5 Sugar Hill,1st Floor,212,46202,317-617-5655,3/1/2023,vriseam5v,10/17/2022,gffoulkes5v
4 Erie Junction,Suite 94,213,,287-420-0074,3/27/2023,tphelps5w,6/24/2023,cgallant5w
487 Washington Road,Room 51,214,,663-146-4023,7/30/2023,lsimmon5x,9/19/2023,ccusted5x
2044 Erie Parkway,Apt 343,215,,287-274-1078,9/5/2023,adjokovic5y,1/13/2023,creuther5y
00069 Crowley Street,PO Box 26890,216,,427-271-5498,2/23/2023,sflaxon5z,6/21/2023,vhumble5z
7006 Comanche Park,Room 701,217,3130-199,554-849-9568,3/23/2023,lvears60,12/11/2022,fquinn60
1344 Independence Point,Room 1064,218,,287-584-0229,12/17/2022,kstebbings61,11/19/2022,gchicchetto61
3164 Rowland Trail,19th Floor,219,2360,274-538-6659,3/17/2023,rmessier62,10/14/2022,nwharrier62
0 Warrior Center,Suite 45,220,P12,213-146-5145,2/10/2023,cmorais63,2/7/2023,nbuckthorp63
3986 Shoshone Park,18th Floor,221,11403,641-831-9820,8/3/2023,mangier64,10/27/2022,gtempleman64
0 Surrey Plaza,PO Box 60029,222,,766-140-0794,7/2/2023,kwynn65,1/27/2023,damar65
663 Forster Hill,Room 191,223,,599-142-7034,5/28/2023,pguiton66,11/20/2022,itomet66
710 Bashford Parkway,Apt 1063,224,,793-256-9590,3/27/2023,cvanderspohr67,6/28/2023,frostron67
637 Thompson Terrace,Apt 871,225,,149-409-9623,1/12/2023,gdevote68,5/15/2023,fcufley68
7369 Holmberg Circle,Apt 93,226,,133-122-5561,7/23/2023,rpoolton69,1/9/2023,yjoust69
3163 Morrow Circle,PO Box 74060,227,22730,203-563-8004,5/1/2023,bkonert6a,6/22/2023,doller6a
08537 Lukken Junction,PO Box 89192,228,,793-365-5098,12/11/2022,pparkin6b,6/19/2023,semerton6b
8 Erie Pass,Room 1532,229,,596-631-8894,3/20/2023,egaskoin6c,8/2/2023,bbasnett6c
359 Grim Road,Apt 1442,230,,182-836-6018,5/14/2023,mdener6d,11/14/2022,idominighi6d
9 Carey Hill,Apt 1917,231,21109,899-203-1669,11/20/2022,bperree6e,5/6/2023,kdomico6e
3229 Pearson Lane,Apt 936,232,68430,321-761-5395,5/27/2023,aheaford6f,1/29/2023,njaouen6f
95 Bluejay Way,Apt 536,233,,840-222-9874,11/7/2022,bmcqueen6g,10/10/2022,lwooddisse6g
78079 Del Sol Drive,Suite 6,234,L-7634,736-868-0177,4/4/2023,rallderidge6h,5/1/2023,pworsfold6h
32124 Park Meadow Avenue,5th Floor,235,,498-189-2633,5/29/2023,etremoulet6i,4/9/2023,dstolle6i
3187 Toban Drive,Room 1605,236,17200,174-524-9966,2/8/2023,alipsett6j,7/3/2023,krosenau6j
61 Lillian Hill,Apt 983,237,85130,508-435-7666,4/23/2023,pblackboro6k,10/27/2022,eokenny6k
16 Park Meadow Park,Suite 70,238,,332-811-7210,10/31/2022,crobottham6l,12/4/2022,cahern6l
5 Heffernan Point,Room 1683,239,,191-321-4735,3/4/2023,cgrattage6m,12/31/2022,hmacard6m
84246 1st Court,Room 1716,240,,569-628-7863,11/26/2022,cdellcasa6n,5/9/2023,wrubery6n
5311 Maywood Hill,Suite 37,241,462800,357-916-9710,10/23/2022,rhunnicot6o,9/24/2023,mwithrop6o
07062 La Follette Plaza,Suite 44,242,,876-943-1535,8/30/2023,psnowding6p,4/25/2023,shuelin6p
9 Montana Street,Apt 1903,243,2645-024,748-301-2672,12/23/2022,foldacre6q,7/27/2023,oschultes6q
94674 Moulton Place,Room 1370,244,E8L,860-777-3872,11/11/2022,rcruddas6r,7/2/2023,ekun6r
6665 Jay Place,13th Floor,245,,873-166-6067,1/14/2023,tsaggs6s,3/3/2023,fmeriet6s
11 Loftsgordon Parkway,PO Box 14307,246,301382,608-447-6446,3/14/2023,rbeamson6t,4/18/2023,vmatthewson6t
1 Maple Wood Terrace,PO Box 48369,247,9913,877-987-5715,3/5/2023,mpaxton6u,3/5/2023,skaesmakers6u
468 Talmadge Park,Suite 94,248,10130,406-118-0608,12/15/2022,zsalway6v,4/19/2023,abasek6v
7894 Fulton Terrace,PO Box 53260,249,,888-630-7099,11/6/2022,jguess6w,3/12/2023,afigiovanni6w
1054 Vera Circle,Suite 57,250,19160-000,312-492-3903,11/16/2022,tsokale6x,4/14/2023,lgunston6x
50492 Toban Parkway,Room 1913,251,,270-694-9648,8/9/2023,dpattisson6y,2/11/2023,jtabor6y
7543 Waywood Crossing,PO Box 14297,252,624155,675-858-0465,8/26/2023,ckilfoyle6z,11/14/2022,mdudden6z
85706 School Street,Apt 906,253,1719,494-262-3889,1/15/2023,gayrton70,10/1/2023,wwhitcomb70
087 Warrior Avenue,PO Box 90529,254,,925-598-7341,5/17/2023,opotell71,6/13/2023,lwortley71
2 Westerfield Way,PO Box 77214,255,4650-127,234-868-5538,7/19/2023,fmorfett72,4/16/2023,vkohrsen72
24518 Green Ridge Parkway,PO Box 32903,256,,680-124-2943,3/3/2023,prutledge73,12/26/2022,wmackaig73
7 Atwood Parkway,Apt 1771,257,438 21,376-285-6733,5/29/2023,kheimes74,3/14/2023,pwoodus74
553 Carberry Park,PO Box 6975,258,8503,947-290-1480,10/30/2022,ucrutchley75,9/7/2023,hdooland75
51 Luster Road,Room 634,259,12305,518-332-5835,4/24/2023,lcecere76,6/24/2023,cgobat76
9 Old Shore Center,4th Floor,260,23-212,581-190-0913,2/22/2023,atatam77,2/26/2023,vhawkings77
892 Goodland Circle,Apt 1980,261,4403,791-117-0753,5/8/2023,tchalk78,10/11/2022,jedelheit78
213 Marcy Court,Apt 1119,262,739 25,625-737-1859,7/14/2023,xwolfendell79,12/1/2022,teastmond79
1 3rd Court,Apt 1897,263,,723-667-0149,2/5/2023,kwoodley7a,8/4/2023,ljelks7a
965 Waywood Street,Apt 990,264,,212-714-0979,11/13/2022,cwasbrough7b,4/16/2023,msaxelby7b
76 Eggendart Point,Apt 57,265,,920-432-9571,8/15/2023,fnono7c,7/12/2023,npettinger7c
9 Rieder Hill,Suite 36,266,,517-407-9223,9/26/2023,ablackaby7d,6/22/2023,ggirardet7d
4 Service Park,Room 1501,267,,142-226-0972,8/1/2023,srasell7e,11/5/2022,sallbut7e
0 Oneill Drive,Suite 20,268,75110,149-560-3783,11/23/2022,tmussard7f,11/29/2022,jtupie7f
1 Cambridge Center,Room 1852,269,,386-527-7781,4/12/2023,lduddin7g,5/5/2023,wgertz7g
7 Bunting Pass,10th Floor,270,55140,829-690-9085,10/12/2022,chyman7h,8/1/2023,ibeaushaw7h
55 Pankratz Street,Room 1565,271,D07,891-488-7232,5/6/2023,rraiker7i,11/13/2022,ofeeley7i
39 Bluejay Lane,PO Box 11833,272,,907-542-7503,8/26/2023,ecashen7j,9/25/2023,tpamphilon7j
1769 Susan Parkway,6th Floor,273,32505,850-441-4878,1/1/2023,mwitchalls7k,5/8/2023,lbrunet7k
73327 Glacier Hill Road,Suite 32,274,3374,937-995-1314,10/15/2022,bharnett7l,12/8/2022,causiello7l
46380 Melvin Road,Room 831,275,,329-636-8508,3/22/2023,kiczokvitz7m,1/20/2023,gfrancioli7m
61 Bluejay Lane,2nd Floor,276,,715-803-0388,6/27/2023,mmatthiesen7n,12/30/2022,fkewley7n
247 Colorado Avenue,Apt 640,277,,489-636-6951,12/1/2022,reingerfield7o,9/20/2023,mgrafham7o
70117 Stang Road,Room 1377,278,,496-530-1721,7/24/2023,atubbs7p,11/24/2022,wbeckitt7p
47870 Corben Road,Room 1508,279,,995-270-1711,9/11/2023,jlearie7q,3/6/2023,ldyke7q
80534 Londonderry Point,Room 1343,280,4580-313,383-750-6358,8/11/2023,bwhordley7r,3/22/2023,cmccane7r
7875 Lyons Trail,Room 1647,281,8031,338-365-7186,2/10/2023,nmooreed7s,7/16/2023,gclapp7s
62 Alpine Drive,4th Floor,282,,276-393-9176,11/23/2022,mismail7t,5/3/2023,hdorsey7t
30659 Doe Crossing Crossing,PO Box 12013,283,,884-863-9473,9/11/2023,scammell7u,5/10/2023,sswatheridge7u
04048 Calypso Avenue,Apt 1440,284,36-042,587-199-4186,9/1/2023,cacreman7v,9/16/2023,cfurneaux7v
63410 Quincy Avenue,Suite 32,285,,833-656-5497,8/1/2023,wcooch7w,1/2/2023,greskelly7w
6007 Eggendart Plaza,9th Floor,286,,383-504-7536,9/10/2023,amynett7x,11/10/2022,gsinney7x
959 Crescent Oaks Place,7th Floor,287,,670-818-7261,4/21/2023,jdensie7y,7/15/2023,zlartice7y
0 Luster Circle,PO Box 3674,288,646626,906-567-0673,12/24/2022,tdigiorgio7z,8/27/2023,bbeet7z
17 Nancy Circle,Room 252,289,,643-474-5247,3/12/2023,bchaimson80,6/13/2023,kleedal80
27312 Starling Junction,Suite 92,290,24048,540-718-5603,7/21/2023,dvarley81,11/14/2022,pmacgown81
8896 Bunting Terrace,PO Box 66997,291,5500,329-274-6561,2/13/2023,tcastagnasso82,7/1/2023,dkirsop82
769 Rowland Center,PO Box 97457,292,,729-998-4798,4/4/2023,mcrush83,10/3/2022,jboshard83
32297 Anniversary Junction,Room 342,293,,357-168-9045,4/10/2023,sagget84,11/1/2022,mheavyside84
10791 3rd Drive,PO Box 10748,294,34-472,695-625-4254,1/11/2023,ekeighly85,8/14/2023,hwannes85
7396 Havey Crossing,Suite 13,295,,432-448-5169,1/4/2023,ebeedell86,1/14/2023,tcannam86
12 Nancy Pass,Suite 48,296,,557-133-7662,1/5/2023,rscrimgeour87,5/4/2023,rhembrow87
33417 Dapin Park,Suite 64,297,,224-132-8826,2/6/2023,crees88,1/1/2023,esynke88
3876 Grasskamp Circle,Room 1564,298,,657-410-8902,6/21/2023,efontin89,4/23/2023,mgilmartin89
551 International Crossing,Room 1239,299,,241-345-2450,9/18/2023,amcgeechan8a,7/22/2023,afotitt8a
36226 Bluestem Drive,Room 1689,300,0247,458-729-8365,11/3/2022,dreinert8b,7/31/2023,nmurty8b
7512 Sunbrook Crossing,Room 1109,301,K1W,152-388-0216,1/7/2023,vziem8c,12/31/2022,ranstiss8c
211 Corscot Way,10th Floor,302,92214 CEDEX,946-872-6612,9/26/2023,wlashmore8d,1/24/2023,gcambell8d
2761 Summerview Hill,Suite 13,303,8115,475-904-3645,6/25/2023,jgilvary8e,12/30/2022,hpidgen8e
40 Clarendon Way,PO Box 71443,304,9009,913-325-1346,12/22/2022,granyell8f,12/17/2022,msagg8f
3385 Badeau Parkway,Room 971,305,6306,489-425-4925,8/22/2023,mlaurent8g,4/19/2023,ilambourne8g
95 Macpherson Plaza,Room 574,306,,318-611-4837,8/21/2023,wlisle8h,4/3/2023,hdales8h
3 Memorial Point,Room 1946,307,,149-455-8064,7/7/2023,wchadbourne8i,10/25/2022,bjanik8i
8 Dakota Road,Suite 78,308,357637,974-179-9055,12/22/2022,fgrotty8j,9/11/2023,afarran8j
39 Swallow Lane,9th Floor,309,,901-777-8110,7/6/2023,anoddle8k,8/13/2023,fgiovanetti8k
6962 Sutteridge Point,Suite 85,310,,923-269-6039,12/7/2022,mloffhead8l,6/13/2023,ccosin8l
0 Macpherson Point,Suite 23,311,,939-716-9337,12/10/2022,gtayler8m,9/8/2023,jtolworthie8m
7 Spenser Hill,17th Floor,312,,410-367-9094,12/30/2022,rkinnock8n,9/21/2023,ogiroldo8n
26 Lotheville Terrace,Suite 65,313,,618-654-3827,8/22/2023,dizac8o,10/19/2022,mregardsoe8o
268 Iowa Hill,12th Floor,314,,605-137-9825,5/2/2023,aohare8p,2/23/2023,dtemblett8p
43062 Northport Lane,8th Floor,315,181370,997-580-5525,2/10/2023,bpostlethwaite8q,6/27/2023,eocrigan8q
1 Rieder Pass,Apt 805,316,8134,727-751-3845,3/7/2023,dfleeman8r,2/19/2023,nmeikle8r
587 Hoepker Court,Apt 529,317,,170-828-6233,2/19/2023,lmoncreiffe8s,11/28/2022,gtwallin8s
0953 Cherokee Trail,Room 1029,318,,859-960-1865,3/19/2023,amcian8t,10/11/2022,ldwerryhouse8t
84 North Lane,Apt 1948,319,,429-497-7892,7/23/2023,clilburn8u,8/6/2023,smarcoolyn8u
42050 Corscot Lane,14th Floor,320,,559-917-6630,6/10/2023,mthomassen8v,12/29/2022,doshiel8v
1 Portage Road,Suite 94,321,,565-905-2037,8/19/2023,jpiele8w,12/23/2022,equipp8w
99660 Sachtjen Circle,Room 1222,322,2540-593,972-215-9744,6/25/2023,breeken8x,1/21/2023,mlemerchant8x
913 Dexter Park,Apt 1206,323,8322,440-605-9804,2/18/2023,ccolrein8y,10/19/2022,bjandourek8y
7 Division Court,Apt 263,324,H3C,837-573-3131,6/29/2023,cvynall8z,2/28/2023,arewcassell8z
838 Forster Way,Room 1094,325,,835-993-0710,2/14/2023,asellick90,1/9/2023,mfourman90
19125 Fisk Plaza,16th Floor,326,,503-609-4386,6/13/2023,bcomberbach91,10/12/2022,screebo91
431 Village Green Center,Room 167,327,329-1117,706-474-6823,12/9/2022,drens92,4/1/2023,nkrink92
873 Crest Line Junction,Room 406,328,19700-000,561-424-1341,12/9/2022,rcrank93,4/13/2023,amaunsell93
93211 Commercial Park,Apt 1617,329,9225,900-621-6393,10/18/2022,gtimbrell94,2/22/2023,lgabriely94
76 School Place,Room 54,330,632643,420-712-1281,12/2/2022,ahellmore95,5/23/2023,llockett95
116 Gina Place,19th Floor,331,43-178,835-205-6704,5/11/2023,astoven96,6/18/2023,bleach96
51 Westport Road,PO Box 16737,332,,561-178-7085,1/3/2023,vpinsent97,8/17/2023,ocaberas97
550 Mesta Pass,PO Box 22016,333,,366-378-4380,6/10/2023,fharling98,1/21/2023,tvannacci98
340 West Alley,Room 180,334,8424,435-788-1277,10/14/2022,lfardoe99,9/18/2023,wsam99
854 Duke Trail,Room 362,335,,420-222-7842,2/15/2023,khawney9a,9/19/2023,wanscombe9a
51461 Amoth Court,Apt 1877,336,,302-192-3850,4/26/2023,cadriani9b,5/5/2023,enelles9b
68 Knutson Junction,Apt 1361,337,,749-855-5831,12/31/2022,jmaccrosson9c,1/20/2023,peble9c
041 Spenser Junction,Room 1488,338,2870-632,553-737-9211,2/12/2023,cbilsford9d,9/5/2023,pwestern9d
56 Gateway Alley,Apt 483,339,04070,725-245-8518,4/29/2023,awrist9e,6/16/2023,mschleswigholstein9e
539 Bellgrove Alley,Suite 43,340,,224-987-2824,4/18/2023,kkeighley9f,8/20/2023,gcharlotte9f
49281 Declaration Trail,Room 1156,341,,966-565-3627,1/15/2023,aspick9g,12/15/2022,dcorcut9g
2 Killdeer Crossing,Room 1129,342,53009 CEDEX,128-791-8447,3/28/2023,wugo9h,1/14/2023,amoffet9h
341 Nancy Point,PO Box 84201,343,78950-000,845-417-7405,12/16/2022,ekynston9i,7/16/2023,glanmeid9i
69 Eagan Center,Apt 831,344,0280,936-873-3859,7/15/2023,clias9j,5/31/2023,fmidner9j
9190 3rd Alley,Suite 87,345,,867-446-7886,3/28/2023,mboeter9k,12/17/2022,eturban9k
97 Hagan Center,7th Floor,346,,919-757-5688,11/30/2022,zpendrid9l,7/29/2023,wpentland9l
4148 West Crossing,Room 239,347,87930 CEDEX 9,382-640-4859,10/25/2022,swebbe9m,12/6/2022,bhiddsley9m
2 Grim Terrace,3rd Floor,348,,519-865-1879,12/23/2022,fheinzler9n,12/8/2022,pbraney9n
66 Hermina Way,Suite 14,349,80004 CEDEX 1,236-349-0312,9/2/2023,brenzo9o,11/17/2022,jiacovucci9o
719 Sommers Terrace,Room 1831,350,,792-429-7584,8/20/2023,sstation9p,7/14/2023,mhandke9p
04 Forest Pass,Suite 97,351,45700-000,555-670-2197,12/28/2022,bbelcham9q,7/2/2023,eleggatt9q
76 Pierstorff Road,PO Box 47499,352,,952-597-3977,12/19/2022,tphillimore9r,7/19/2023,aparmeter9r
2 Homewood Park,Room 1104,353,,471-975-8815,6/3/2023,rriach9s,2/19/2023,gdabell9s
956 Huxley Way,11th Floor,354,,309-138-7542,6/29/2023,etarbatt9t,1/16/2023,mede9t
5924 Hazelcrest Junction,PO Box 63408,355,,966-179-7013,5/26/2023,sackerley9u,1/22/2023,cchilders9u
28 Oakridge Circle,Suite 74,356,39501,290-353-8136,7/20/2023,kdunthorn9v,2/16/2023,kyurygyn9v
31 Tennessee Hill,9th Floor,357,,180-570-8032,6/5/2023,pmaunsell9w,3/10/2023,gbierman9w
9 Weeping Birch Crossing,Suite 28,358,L7G,608-867-0895,12/13/2022,walentyev9x,10/8/2022,aloy9x
596 Lighthouse Bay Drive,Room 548,359,73028,693-206-8615,4/18/2023,clindbergh9y,10/20/2022,amound9y
0355 Bowman Junction,Apt 906,360,,906-341-9017,11/26/2022,ufranschini9z,4/5/2023,aseagar9z
286 Green Ridge Junction,Apt 656,361,,717-344-5647,10/12/2022,ndubbina0,4/1/2023,kloynsa0
66128 Nova Road,Apt 1769,362,97182 CEDEX,637-718-8488,12/31/2022,afourmana1,6/19/2023,hcunaha1
4 7th Trail,Suite 9,363,734 91,451-744-5076,1/10/2023,bollerearnshawa2,10/28/2022,wturevillea2
22382 Gulseth Place,9th Floor,364,117452,788-406-3651,4/13/2023,btaltona3,4/2/2023,fdoutcha3
43790 Eastlawn Place,Room 1852,365,,848-287-0989,10/4/2022,dlabbetta4,2/8/2023,ltregunnaha4
6 Packers Plaza,PO Box 76950,366,8411,104-928-6956,12/20/2022,bwestnagea5,2/9/2023,pjandela5
48022 Packers Hill,Room 772,367,,809-192-5471,6/5/2023,gdixceya6,5/30/2023,gmcilwraitha6
26 Bluestem Hill,17th Floor,368,307513,424-229-9947,8/28/2023,jvallisa7,6/17/2023,rjanouseka7
06609 Carioca Pass,Room 736,369,,371-942-9391,5/26/2023,sgraalmana8,10/20/2022,lcraufurda8
71 Spenser Terrace,PO Box 19928,370,19009,236-452-4952,2/10/2023,rivakhina9,4/30/2023,dvanderstraatena9
525 Pepper Wood Avenue,PO Box 71902,371,,988-329-4529,8/3/2023,reastopeaa,3/6/2023,msherynaa
0350 Hintze Junction,PO Box 44436,372,,122-186-8528,2/3/2023,ecalfeab,10/2/2022,dgristonab
95621 Pleasure Way,PO Box 41026,373,,775-558-9658,9/14/2023,fkippieac,7/22/2023,bdeveralac
218 Crescent Oaks Terrace,PO Box 43167,374,,191-467-3819,7/15/2023,jsudlowad,4/27/2023,bjeanneauad
29590 Blackbird Court,Suite 63,375,5050-401,549-593-3780,2/16/2023,chagertyae,7/5/2023,nhaugerae
74108 Huxley Terrace,PO Box 31370,376,M5G,127-344-5775,7/8/2023,bdippleaf,12/18/2022,jledleyaf
0 Fieldstone Point,14th Floor,377,233009,641-663-7275,9/4/2023,hdoeyag,12/14/2022,smickleboroughag
524 Clove Crossing,5th Floor,378,,773-897-3328,2/28/2023,nfullstoneah,7/13/2023,hmaffucciah
630 Kennedy Road,Apt 992,379,442-0889,832-836-2087,1/2/2023,tkittelai,5/19/2023,bgrimstonai
8970 8th Center,Suite 9,380,74-510,825-141-1771,8/4/2023,ggiannazziaj,4/25/2023,nhebneraj
2228 Talisman Circle,Room 722,381,89193,702-232-7681,6/19/2023,lbailesak,8/16/2023,htartak
76 Dunning Place,17th Floor,382,2860-278,571-518-9166,12/28/2022,gbeauchopal,1/26/2023,jlemanal
18 Thierer Point,Suite 32,383,6539,375-366-6880,2/10/2023,gbatcheloram,3/5/2023,abiancoam
582 Sommers Terrace,Room 1719,384,5806,774-542-0968,11/2/2022,pgoulderan,1/22/2023,scagean
403 Fieldstone Park,4th Floor,385,366002,212-975-7752,5/18/2023,nredgroveao,5/23/2023,ttutchellao
67 Longview Hill,PO Box 51724,386,4513,730-470-5259,5/1/2023,rmcmillianap,2/14/2023,mparffreyap
2 Golf View Alley,Suite 91,387,2436,968-114-4057,8/27/2023,cyurasovaq,9/29/2023,gfowleyaq
47128 Manufacturers Street,Suite 25,388,,757-339-1246,12/14/2022,tdugglebyar,7/11/2023,thargessar
392 Ludington Road,PO Box 39223,389,77020,795-377-7244,3/10/2023,dcolegateas,10/8/2022,djuppeas
458 Raven Road,15th Floor,390,,503-992-6976,3/21/2023,jbarentsat,11/12/2022,bhurdedgeat
1942 Hazelcrest Point,PO Box 5405,391,,583-992-5318,3/5/2023,zfaucettau,3/23/2023,lhenworthau
9 Atwood Circle,12th Floor,392,,141-832-6775,12/4/2022,bjorckeav,12/25/2022,dfulbrookav
98 Schlimgen Lane,10th Floor,393,,189-123-3618,7/28/2023,spengillyaw,5/26/2023,lsiddeleaw
03 Mallory Terrace,Apt 1047,394,284 92,887-766-4511,5/12/2023,pyouteadax,11/1/2022,tivashkovax
100 Sutteridge Pass,Suite 89,395,29201,846-654-9440,12/28/2022,lleyrroyday,1/27/2023,sespositoay
4279 Vernon Point,PO Box 98531,396,,950-171-3738,1/19/2023,mvanoortaz,11/14/2022,jcraisteraz
81 Eagle Crest Way,PO Box 1975,397,,151-485-0934,6/29/2023,vcullingfordb0,3/7/2023,cvalenteb0
10879 Park Meadow Terrace,Room 573,398,,397-185-3621,2/26/2023,pcoilsb1,5/20/2023,rtixallb1
12 Meadow Ridge Lane,6th Floor,399,87-811,592-592-7846,1/31/2023,brattryb2,12/24/2022,apehrssonb2
2015 Crescent Oaks Avenue,Room 1048,400,524528,303-205-1574,2/11/2023,wkytleyb3,3/23/2023,anathanb3
783 Fulton Crossing,Room 1426,401,,207-328-1025,4/7/2023,lforbesb4,4/9/2023,ejeenesb4
3214 Jackson Park,Room 469,402,,888-742-8978,8/24/2023,nquinnetteb5,11/17/2022,equigleyb5
83 Longview Court,19th Floor,403,,247-343-0954,6/8/2023,clanbertonib6,5/14/2023,acogganb6
0 Jenifer Place,Apt 807,404,,725-793-0581,10/27/2022,atravesb7,3/19/2023,boreillyb7
33957 Garrison Circle,Apt 1536,405,263 36,695-485-1061,7/21/2023,bbichenob8,10/1/2023,ldouchb8
89383 2nd Drive,PO Box 35139,406,48040,982-478-7661,2/21/2023,hhayleyb9,8/30/2023,lmaulinb9
11 Shopko Way,PO Box 81995,407,,459-940-8575,1/29/2023,ktrokeba,2/1/2023,ldanneba
5810 Burrows Court,Suite 65,408,41-407,542-382-9408,2/7/2023,bpybusbb,1/25/2023,hloadmanbb
5 Haas Crossing,8th Floor,409,,944-405-1759,6/8/2023,cjerroldbc,8/3/2023,mlightonbc
94249 Farragut Drive,Room 1751,410,3117,817-930-9954,8/13/2023,kbriknerbd,2/11/2023,jdundendalebd
13467 Corscot Road,Suite 79,411,4815-075,126-783-1862,3/21/2023,dgrinawaybe,3/13/2023,bleonardibe
9 Manitowish Pass,Room 989,412,,841-450-3972,5/9/2023,cphippenbf,10/9/2022,hseakesbf
20276 Golf View Center,Suite 39,413,,942-442-3736,6/27/2023,cbastickbg,4/9/2023,gashworthbg
511 Portage Junction,PO Box 57700,414,,427-227-1199,7/13/2023,clatheebh,7/8/2023,kpouldenbh
28565 Talisman Junction,Suite 7,415,,187-669-1760,4/6/2023,cmaplestonebi,3/18/2023,bflavellebi
500 Atwood Crossing,Suite 3,416,2840-466,803-510-7041,12/13/2022,cgoringbj,5/25/2023,acoultardbj
058 Mcbride Road,Room 510,417,10346,629-112-7581,11/28/2022,mgleetonbk,4/11/2023,scutcheebk
567 Center Park,Suite 4,418,637-0404,205-570-4748,11/4/2022,nkerwinbl,5/31/2023,ccubleybl
2 Kedzie Crossing,Room 358,419,13095 CEDEX 2,971-320-6809,6/22/2023,morpynebm,5/24/2023,scloutbm
70 Fulton Court,12th Floor,420,,691-220-5469,4/12/2023,ddoylandbn,7/13/2023,iluscottbn
746 Jay Way,Apt 1631,421,,546-449-6313,4/7/2023,lplessingbo,3/25/2023,ghitschkebo
7 Sunbrook Place,Suite 72,422,4201,445-851-2809,9/21/2023,ecromleholmebp,10/11/2022,cbarteletbp
2253 Hagan Park,Apt 690,423,131077,690-647-3544,6/10/2023,adaycebq,9/12/2023,olarmorbq
75 Crowley Drive,10th Floor,424,2390,109-882-7587,5/24/2023,fdymockebr,9/3/2023,mobbardbr
4673 Corry Junction,9th Floor,425,9337,406-112-2097,11/20/2022,klubeckbs,5/7/2023,jguitebs
8029 Eliot Terrace,Apt 1652,426,,551-897-3894,5/31/2023,jelingtonbt,1/9/2023,agillottbt
6 Brentwood Circle,2nd Floor,427,7398,564-923-6716,2/7/2023,cfossordbu,1/2/2023,icroizierbu
22901 Nova Pass,Apt 885,428,39100,708-580-3859,10/7/2022,colliffebv,5/6/2023,gstebbingsbv
491 Shoshone Street,Apt 551,429,,262-505-4907,4/27/2023,dworstallbw,7/26/2023,ssoppittbw
76305 Eliot Terrace,1st Floor,430,,469-557-1164,9/7/2023,ldmitrievskibx,6/28/2023,pdalgetybx
807 Charing Cross Parkway,Apt 814,431,,900-714-4042,8/16/2023,ddymottby,11/25/2022,cbaumaierby
66743 Clemons Terrace,Room 630,432,,555-674-8213,1/9/2023,miacopettibz,1/4/2023,cgrissettbz
34625 Scoville Circle,Suite 30,433,58122,701-363-9901,1/27/2023,ktelegac0,5/22/2023,grountreec0
9906 Hayes Hill,1st Floor,434,,522-837-1480,9/17/2023,cdeesonc1,3/10/2023,sspontonc1
0642 Northwestern Road,PO Box 60830,435,L-5659,329-413-1588,1/21/2023,cgallearc2,2/17/2023,glabdenc2
72 Prentice Trail,Suite 77,436,,432-978-8821,6/19/2023,jsatec3,3/27/2023,rfilyukovc3
1 Hoepker Center,Apt 56,437,18720-000,389-737-6483,12/15/2022,llightwoodc4,2/4/2023,mmuldowneyc4
87544 Larry Court,12th Floor,438,,668-528-2949,6/8/2023,elodwickc5,11/25/2022,cblaszczakc5
70333 Oakridge Terrace,Suite 72,439,,673-274-7224,8/13/2023,jgarmc6,5/6/2023,wmorinc6
7588 Milwaukee Street,1st Floor,440,,785-230-2803,7/2/2023,rkamanc7,7/4/2023,gmillardc7
510 Roth Place,Room 1140,441,5412,407-423-1082,8/25/2023,nsimonardc8,1/25/2023,lshouldersc8
40 Dwight Plaza,Room 1226,442,8701,303-220-1221,3/14/2023,eduthyc9,10/28/2022,cbirtchnellc9
4 Brown Crossing,Room 999,443,298-0025,178-278-4341,7/5/2023,lfeanderca,12/31/2022,eclewettca
3313 6th Crossing,PO Box 77120,444,,619-277-7713,7/25/2023,bcasboncb,4/23/2023,ltuckcb
4 Birchwood Point,Room 807,445,4755-211,837-929-9665,1/15/2023,plebellcc,6/5/2023,wedmondsoncc
4117 Manufacturers Trail,Room 741,446,,830-352-6094,12/1/2022,lessbergercd,12/25/2022,kwayecd
7 Annamark Parkway,Suite 82,447,355 92,116-578-5781,2/25/2023,dglynece,3/14/2023,cmckirdyce
555 Pawling Court,Apt 1830,448,60110,631-176-8512,1/21/2023,mcollopcf,2/18/2023,dfriedenbachcf
24 Cody Lane,PO Box 89941,449,93285 CEDEX,579-841-9836,9/22/2023,dkitteringhamcg,11/24/2022,lclemenconcg
8 Northwestern Terrace,Apt 1820,450,,998-774-8466,8/12/2023,ejedrychch,6/3/2023,ydmitrovicch
37279 Division Plaza,Apt 259,451,,910-332-5067,10/13/2022,scortinci,7/17/2023,jleftlyci
3 Armistice Court,Apt 950,452,12022,504-217-8559,4/18/2023,wbaldockcj,10/9/2022,rlinscottcj
5091 Hooker Court,PO Box 89015,453,353318,144-581-4549,9/1/2023,bwhitesonck,11/4/2022,lswannickck
9284 Anniversary Drive,18th Floor,454,,766-129-8995,9/19/2023,clotoncl,9/30/2023,rfoyecl
68 Dixon Parkway,Room 982,455,2675,174-966-4903,9/5/2023,aanthonycm,6/16/2023,scuppittcm
89220 Browning Circle,PO Box 64706,456,3094,300-642-2782,3/21/2023,pkahlercn,5/7/2023,lbutcn
24 Anthes Plaza,Apt 803,457,3720-085,952-379-8239,4/6/2023,kthurlowco,7/18/2023,gghioneco
46 David Lane,20th Floor,458,86020 CEDEX,973-216-1465,3/13/2023,arochellecp,2/5/2023,vhubnercp
359 Bluestem Point,Apt 716,459,,971-250-8939,12/27/2022,kgoscarcq,9/4/2023,rglassupcq
04840 Bunting Center,Suite 27,460,11305,865-123-2085,6/8/2023,adragecr,1/18/2023,jrableaucr
0 Burrows Point,PO Box 72629,461,2035,972-198-1152,6/4/2023,ecohalancs,2/4/2023,amourantcs
69644 Rigney Drive,Apt 1530,462,,504-575-3526,4/3/2023,cdrydalect,8/17/2023,mdowningct
084 Stang Road,Room 618,463,18520-000,107-736-8543,2/6/2023,csterlandcu,2/20/2023,lalldaycu
89 Maple Wood Plaza,Apt 412,464,06850-000,398-566-3033,4/28/2023,fhellercv,1/20/2023,gvoycecv
089 Mockingbird Place,Room 784,465,,424-517-2403,5/24/2023,aiwanowskicw,9/24/2023,istanneycw
3005 Blackbird Lane,Room 409,466,,585-361-3104,4/3/2023,mnetleycx,8/18/2023,kkayzercx
08095 Londonderry Trail,Apt 1682,467,,855-515-6711,1/15/2023,cwaddilovecy,4/22/2023,dhaxellcy
6 Elmside Avenue,Room 403,468,899-1741,269-630-3892,3/16/2023,mkiendlcz,10/13/2022,dvonasekcz
6 Armistice Junction,PO Box 34978,469,,187-480-8513,11/29/2022,aberkeleyd0,3/11/2023,gtaigd0
98 Kingsford Lane,PO Box 45228,470,96925,410-407-9373,7/28/2023,djozwiakd1,9/19/2023,hcansdaled1
303 Montana Drive,Apt 81,471,,429-394-5856,6/23/2023,msoamed2,6/30/2023,naldind2
611 Bartelt Way,PO Box 55296,472,,649-347-0199,2/26/2023,dsimenetd3,1/20/2023,egreedingd3
69904 Green Park,Apt 104,473,,255-796-3925,2/6/2023,kkovalskid4,1/21/2023,mrudolferd4
0 Northwestern Point,6th Floor,474,593 01,276-842-5842,7/2/2023,dkruschevd5,11/12/2022,adahlgrend5
5636 Heath Crossing,12th Floor,475,102 27,455-459-1996,5/2/2023,ravrahamoffd6,11/24/2022,uwhetlandd6
16 Erie Place,Suite 15,476,,282-906-2751,4/28/2023,modroughtd7,8/3/2023,jcroalld7
6 Lawn Parkway,PO Box 89737,477,,994-982-4936,1/11/2023,caxed8,6/29/2023,rtrapped8
24 Atwood Center,Suite 24,478,,491-669-1645,7/21/2023,jhaskelld9,3/17/2023,ckluged9
40 Crownhardt Pass,Apt 152,479,88827,824-780-3488,9/8/2023,eissitda,6/28/2023,vmacdiarmidda
4 Lotheville Alley,Apt 1878,480,,351-541-5585,11/6/2022,thastwalldb,10/31/2022,thumblestonedb
17 Leroy Pass,Apt 1373,481,3210,494-587-4313,1/4/2023,gmildmottdc,5/15/2023,csheehandc
42587 Merchant Avenue,PO Box 38201,482,,725-905-7517,11/17/2022,apoveleyedd,11/24/2022,echampleydd
61 Thierer Way,PO Box 33644,483,55150-000,888-188-3674,5/28/2023,ryatmande,1/30/2023,maxtonde
95 Warrior Way,18th Floor,484,,292-216-0596,5/31/2023,mnattrassdf,6/3/2023,sfedorskidf
1 Harper Lane,Apt 509,485,,825-822-7281,12/19/2022,lbertouloumedg,4/26/2023,dkapelhofdg
84 Bunker Hill Hill,Room 1972,486,,803-761-5321,7/31/2023,bshevlindh,12/9/2022,edurdydh
263 Sage Avenue,PO Box 14595,487,90726,361-736-2973,2/10/2023,scoolahandi,10/15/2022,alockerydi
160 Jenna Junction,PO Box 46643,488,,717-923-3168,11/23/2022,bblazdelldj,12/24/2022,mbessantdj
29 Vahlen Hill,Room 667,489,,644-298-2812,10/4/2022,hdemitrisdk,1/30/2023,sdechastelaindk
14723 Stang Center,Room 170,490,43610,419-584-8187,11/11/2022,tabaddl,4/15/2023,cverginedl
41 Manufacturers Place,PO Box 26585,491,,792-863-4989,8/4/2023,tstachinidm,12/12/2022,fsousadm
28208 Bellgrove Street,PO Box 29391,492,266 91,441-883-4976,8/31/2023,eyvedn,7/20/2023,dcastagnetdn
37 Dovetail Court,Apt 437,493,,795-359-0546,5/12/2023,cblissittdo,6/7/2023,apaggittdo
62958 Debra Avenue,9th Floor,494,,517-804-0301,10/14/2022,ascudamoredp,3/12/2023,bmingassondp
94160 Colorado Junction,PO Box 31989,495,,247-744-4783,1/17/2023,lpedicandq,11/28/2022,bohoolahandq
8686 Arkansas Pass,PO Box 72873,496,216646,773-111-7740,10/14/2022,walsforddr,8/30/2023,ajewsterdr
75 Menomonie Street,Room 1772,497,,595-246-9970,5/18/2023,jboydellds,1/17/2023,tartingstallds
5401 Bultman Parkway,Suite 95,498,4821,582-715-0037,11/2/2022,jmcrilldt,11/25/2022,rcryerdt
75751 Mallory Point,6th Floor,499,,732-161-4079,3/18/2023,lbartolomuccidu,10/21/2022,rgooleydu
1 American Parkway,11th Floor,500,,886-659-5913,1/24/2023,dbranchetdv,4/12/2023,cwatkinsondv
24 Messerschmidt Way,Apt 171,501,3313,269-355-7372,4/19/2023,leelesdw,12/10/2022,bceyssendw
02702 Schurz Lane,Apt 157,502,123 47,346-354-1168,5/18/2023,dgoundsydx,4/8/2023,tcastlakedx
35974 Golf Lane,Room 1406,503,7040-704,368-319-5316,2/15/2023,dcollesdy,10/9/2022,mtewkesberrydy
9655 Twin Pines Center,Room 549,504,,341-739-3729,11/7/2022,bmedlanddz,3/11/2023,cforthdz
61 Walton Junction,Room 1865,505,756 49,177-709-3798,1/13/2023,dshernocke0,5/30/2023,gjudkinse0
63 Monterey Park,Apt 1292,506,,559-797-8706,5/17/2023,rfrusharde1,7/6/2023,seydele1
7346 Ramsey Plaza,PO Box 51902,507,11010,456-202-7594,10/12/2022,aibane2,7/14/2023,odanielye2
749 Roxbury Junction,13th Floor,508,361405,253-309-6208,12/20/2022,swillbonde3,1/4/2023,aparmetere3
9 Waywood Way,14th Floor,509,,949-686-6487,11/29/2022,swarrene4,1/30/2023,bghirigorie4
628 Northport Crossing,Suite 33,510,423440,297-763-4717,12/13/2022,awordleye5,2/25/2023,npulhame5
30220 Everett Road,PO Box 22678,511,,262-620-5436,3/24/2023,dcroppere6,10/20/2022,bcreddone6
5 Commercial Plaza,Room 951,512,,882-626-4525,12/6/2022,llangcastere7,1/10/2023,kgravenere7
5228 Blackbird Lane,PO Box 44583,513,,605-936-0137,6/20/2023,msempere8,8/26/2023,weisake8
558 Hallows Avenue,Room 856,514,2423,624-739-7712,8/2/2023,tnovellie9,4/8/2023,tmerrye9
58919 Burrows Hill,Room 319,515,8505,711-254-9850,3/12/2023,kchessunea,11/3/2022,jsacherea
8 Corry Way,Apt 931,516,5103,595-891-2728,1/2/2023,crudloffeb,8/27/2023,ecarseeb
778 Mendota Hill,Apt 1836,517,5518,428-370-6212,4/26/2023,rjeramec,12/21/2022,wballamec
38 Raven Hill,Suite 81,518,15007,849-724-6563,3/19/2023,xcrosettoed,1/12/2023,ggreveed
7 Ohio Terrace,Suite 86,519,6820,415-911-3704,5/16/2023,struderee,6/18/2023,rclausee
45 Russell Drive,Suite 49,520,63-720,527-911-2769,2/2/2023,lbottrellef,4/10/2023,cburrellsef
83 Mesta Place,Room 1549,521,11806,141-212-4153,9/18/2023,bdebenhameg,6/28/2023,dneliganeg
2 Twin Pines Terrace,Suite 58,522,94434 CEDEX,233-865-6512,9/25/2023,jewereh,3/13/2023,lhammelleh
35 Evergreen Alley,PO Box 39421,523,521028,511-614-3407,5/23/2023,lrodolpheei,7/22/2023,smeadowsei
9433 Harbort Street,PO Box 36053,524,48430-000,466-633-7344,6/22/2023,lworcsej,11/10/2022,ariddioughej
20 Walton Trail,4th Floor,525,152000,294-382-1337,7/30/2023,fwinmillek,12/29/2022,rpetherek
00 Spohn Parkway,PO Box 78552,526,,301-438-9611,8/28/2023,dfilanel,10/30/2022,jshipperbottomel
26 Bluestem Circle,Room 756,527,,338-659-0906,7/31/2023,twillemanem,12/2/2022,kmaccolganem
467 Kinsman Center,Suite 56,528,34-382,900-935-5944,9/13/2023,ccaenen,12/10/2022,jhuggonen
20553 Schlimgen Circle,8th Floor,529,46-220,399-427-1091,1/31/2023,mvanshineo,8/6/2023,ccopoeo
0627 Ohio Court,Suite 18,530,,919-362-8742,12/13/2022,mbriggsep,6/6/2023,pharrissep
4 Beilfuss Terrace,Apt 422,531,,722-786-3062,1/13/2023,solpineq,6/17/2023,aaldcorneeq
586 New Castle Parkway,7th Floor,532,,565-602-1702,10/23/2022,frotheraer,1/1/2023,cpuncher
71419 Nobel Parkway,Suite 26,533,,368-265-3868,5/6/2023,nkrzyzaniakes,5/17/2023,alayfieldes
8391 Jenifer Point,PO Box 24259,534,15500-000,663-350-0381,11/19/2022,blahiveet,10/23/2022,kemlinet
24828 Goodland Avenue,PO Box 75902,535,,420-958-0276,10/9/2022,gthrowereu,7/30/2023,mmigheleeu
8 Grayhawk Hill,Suite 50,536,,301-280-2327,11/17/2022,afeenanev,5/23/2023,chablotev
38 Spenser Way,PO Box 81557,537,,562-578-1716,4/24/2023,lmckeonew,9/15/2023,mreubleew
28 Bobwhite Avenue,Suite 79,538,55000,347-347-7265,10/11/2022,shirschmannex,10/8/2022,raddeyex
9583 Mendota Way,Apt 1401,539,,288-497-8578,2/17/2023,rkingswelley,7/6/2023,bpertey
61 Ilene Alley,PO Box 69707,540,,862-136-1729,10/3/2022,jharsentez,12/1/2022,hboddez
33 4th Street,Apt 1813,541,37-127,645-687-9827,3/18/2023,kwerndlyf0,8/8/2023,lcommuccif0
009 Lawn Parkway,PO Box 25647,542,8326,830-221-4470,7/11/2023,vberriganf1,3/31/2023,kcheesworthf1
75 Arkansas Drive,Room 1160,543,79170-000,316-106-0703,8/18/2023,teustonf2,11/27/2022,wketchf2
63 Manufacturers Lane,Apt 1388,544,781-3223,840-161-2623,5/30/2023,cesomf3,4/1/2023,mbluschkef3
8383 Warrior Hill,PO Box 63288,545,,719-521-6533,7/31/2023,taeryf4,5/11/2023,fadamovitzf4
91 Shoshone Center,Suite 43,546,,163-299-4770,5/6/2023,bgrzesiakf5,7/27/2023,kdupref5
60 Dennis Lane,8th Floor,547,47139,174-485-2501,10/26/2022,mleasf6,3/4/2023,tollerf6
28536 Cody Place,Apt 123,548,,250-711-6496,7/14/2023,mcuninghamf7,7/20/2023,jgilmourf7
247 Hanson Drive,Suite 83,549,162399,359-389-7486,1/8/2023,fpriddisf8,7/7/2023,dbedfordf8
51846 Lindbergh Drive,Room 1734,550,,727-840-2069,1/3/2023,gkitsonf9,9/21/2023,lipsgravef9
1 Summit Way,PO Box 733,551,,545-712-2204,2/1/2023,mellickfa,1/20/2023,mribbensfa
70 Mayer Crossing,Apt 138,552,6202,128-545-7290,3/15/2023,dedisonfb,7/12/2023,cbignalfb
1914 Blue Bill Park Crossing,18th Floor,553,14019,821-768-0133,11/6/2022,gglencorsefc,11/2/2022,uchadwellfc
0 Aberg Court,Room 5,554,44460-000,184-711-6191,11/19/2022,ccoutthartfd,10/30/2022,chawardfd
8 Fordem Hill,PO Box 50060,555,,982-333-0050,10/15/2022,kbrindedfe,9/21/2023,smccathiefe
50 Talisman Avenue,Room 1426,556,58388-000,564-711-3873,8/21/2023,tgregerff,12/15/2022,aletchmoreff
776 Eagan Road,Suite 89,557,,288-935-6760,5/22/2023,agreesonfg,7/10/2023,ydewdneyfg
337 Dorton Road,Room 1046,558,8424,676-730-7671,9/29/2023,gpeacopfh,9/11/2023,sfabbrifh
1978 Judy Point,Apt 152,559,39970-000,174-278-9787,5/9/2023,gmccoshfi,3/2/2023,mproswellfi
8919 Hagan Way,17th Floor,560,,860-925-0964,4/23/2023,cgassonfj,6/16/2023,wyakebowitchfj
115 Westerfield Circle,PO Box 37060,561,347686,848-344-4463,11/8/2022,bcoulsenfk,6/26/2023,cskehensfk
84 Judy Point,Suite 57,562,38800-000,343-989-8422,6/13/2023,fmcquarterfl,6/11/2023,cpaeckmeyerfl
15691 Mallory Court,Suite 32,563,,337-825-9224,5/16/2023,winchfm,7/16/2023,rbawdenfm
006 Cambridge Parkway,Apt 1543,564,,633-430-5263,3/18/2023,cwestwoodfn,1/14/2023,ccardonfn
95 Arrowood Drive,Room 1788,565,,796-587-5025,9/16/2023,gbiertonfo,10/23/2022,imcgoniglefo
5136 Esch Trail,PO Box 9205,566,33811,863-105-9742,10/2/2022,unurdenfp,6/17/2023,lrosenblattfp
65491 Hayes Lane,14th Floor,567,7416,124-412-3799,10/16/2022,eminichifq,6/11/2023,schildesfq
4330 Barby Hill,PO Box 19561,568,,736-147-6424,5/19/2023,kcisecfr,9/13/2023,cbringloefr
4 Service Plaza,Room 1107,569,,827-316-2779,12/2/2022,mcozbyfs,5/14/2023,cwaldronfs
3030 1st Plaza,Suite 53,570,,444-637-1831,6/27/2023,ddobbinsft,1/30/2023,ipaolift
28 Chive Hill,Suite 68,571,,604-442-7493,9/24/2023,mkynclfu,10/18/2022,tdoyleyfu
89601 Green Ridge Crossing,Apt 1787,572,18190-000,821-914-1414,12/10/2022,dsimanenkofv,1/30/2023,cjesticofv
6016 Ronald Regan Trail,Apt 1242,573,663716,318-804-8762,3/31/2023,bsedgefieldfw,2/15/2023,esimonatofw
5167 Harbort Park,Room 783,574,,220-669-1555,11/5/2022,bpinnigerfx,7/12/2023,jdaymontfx
995 Center Place,PO Box 38418,575,9224,165-267-1383,11/25/2022,jbagguleyfy,7/20/2023,aparsallfy
82199 Montana Point,Suite 47,576,91009 CEDEX,349-981-2052,8/11/2023,icopnerfz,6/16/2023,alocardfz
6508 Eliot Circle,Apt 982,577,,126-531-8283,12/31/2022,ibelitzg0,7/24/2023,froozeg0
70 Rusk Court,Room 258,578,187557,713-845-6680,6/8/2023,tsouthouseg1,5/1/2023,kstockneyg1
9554 Muir Trail,Apt 484,579,,853-711-4421,6/20/2023,pquinceyg2,5/11/2023,fpurselowg2
16 Lillian Pass,13th Floor,580,,767-448-7451,4/23/2023,eruddockg3,4/3/2023,bgatemang3
09764 Pankratz Avenue,Room 27,581,35895,256-146-4657,4/22/2023,kglantzg4,2/5/2023,craftg4
343 Ronald Regan Way,Room 1594,582,,587-960-8593,2/24/2023,mguilleg5,3/23/2023,mrobiotg5
172 Ludington Drive,Suite 98,583,,159-512-3484,3/21/2023,fbrosterg6,2/25/2023,aboheyg6
639 Charing Cross Place,Apt 1875,584,,776-801-1587,9/6/2023,vmilnerg7,10/12/2022,fbonifaceg7
73503 Hauk Trail,PO Box 16508,585,,245-537-4555,10/23/2022,maisthorpeg8,2/22/2023,ygreyg8
9 Clarendon Alley,Apt 514,586,,762-375-1818,4/20/2023,xfleggg9,6/24/2023,ejenseng9
6285 Transport Crossing,Suite 43,587,11803,847-620-4648,9/23/2023,lattwoollga,4/11/2023,enaisbetga
61887 Killdeer Junction,19th Floor,588,K2R,308-361-9212,8/30/2023,showtongb,3/30/2023,caultgb
2383 Union Street,PO Box 23042,589,,764-378-0416,7/23/2023,awhitcombegc,7/14/2023,echidleygc
18454 Express Court,PO Box 33345,590,,375-907-8141,9/29/2023,droglierogd,12/6/2022,legginsgd
2843 Paget Pass,1st Floor,591,,936-586-5439,12/1/2022,rcurryerge,1/8/2023,mscothornge
0 Cherokee Trail,Room 1606,592,68380-000,892-403-4858,3/25/2023,agokesgf,5/18/2023,cdunsmoregf
934 Ludington Court,PO Box 51599,593,,822-878-3125,1/28/2023,emclemongg,6/16/2023,rmeniergg
343 Dunning Lane,Room 1671,594,,354-942-7102,5/13/2023,bivimeygh,12/21/2022,rlindwassergh
1 Debra Road,PO Box 533,595,,356-829-4896,3/18/2023,mbrugsmagi,12/19/2022,ggehrtzgi
238 Leroy Junction,Suite 100,596,67024 CEDEX 1,714-378-4206,2/27/2023,smccrostiegj,4/3/2023,dcockroftgj
001 Bellgrove Hill,PO Box 1587,597,614524,582-763-6736,7/9/2023,jpenkgk,10/2/2022,ddwightgk
33655 Eastlawn Park,Room 1779,598,37-754,866-285-8414,12/1/2022,ttheuffgl,8/8/2023,cplomgl
42 Hazelcrest Circle,PO Box 48561,599,,312-172-9645,4/22/2023,wlhommegm,3/29/2023,dtinghillgm
445 Anniversary Circle,Suite 38,600,,156-931-2388,3/21/2023,ejudengn,9/21/2023,mdankgn
50 Calypso Way,Apt 1576,601,659642,224-924-9614,1/8/2023,jossennago,11/6/2022,kpovergo
27 Walton Way,Apt 1477,602,452040,903-153-1730,4/21/2023,dterrygp,10/14/2022,ndittgp
685 Straubel Drive,Suite 63,603,,452-209-4291,10/2/2022,zdimitrovgq,9/19/2023,gkiddeygq
81162 Pearson Center,PO Box 80644,604,230559,136-219-6910,2/6/2023,podonegangr,1/15/2023,dsprasengr
42 Bowman Terrace,PO Box 81812,605,,118-281-6272,9/19/2023,mbywatersgs,10/30/2022,mstablesgs
59237 Toban Park,11th Floor,606,85201,591-220-2569,9/27/2023,tgregoriogt,5/14/2023,helegoodgt
35532 Rockefeller Trail,Room 870,607,,550-272-6406,4/2/2023,mrennardgu,11/3/2022,wsestongu
41265 Cambridge Road,Apt 1399,608,1214,295-476-9711,2/23/2023,sswindlesgv,2/28/2023,rcostellogv
28 Claremont Lane,Apt 1729,609,,358-333-5108,4/11/2023,edungaygw,4/22/2023,lwetherillgw
5 Oneill Hill,Suite 42,610,675-0068,352-825-7073,11/24/2022,jwhitewaygx,6/12/2023,sgallaghergx
6 Swallow Hill,PO Box 55900,611,2334,374-919-7983,12/15/2022,jlogsdailgy,5/16/2023,mmcdonnellgy
88 Gale Park,6th Floor,612,,983-482-0774,10/5/2022,cbothramgz,1/3/2023,fboalgz
0 Sherman Crossing,Suite 52,613,,897-867-2956,1/23/2023,nvailh0,6/18/2023,cglasbyh0
3 John Wall Hill,Apt 1447,614,626125,512-891-2692,5/18/2023,dellphh1,11/30/2022,saccombh1
153 Butterfield Circle,PO Box 87834,615,,538-633-6530,8/11/2023,cgarnetth2,3/26/2023,jgonningh2
282 Westerfield Plaza,4th Floor,616,,263-980-4451,12/5/2022,rklash3,5/14/2023,sbedboroh3
89871 Cambridge Street,Room 378,617,14870-000,156-678-4113,3/25/2023,sheaneyh4,11/13/2022,jsakinsh4
858 Hollow Ridge Terrace,18th Floor,618,,260-318-9410,3/11/2023,kgreedyerh5,6/9/2023,bhamph5
02 Bashford Lane,Suite 86,619,,548-954-0009,8/10/2023,jabramoviczh6,11/16/2022,btwintermanh6
8792 Michigan Avenue,Suite 34,620,,722-167-3312,1/4/2023,agossh7,1/22/2023,nmathewesh7
191 Johnson Way,PO Box 61352,621,3505,415-860-1329,9/11/2023,jcummingsh8,11/13/2022,asneesbyh8
019 South Hill,Room 1257,622,,275-287-3921,1/19/2023,imarringtonh9,1/22/2023,tsemeradovah9
08 Havey Crossing,Apt 112,623,,215-631-7096,8/17/2023,gcultchethha,11/22/2022,eiianonha
39122 Riverside Parkway,Room 585,624,463-0015,279-190-7129,2/16/2023,rhumbyhb,9/17/2023,pcockshutthb
44 Magdeline Plaza,PO Box 27410,625,4570-013,841-598-3738,3/31/2023,tjozaitishc,8/31/2023,fbelfithc
5196 Lawn Alley,Suite 56,626,,386-590-8091,7/20/2023,styronehd,8/2/2023,cmerckhd
96 Elgar Plaza,Apt 214,627,1637,700-315-4781,9/30/2023,gstorrehe,4/2/2023,rdaelhe
79 Eastwood Alley,Suite 85,628,,699-755-1372,2/3/2023,isollomhf,1/6/2023,cstephenhf
883 Pine View Avenue,Apt 622,629,27455,910-710-4691,5/21/2023,mkittmanhg,8/13/2023,dbroaderhg
0075 Red Cloud Alley,Apt 1496,630,2785-505,924-367-1851,5/4/2023,rlivingshh,6/7/2023,ccroninhh
7 Texas Crossing,Suite 9,631,,993-449-5250,8/11/2023,tcrannhi,2/4/2023,deastmanhi
586 Dapin Alley,Suite 17,632,6340,872-336-0785,7/9/2023,cdarrigonehj,2/2/2023,jkubackihj
7441 Mallory Place,Suite 94,633,,133-425-9485,5/8/2023,ecallowhk,6/1/2023,mkarolyhk
09 Swallow Point,Apt 560,634,84019 CEDEX 1,930-543-6854,11/25/2022,ahulkhl,7/29/2023,kwitchhl
65 Washington Place,Apt 282,635,98104,253-231-2031,9/13/2023,bsalerghm,4/9/2023,skittoehm
87617 Barby Plaza,Room 351,636,357560,465-967-3938,11/19/2022,sboighn,9/25/2023,zmcphailhn
244 Maple Wood Lane,Room 572,637,,372-283-7295,10/31/2022,gmeneghiho,11/26/2022,cgravieho
4849 Kedzie Crossing,Apt 1610,638,,899-730-1638,8/2/2023,taizkovitchhp,9/6/2023,hhylandhp
20 Northport Place,Room 492,639,6127,835-304-6894,5/31/2023,wwarnhq,10/22/2022,tnoycehq
8 Scofield Junction,18th Floor,640,,138-908-7744,12/26/2022,fberenshr,8/1/2023,kexeterhr
7 Westend Point,Room 135,641,,248-208-8260,4/22/2023,lmarcamhs,1/1/2023,dfahertyhs
6 Sunbrook Drive,Suite 91,642,,628-381-1729,2/7/2023,dvawtonht,1/31/2023,mwellsmanht
5 Division Junction,PO Box 64496,643,242 94,908-928-5358,1/10/2023,esteepleshu,10/23/2022,lcomettoihu
0 Lindbergh Court,Apt 1988,644,,938-707-2258,6/16/2023,gbellyhv,6/19/2023,zweavershv
715 Pierstorff Hill,Suite 58,645,17017,210-931-0780,12/2/2022,rdurmanhw,5/21/2023,jwildenhw
078 New Castle Pass,15th Floor,646,,187-792-3559,8/25/2023,pcarinehx,1/14/2023,prootehx
76090 Sage Court,Apt 1186,647,,789-281-0081,1/8/2023,sandrellihy,7/30/2023,tshrubshallhy
67 Maple Avenue,PO Box 71582,648,34981,772-848-0081,8/8/2023,vsansamhz,2/7/2023,wletthz
01 Bobwhite Park,PO Box 23736,649,,900-437-8953,12/16/2022,eboaleri0,10/5/2022,nhorryi0
14905 Commercial Place,Apt 1306,650,,301-535-7467,5/21/2023,cbowgeni1,3/10/2023,pcapnerhursti1
1268 Kipling Terrace,PO Box 59531,651,BS37,307-896-2074,11/7/2022,tguidoi2,12/29/2022,erawdalesi2
953 Caliangt Crossing,17th Floor,652,97600,585-441-5368,4/26/2023,docrowleyi3,3/25/2023,bsaggi3
610 North Trail,PO Box 92782,653,,687-391-2439,1/29/2023,ftailei4,11/16/2022,lherculesi4
04148 Independence Point,Apt 235,654,0323,480-912-8760,9/12/2023,hheavysidei5,9/6/2023,jmauni5
5 Saint Paul Avenue,Suite 16,655,,187-855-6184,9/23/2023,ldawsoni6,3/7/2023,mspaduzzai6
76070 Crescent Oaks Way,Apt 142,656,,129-735-4358,4/6/2023,ngoudiei7,5/26/2023,glovitti7
28246 Clarendon Court,Room 1831,657,,790-574-2429,1/13/2023,lrummeri8,9/22/2023,vrawi8
21 Troy Terrace,PO Box 44523,658,,528-487-8776,8/26/2023,vcurdelli9,2/3/2023,npuckeyi9
675 Scofield Drive,Room 224,659,439 37,357-524-1949,7/2/2023,cbeazleighia,10/21/2022,skleebornia
2019 Starling Place,Room 327,660,,841-680-3009,6/20/2023,jgarriqueib,7/20/2023,msmallmanib
12526 Southridge Court,Room 1007,661,,669-532-3759,7/11/2023,ccockettic,2/14/2023,sobernic
14 Rowland Parkway,2nd Floor,662,39330-000,997-907-3826,7/18/2023,mblumireid,11/11/2022,cgiabucciid
55 Amoth Hill,Suite 38,663,9320,283-824-1099,4/8/2023,mcalteroneie,7/13/2023,fnegriie
5 Jana Crossing,PO Box 80243,664,38-300,178-606-3685,11/4/2022,anijsif,9/27/2023,mcubleyif
3234 North Park,Room 1917,665,,204-717-2927,1/1/2023,dattenburrowig,8/19/2023,swodhamig
695 Sutherland Alley,PO Box 12086,666,,785-933-5623,1/24/2023,aribeiroih,3/15/2023,fshannahanih
51 Anniversary Terrace,15th Floor,667,,476-816-0106,7/15/2023,smccluneii,12/26/2022,hmeliorii
2 Ryan Court,Room 1686,668,,208-235-5122,6/17/2023,vmyderscoughij,10/19/2022,sstclairij
8006 Sundown Avenue,Apt 1695,669,,242-779-0485,6/30/2023,mjenkingik,11/14/2022,astoopik
54349 Derek Road,Suite 45,670,,394-799-2605,6/4/2023,fadlamil,10/7/2022,gpattendenil
19 Ronald Regan Park,Apt 133,671,,980-466-6716,8/23/2023,bruckhardim,5/26/2023,ehowchinim
3 Rigney Street,20th Floor,672,36-212,258-575-8461,10/13/2022,jlongstaffin,6/4/2023,edybellin
4 Meadow Vale Center,Apt 808,673,3060-816,600-271-7278,4/12/2023,kairdio,7/4/2023,cdavidgeio
415 Shelley Circle,PO Box 43938,674,,224-261-8156,8/16/2023,spalombaip,8/4/2023,ewiseip
911 Summer Ridge Circle,PO Box 91485,675,,467-719-5857,1/26/2023,rpetkeniq,7/11/2023,wfitchettiq
2614 Orin Center,Room 994,676,662017,359-548-4343,10/27/2022,acausleyir,2/25/2023,vgrayerir
65 Swallow Trail,Room 1517,677,4905-014,217-211-3539,11/25/2022,usheereis,8/24/2023,fambrogiois
014 Heffernan Point,PO Box 54140,678,1117,188-110-6034,3/9/2023,britsonit,6/7/2023,jmcimmieit
232 Bluejay Lane,PO Box 69076,679,357128,638-644-7023,4/8/2023,dboughiu,1/28/2023,lpeskiniu
266 Bartillon Junction,PO Box 39120,680,,898-350-4590,7/24/2023,randriveliv,5/5/2023,kyankeeviv
412 Ruskin Terrace,PO Box 66098,681,32801,682-909-0790,12/14/2022,hruggeniw,8/13/2023,gclaigeiw
604 Maple Junction,Suite 47,682,,407-970-2978,8/10/2023,jslarkeix,12/18/2022,ktolemacheix
12 Anhalt Alley,Room 12,683,729-3111,179-353-5067,7/4/2023,ekratesiy,2/27/2023,lbaldingiy
150 Anthes Point,Apt 1028,684,,585-591-2047,3/28/2023,tmularkeyiz,1/19/2023,qloraitiz
80541 Dunning Parkway,Suite 76,685,2124,574-524-3530,2/6/2023,fbernardetj0,5/25/2023,aleaknerj0
74933 Pond Way,Room 37,686,,557-197-6059,10/25/2022,fparmenterj1,10/21/2022,lblastockj1
933 Vidon Street,3rd Floor,687,7043,723-145-6158,4/25/2023,fdegogayj2,5/18/2023,spagdenj2
8468 Hayes Parkway,Room 533,688,4427,294-709-1239,9/7/2023,lbangleyj3,5/13/2023,gdenhamj3
671 Bobwhite Avenue,Suite 23,689,,659-506-1669,12/15/2022,edobellj4,3/8/2023,ecoulthartj4
7 Merrick Road,PO Box 97183,690,,802-404-1846,6/8/2023,kprimaroloj5,5/2/2023,tkayzerj5
4 Coolidge Park,Room 1675,691,,617-867-9667,6/1/2023,vpointingj6,1/16/2023,ljobbingsj6
9 Old Shore Drive,Suite 82,692,8305,967-395-3757,9/12/2023,msprottj7,12/25/2022,gagerj7
335 Sutherland Point,Suite 71,693,,766-303-8345,5/21/2023,edankoj8,11/14/2022,malldridgej8
8 Lyons Road,16th Floor,694,0113,804-457-8046,7/28/2023,enorthcotej9,11/7/2022,mbettsj9
928 Moland Point,Apt 262,695,89665-000,524-684-6963,10/15/2022,spreatorja,12/10/2022,bchattockja
43806 Waxwing Lane,Apt 1264,696,,920-826-3903,2/7/2023,apickwelljb,1/8/2023,jcallenjb
5 Northview Junction,Apt 906,697,,400-365-6799,11/17/2022,lcejkajc,11/7/2022,sjeacopjc
54 Talisman Trail,11th Floor,698,13183-000,524-618-0692,8/25/2023,smckombjd,5/26/2023,ssarfatijd
05 Quincy Place,Suite 92,699,,962-436-7077,6/10/2023,pbingleje,5/29/2023,smooringje
1 Hermina Drive,PO Box 60869,700,696 13,682-602-0188,6/16/2023,adoctorjf,12/1/2022,cchaldecottjf
0 Schiller Avenue,Suite 31,701,,316-937-7740,10/5/2022,lbrideauxjg,8/25/2023,kgeroldjg
928 Katie Center,5th Floor,702,86001,226-509-3724,3/31/2023,lmcgloinjh,4/30/2023,edawtryjh
9 Dahle Alley,8th Floor,703,89714,775-227-8019,8/19/2023,rhosbyji,11/20/2022,sscottesmoorji
26856 Kropf Avenue,13th Floor,704,,274-776-5713,4/15/2023,cbritnelljj,10/21/2022,lbartellijj
1 Northport Place,Room 40,705,BT2,673-885-6999,3/11/2023,jhannenjk,5/25/2023,wcoronajk
047 Acker Center,5th Floor,706,,417-284-3658,12/16/2022,mouthwaitejl,6/7/2023,mgammonsjl
84603 Annamark Alley,Room 197,707,,589-623-6027,10/3/2022,spettiforjm,9/13/2023,jbrobakjm
25 Hanover Way,PO Box 30953,708,L-6231,391-419-8296,8/10/2023,mlittlewoodjn,7/1/2023,ccopcuttjn
2222 Gerald Junction,Suite 26,709,,298-399-8967,2/14/2023,gmyringjo,10/19/2022,rwifejo
6632 Gina Hill,PO Box 66467,710,,152-481-6006,3/29/2023,smaccaughanjp,1/5/2023,takredjp
6213 Maryland Lane,7th Floor,711,,844-257-2134,7/5/2023,jhartfieldjq,5/29/2023,mhousleyjq
7395 Scofield Place,7th Floor,712,,154-733-7122,2/18/2023,heberdtjr,7/17/2023,yickowicsjr
1346 Lunder Junction,Apt 1971,713,,575-102-7540,1/19/2023,ggoginjs,7/31/2023,tlenaghenjs
9 Jenifer Park,Apt 489,714,919-0222,591-111-4474,8/10/2023,uconnarjt,8/13/2023,hjaszczakjt
54 Twin Pines Point,Room 940,715,353624,137-744-7584,7/11/2023,amcconnachieju,2/3/2023,jhuggonju
215 Prairie Rose Place,Apt 147,716,,206-592-6139,3/24/2023,akirajv,4/7/2023,aborlessjv
48 Paget Street,Apt 27,717,,441-590-9728,5/25/2023,jdannejw,1/12/2023,rpetrenkojw
23037 Kropf Avenue,Apt 1507,718,443096,338-379-6963,4/21/2023,chellwingjx,10/3/2022,plegonjx
748 Bay Park,Suite 28,719,,810-145-4791,11/18/2022,hbrierlyjy,12/2/2022,bcrowthjy
9405 Cottonwood Point,Suite 19,720,9700-602,282-522-1025,2/8/2023,agotfreyjz,10/30/2022,crivittjz
8157 Maryland Junction,Room 662,721,71120,241-838-7902,12/4/2022,fjermank0,11/9/2022,wbestwerthickk0
2 Village Green Park,Apt 1446,722,9220,646-219-2358,1/19/2023,lewartk1,9/27/2023,ecoddingtonk1
672 Westend Circle,Room 834,723,165155,510-976-7135,10/16/2022,jswiggk2,5/12/2023,rgodmank2
4505 Stuart Road,PO Box 34845,724,,530-329-7328,3/1/2023,ctarpeyk3,5/1/2023,npescottk3
70592 Gateway Crossing,Apt 1659,725,55640-000,604-585-2004,12/30/2022,bnelhamsk4,6/30/2023,eblazebyk4
2351 Clove Hill,Apt 646,726,,327-425-1434,9/6/2023,cjeffreyk5,7/19/2023,swoollerk5
14 Ridgeway Court,Room 1945,727,,825-472-1085,5/21/2023,cberrek6,5/29/2023,tvandrielk6
67428 Lakeland Crossing,15th Floor,728,,574-369-0529,6/15/2023,dglavisk7,5/13/2023,wbremondk7
981 Kennedy Circle,7th Floor,729,,155-898-0865,4/23/2023,agrantk8,1/8/2023,hbachelork8
6 Anhalt Hill,Apt 626,730,,635-740-2532,7/8/2023,ldawidowitzk9,5/25/2023,ihalsallk9
80805 Sundown Avenue,Apt 1121,731,,237-239-4858,9/4/2023,sbiancoka,7/23/2023,mshackletonka
6 Westerfield Center,15th Floor,732,,661-830-5700,3/6/2023,csherarkb,7/4/2023,aduckkb
698 Victoria Point,Apt 227,733,,827-712-0402,10/3/2022,isoleskc,9/25/2023,cchampneyskc
5134 Warner Crossing,Apt 356,734,232517,677-252-0354,4/30/2023,tsewillkd,9/9/2023,ehenburykd
8 Jenna Point,Room 1408,735,,627-487-9293,2/1/2023,aleindeckerke,2/7/2023,jtareeke
98096 Kenwood Lane,PO Box 6247,736,915 32,454-315-3443,4/27/2023,adzenisenkakf,4/27/2023,jembertonkf
9729 Haas Pass,Room 385,737,V6Y,307-534-2365,12/24/2022,jshrimplingkg,10/9/2022,epinkertonkg
7 Meadow Ridge Plaza,9th Floor,738,4606,531-291-7298,5/30/2023,cgivenskh,7/29/2023,cpascallkh
36 Bowman Center,Apt 1400,739,,506-784-1296,10/16/2022,mdmitrienkoki,6/21/2023,adimancheki
96 Aberg Alley,Apt 679,740,34-735,485-732-1018,11/24/2022,dclaessenskj,11/27/2022,kcornilskj
886 Leroy Drive,11th Floor,741,,443-477-8597,1/2/2023,barnikk,10/25/2022,grecordskk
56359 Namekagon Crossing,Apt 594,742,,204-951-8993,7/13/2023,rlumbkl,2/1/2023,bredishkl
08751 Nelson Trail,Suite 54,743,,289-240-8748,3/5/2023,csciacovellikm,7/12/2023,jdrainskm
98348 Monica Hill,Apt 1923,744,,205-303-0844,3/8/2023,mkrollekn,2/6/2023,agourliekn
36 Heath Junction,5th Floor,745,10560,196-560-5152,10/27/2022,ccraisfordko,7/31/2023,bkarpolko
337 Kinsman Lane,7th Floor,746,,575-797-6809,3/8/2023,emandreykp,11/8/2022,ddallinkp
1242 Starling Alley,Room 1614,747,,686-145-4547,9/14/2023,hboastkq,9/14/2023,cpeakq
37425 Golf Hill,PO Box 5962,748,7409,502-179-4249,8/31/2023,amenendezkr,5/12/2023,fwipperkr
49904 Milwaukee Terrace,Apt 428,749,1144,808-751-8871,3/26/2023,bhedworthks,1/1/2023,ehuckinks
68 Pennsylvania Drive,Room 1243,750,8006,166-119-1125,6/24/2023,khousleykt,9/24/2023,gheildskt
25 David Alley,Room 1152,751,78410,361-497-1573,6/17/2023,rgriffithsku,9/6/2023,bfessbyku
129 Scott Parkway,Room 1589,752,1602,342-271-6341,6/12/2023,tmerrgenkv,9/20/2023,promainkv
7 Linden Hill,18th Floor,753,,360-489-3547,8/27/2023,kparadiskw,2/19/2023,qcampanellekw
94595 Jenifer Center,Apt 697,754,14150,670-398-8286,3/6/2023,wdavidaikx,2/23/2023,modellkx
6129 Grim Drive,Suite 62,755,37016 CEDEX 1,760-547-3927,1/20/2023,hreedeky,5/17/2023,ldoddemeedeky
4 Sunfield Hill,Apt 1063,756,,762-313-4473,2/24/2023,fblaxtonkz,6/2/2023,hcrokerkz
3091 Maple Place,18th Floor,757,,367-639-8953,2/24/2023,cthormannl0,6/26/2023,gmastersonl0
9454 Coolidge Place,Suite 29,758,960-1476,887-963-0010,5/18/2023,rnecoldsl1,12/20/2022,heklessl1
5 American Ash Junction,PO Box 64473,759,,388-494-8308,11/30/2022,rmeatonl2,9/18/2023,kdellentyl2
296 Spaight Circle,PO Box 26698,760,68213,177-307-9922,10/28/2022,lgerreltsl3,8/14/2023,vmealel3
416 Ludington Circle,Apt 1561,761,590 73,570-804-1866,9/1/2023,dhaslaml4,10/13/2022,kcookleyl4
0 Forest Run Road,Suite 54,762,1221,550-517-5109,8/12/2023,tgeggusl5,5/9/2023,teasdonl5
396 Grover Plaza,PO Box 98726,763,,922-481-5198,10/16/2022,bpoolmanl6,11/24/2022,ljebbl6
83841 Hollow Ridge Drive,Room 1471,764,,335-538-9760,3/24/2023,stuitel7,3/22/2023,nubsdelll7
607 Novick Alley,15th Floor,765,H71,110-418-8868,12/15/2022,mellistonl8,7/20/2023,mlegalll8
844 Vidon Trail,Room 1055,766,,395-360-1715,5/30/2023,kcastletonl9,4/18/2023,ebowdonl9
038 Nancy Drive,19th Floor,767,816-0097,900-834-6314,4/5/2023,hdeppela,6/22/2023,jmuehlerla
897 Hooker Trail,20th Floor,768,,229-486-4354,7/12/2023,gsteptowelb,10/1/2023,droylancelb
5728 Blaine Court,Suite 71,769,9950-125,499-220-1858,2/26/2023,vridellc,1/8/2023,bsparkwilllc
6124 Barby Drive,Room 1390,770,,736-459-5729,2/18/2023,ddresseld,7/23/2023,fgravetld
06 Bluejay Trail,Room 1838,771,59280-000,380-291-0665,8/11/2023,ejouannotle,5/13/2023,wfirsbyle
7185 Arapahoe Lane,Room 1096,772,2645-168,928-332-7128,8/28/2023,sgisbylf,12/18/2022,cgriswoodlf
85081 Kim Parkway,12th Floor,773,,202-263-1728,7/18/2023,gmcmullenlg,4/14/2023,wbennetonlg
7 Thackeray Parkway,Room 677,774,,542-536-1903,6/18/2023,ptrehearnelh,1/6/2023,atembridgelh
276 Linden Park,19th Floor,775,,613-310-0140,10/22/2022,aarntzenli,11/1/2022,pandrolili
711 Talmadge Avenue,Suite 40,776,2823,644-174-4189,1/23/2023,aerskinesandyslj,2/26/2023,smockerlj
65203 Swallow Junction,Suite 26,777,,956-637-9884,6/3/2023,arichenslk,11/5/2022,mbrunolk
6 Colorado Center,Apt 91,778,,596-797-4086,9/21/2023,manglissll,1/18/2023,vdellenbrookll
013 Bashford Alley,Apt 321,779,4234,387-359-0437,1/13/2023,wchorltonlm,7/8/2023,tbellaslm
3 Village Crossing,Room 1161,780,,211-768-9867,5/31/2023,cchavrinln,2/8/2023,kbohinln
2 Stuart Plaza,Room 1034,781,,732-452-1749,11/20/2022,okarlemanlo,10/30/2022,twengerlo
56 Maple Center,13th Floor,782,8109,761-672-1621,9/12/2023,owildishlp,1/15/2023,jtegginlp
398 Anhalt Way,Room 180,783,32000-000,627-741-1511,9/2/2023,kclimielq,5/12/2023,egoodlattlq
9 Thackeray Crossing,Room 48,784,40266,502-329-1598,8/6/2023,ckedgelr,6/10/2023,awalshlr
3759 Fisk Hill,PO Box 78084,785,,838-494-1855,9/19/2023,ktoderils,10/19/2022,rmelanaphyls
1027 Cascade Crossing,Suite 12,786,,825-439-9158,1/19/2023,hscarrelt,6/14/2023,skisbeelt
006 Algoma Drive,Suite 43,787,,767-162-0658,4/23/2023,asemeniuklu,2/12/2023,wstannerlu
6 Vernon Place,Suite 31,788,,766-772-9022,4/1/2023,lheartfieldlv,11/26/2022,bhudspethlv
76 Hauk Terrace,Apt 439,789,,366-384-8155,9/28/2023,alibbielw,6/29/2023,rcareylw
95 Shopko Place,PO Box 98918,790,7220-205,328-654-0401,9/1/2023,cmcgourtylx,10/8/2022,mhirtzlx
26 Menomonie Terrace,Apt 1687,791,,642-590-5591,5/24/2023,bgodinly,9/11/2023,ostadenly
607 Bluestem Point,PO Box 24936,792,3450,667-396-0246,3/16/2023,tmacveanlz,1/14/2023,rmacandielz
1470 Farwell Alley,PO Box 98925,793,,593-763-6795,11/29/2022,lluttonm0,3/29/2023,gsummerillm0
26 Ryan Pass,9th Floor,794,345 25,443-646-9907,11/10/2022,nbrierleym1,12/2/2022,acreenanm1
230 Scofield Pass,PO Box 95093,795,33270,533-800-8524,10/20/2022,nturmallm2,12/8/2022,owallsamm2
755 Dixon Road,Room 610,796,,928-976-3756,3/15/2023,boneilm3,5/11/2023,cubeem3
87 Golf View Avenue,Suite 99,797,26-807,504-751-5000,7/16/2023,stabourierm4,1/16/2023,rheightm4
2181 Johnson Junction,PO Box 35323,798,542 42,506-493-7623,1/20/2023,stomem5,6/16/2023,ctunesim5
06 Orin Street,Apt 1656,799,28289,704-429-4312,9/8/2023,cbrientm6,5/29/2023,bdufferm6
2 Hoffman Road,Room 307,800,394 15,744-875-7875,12/13/2022,cengledowm7,10/29/2022,mbeningfieldm7
73 Moland Pass,PO Box 66113,801,68900-000,658-609-3992,12/19/2022,eklugerm8,4/8/2023,tallisonm8
774 Victoria Circle,Suite 10,802,4785-103,733-547-9457,11/26/2022,tlumoxm9,5/16/2023,rbarkhousem9
59194 Mosinee Trail,4th Floor,803,64058 CEDEX 9,237-858-3007,10/14/2022,lmccrawma,10/3/2022,rjacobowitsma
56844 Northfield Trail,Room 1319,804,,127-309-9742,7/26/2023,dbeachmb,8/18/2023,fdrewrymb
8526 3rd Junction,8th Floor,805,1257,131-443-7775,12/14/2022,kradkimc,12/26/2022,uheavymc
517 Sheridan Crossing,Room 1876,806,5449,288-976-2814,11/3/2022,wcainemd,6/9/2023,sbastiemd
43155 Hollow Ridge Parkway,Room 1787,807,37032 CEDEX 1,350-501-7008,3/25/2023,agillumme,2/10/2023,dgaymerme
3 Hollow Ridge Court,Suite 57,808,B2H,345-391-7692,3/15/2023,cbottlesonmf,7/12/2023,ocurtaynemf
34 6th Plaza,13th Floor,809,584 01,707-179-5751,2/15/2023,cfairbairnmg,8/31/2023,aivanovicmg
78 Mcbride Park,Room 778,810,14654 CEDEX,638-486-8682,9/2/2023,sgaitungmh,8/22/2023,dcollingemh
59 Amoth Road,PO Box 28124,811,,135-130-8533,9/27/2023,mgrishinmi,6/7/2023,rbartholomausmi
1969 Northview Court,4th Floor,812,2430,722-859-5751,1/10/2023,wspraymj,6/8/2023,lkristofferssonmj
26341 Dexter Avenue,Suite 78,813,,687-805-8744,4/1/2023,mroughleymk,5/9/2023,skingstonmk
544 High Crossing Drive,Apt 773,814,,271-865-2115,2/24/2023,ncockhillml,12/24/2022,mscotfurthml
306 Crescent Oaks Crossing,Room 859,815,,612-454-2868,5/31/2023,dcoggermm,10/18/2022,egwyermm
31 South Terrace,Room 397,816,,842-587-8611,1/22/2023,abosworthmn,10/20/2022,fbrookesbiemn
9988 American Court,Room 1256,817,,566-855-8364,3/6/2023,nbickstethmo,12/1/2022,cfanninmo
4750 Summer Ridge Drive,Suite 82,818,,435-320-9891,5/28/2023,cpirozzimp,8/4/2023,bskarinmp
28068 6th Lane,Apt 1220,819,7025,567-932-3770,8/1/2023,jseagrovemq,11/4/2022,msyrattmq
72 Fairfield Lane,Apt 100,820,3225,978-317-8819,6/22/2023,bbonhanmr,11/12/2022,egyorffymr
9 Bartillon Parkway,Apt 1756,821,,166-753-1128,10/30/2022,dpiquardms,5/15/2023,mmathersonms
218 Warrior Terrace,Apt 595,822,77240,713-303-9362,11/16/2022,hneasammt,5/27/2023,csharplinmt
31131 Aberg Pass,Room 1679,823,,436-434-5663,12/16/2022,btorrijosmu,12/24/2022,msemkenmu
8294 Milwaukee Crossing,PO Box 31056,824,865-0005,812-193-7361,10/12/2022,fgunmv,12/6/2022,sweatheymv
29057 Mayfield Court,Suite 33,825,169511,980-387-8888,8/20/2023,kharvardmw,6/13/2023,awestwatermw
572 Village Pass,Apt 454,826,,544-555-6291,10/16/2022,ghiscokemx,9/8/2023,bkentishmx
9854 Kedzie Trail,PO Box 57937,827,R1A,792-334-6495,2/26/2023,jklampmy,11/21/2022,kfrackiewiczmy
406 Lighthouse Bay Place,Apt 474,828,,620-261-6774,8/22/2023,mcapenermz,5/15/2023,smarchmentmz
2 Shopko Crossing,PO Box 28723,829,,267-601-2599,9/8/2023,mkaufmann0,4/2/2023,tcaressn0
966 Emmet Junction,PO Box 27901,830,,716-614-6394,9/21/2023,amcindrewn1,10/30/2022,gduigann1
66 Burrows Circle,Room 525,831,,748-841-7779,1/28/2023,abarwisn2,8/26/2023,sleattn2
7 Bowman Terrace,Suite 50,832,ZTN,180-704-6722,7/17/2023,gbaribaln3,12/9/2022,jsimkovitzn3
49057 Meadow Ridge Drive,Room 896,833,641 22,815-430-7312,10/17/2022,smesnardn4,11/25/2022,pbassilln4
10 Anhalt Park,PO Box 510,834,37016 CEDEX 1,863-891-5331,2/25/2023,mtodeon5,5/8/2023,dbeadeln5
0 Blaine Street,6th Floor,835,,301-596-1932,1/22/2023,cmcguffogn6,11/18/2022,ccaustickn6
47530 Colorado Park,PO Box 85384,836,668134,212-641-6529,2/18/2023,iduinbletonn7,1/8/2023,abasketfieldn7
7 Muir Street,Room 1849,837,585 97,235-113-8849,11/2/2022,astanfieldn8,11/10/2022,bjarredn8
7352 Havey Circle,Suite 85,838,69239 CEDEX 02,766-231-5166,12/17/2022,vbunnyn9,12/15/2022,ejakubovitsn9
24677 Village Hill,Suite 39,839,59034 CEDEX,127-729-2072,6/18/2023,sharesignna,12/22/2022,fsodeauna
04410 Susan Terrace,Room 408,840,756 12,732-543-1560,5/22/2023,jcorbertnb,10/2/2022,bchadbournenb
1 Gateway Pass,PO Box 92014,841,3126,105-259-5623,9/13/2023,dmckeighannc,4/23/2023,cnijsnc
32 Golf Course Court,Apt 175,842,,470-496-3763,5/21/2023,jfullertonnd,4/9/2023,jgiddingsnd
184 Maple Park,Suite 51,843,,657-177-5307,5/20/2023,obessentne,12/16/2022,fbrasonne
8 Heath Way,Room 1017,844,,689-627-6869,6/17/2023,edilksnf,4/15/2023,nmcdowallnf
64355 Gale Junction,Room 1974,845,4225,570-215-7202,8/8/2023,dharomeng,9/1/2023,escallanng
05 Hovde Place,5th Floor,846,,911-455-1455,1/3/2023,egabbatissnh,12/6/2022,iraysnh
984 Center Pass,Apt 973,847,,117-979-9223,6/2/2023,ghainingni,5/2/2023,zganeni
44 Scott Lane,Suite 95,848,,706-199-3999,3/5/2023,bmctiernannj,1/1/2023,navardnj
0049 Kinsman Plaza,Apt 584,849,,938-374-8889,7/12/2023,gwaterhowsenk,12/4/2022,jmalshernk
88 Grayhawk Trail,Apt 1334,850,,765-249-8988,11/24/2022,fgoreynl,1/30/2023,rbeehonl
139 Victoria Parkway,Room 1814,851,,510-582-4376,1/16/2023,rparsissonnm,2/15/2023,epoynornm
232 Coleman Pass,Room 985,852,,430-316-4447,12/10/2022,cgosswellnn,7/12/2023,dcomportnn
5633 Lake View Terrace,Room 656,853,523 38,503-597-0554,6/16/2023,egaskarthno,7/4/2023,uburbidgeno
76469 Ridgeway Trail,PO Box 39859,854,,711-768-7546,7/28/2023,dtremmelnp,7/16/2023,kmcauslannp
43 Kensington Street,PO Box 3254,855,,246-723-8203,12/30/2022,jjukubczaknq,5/3/2023,cmackerelnq
31 Packers Pass,Room 1867,856,,591-674-6903,1/27/2023,pokeshottnr,6/27/2023,anormantonnr
8661 Crest Line Way,20th Floor,857,,536-932-9976,4/15/2023,cedmettns,10/7/2022,sstyantns
470 Lotheville Hill,PO Box 22747,858,4550-455,913-175-8937,11/19/2022,sfazziolint,5/17/2023,fholtomnt
69700 Dayton Point,Room 1764,859,303642,864-355-6106,6/11/2023,mtomeknu,9/26/2023,bgealenu
577 Bayside Park,18th Floor,860,86430-000,398-263-3975,1/15/2023,ekiellornv,4/14/2023,rsempillnv
53 Farwell Road,Suite 21,861,,546-522-0291,1/17/2023,slethebridgenw,1/8/2023,pcroziernw
66 Longview Court,PO Box 87818,862,,200-693-4775,9/17/2023,hmaysnx,4/17/2023,gcashmannx
5481 Thierer Hill,Suite 35,863,8421,938-471-9354,7/29/2023,euppettny,7/5/2023,kcleftny
2 Atwood Way,PO Box 59937,864,5254,433-637-0093,6/22/2023,wsiberrynz,9/10/2023,bfelkinnz
202 Westridge Lane,Room 128,865,,684-338-4027,11/26/2022,aspauleo0,12/27/2022,jmccayo0
0 Thierer Road,3rd Floor,866,16200-000,649-329-1444,4/11/2023,havramovitzo1,1/11/2023,jdmitrievo1
930 Westend Way,Suite 100,867,17622,717-900-0241,4/11/2023,ehamo2,12/21/2022,djoskowitzo2
6120 Rusk Lane,PO Box 29185,868,,494-300-0456,10/6/2022,gjustero3,3/23/2023,egrassero3
57 Elgar Point,Room 1387,869,8505,315-484-4105,12/25/2022,cdecourcyo4,11/2/2022,bocarrolo4
36 Golf View Place,PO Box 34619,870,187742,932-600-9841,11/29/2022,mbickleo5,11/21/2022,abowso5
40 Utah Street,PO Box 54884,871,,508-381-6347,6/15/2023,swettero6,10/10/2022,gyerletto6
13886 Lakeland Way,Apt 1381,872,152850,271-995-0359,1/18/2023,hspindlero7,10/27/2022,mohareo7
22 Rowland Center,Room 1172,873,102085,463-745-3239,1/6/2023,nguerreroo8,10/27/2022,nbirrelo8
8 Summit Court,PO Box 70082,874,,867-588-4599,7/23/2023,amackiesono9,3/11/2023,abedellso9
59411 Mallory Point,Apt 518,875,4203,831-142-8334,1/22/2023,jclineoa,7/5/2023,rtissimanoa
4 Helena Alley,Room 13,876,,508-173-4792,2/7/2023,kbaseob,5/17/2023,rdennessob
47 Magdeline Crossing,14th Floor,877,,271-526-2631,1/22/2023,mkielloroc,12/25/2022,ksnedkeroc
90475 Towne Alley,Suite 42,878,,524-207-3166,12/2/2022,sswaffordod,7/11/2023,njuszkiewiczod
9299 Darwin Center,Apt 20,879,37-630,580-210-1587,4/22/2023,jmickanoe,11/10/2022,drippinoe
00190 Dakota Street,Apt 803,880,2530-063,712-332-7984,1/22/2023,vclairof,8/18/2023,mbrotherheadof
8 Lighthouse Bay Lane,Apt 1815,881,,925-875-1952,8/8/2023,dcastanieog,8/19/2023,rsoppitog
0392 Moulton Park,6th Floor,882,,183-675-9156,8/2/2023,sbielfeldoh,8/18/2023,cmogfordoh
23 Eagle Crest Pass,Suite 30,883,,741-373-1677,10/22/2022,tbaldersonoi,5/19/2023,uslopieroi
13 Swallow Junction,PO Box 92583,884,,347-397-3559,4/23/2023,kwhitelawoj,7/11/2023,lrooseoj
04183 Everett Court,PO Box 59857,885,,302-790-1459,9/14/2023,glawlanceok,6/19/2023,wdaudok
01785 Washington Street,Apt 1504,886,,358-471-8768,1/22/2023,pwagenol,8/25/2023,umacgillaveryol
949 Mallory Road,Room 810,887,,291-962-6134,1/27/2023,fcollisterom,6/16/2023,ktithecottom
062 Eagle Crest Terrace,PO Box 15973,888,,972-540-1647,9/5/2023,ncritchleyon,10/13/2022,rmcowanon
35756 Summit Hill,Room 655,889,82190,752-994-0807,1/29/2023,zmuatoo,2/9/2023,ndellcasaoo
5252 Browning Terrace,6th Floor,890,,784-911-6153,5/9/2023,agairop,9/23/2023,mandriuzziop
7608 Blackbird Plaza,Suite 57,891,,395-436-1366,2/28/2023,sphillotoq,5/18/2023,cbattersonoq
0 Farmco Park,Apt 1107,892,S7K,992-982-9775,9/30/2023,twymeror,1/1/2023,agellyor
32530 Briar Crest Avenue,Apt 1784,893,113 03,814-550-4837,5/22/2023,rdorosarioos,12/29/2022,belnoros
12 Golf Terrace,20th Floor,894,403538,522-578-4554,9/30/2023,pbarwellot,10/24/2022,wblunsomot
638 Drewry Pass,Apt 1225,895,94330,964-625-3174,2/3/2023,amullarkeyou,4/7/2023,emaggillandreisou
385 Pond Park,PO Box 50661,896,,285-182-7250,6/28/2023,dupexov,5/15/2023,edimitriadesov
4 Eliot Court,PO Box 6069,897,,701-242-3803,6/1/2023,cgundreyow,7/2/2023,nkemmettow
40479 Heffernan Hill,PO Box 28539,898,95880-000,272-137-4072,11/5/2022,dlimbrickox,9/12/2023,ctrewhellaox
8 Clyde Gallagher Lane,PO Box 20415,899,96400-000,362-863-2823,12/4/2022,acamisoy,9/17/2023,chubbockoy
73 Northland Junction,Suite 39,900,10520,256-482-8493,9/30/2023,jrocheoz,1/7/2023,fciubutarooz
67 Declaration Crossing,Room 48,901,,832-486-0458,11/13/2022,rdarcop0,6/8/2023,bnelsenp0
355 Susan Lane,Apt 1438,902,,100-418-7404,6/17/2023,fdimitrijevicp1,6/3/2023,eaucourtep1
881 Lakewood Gardens Junction,13th Floor,903,291 21,674-820-4582,12/6/2022,bvaggesp2,4/7/2023,hrenonp2
1449 Mariners Cove Center,Suite 78,904,9512,857-735-3981,1/14/2023,lpeelep3,10/26/2022,cvargasp3
711 Leroy Way,Suite 10,905,,150-671-8916,9/12/2023,omaberp4,4/7/2023,ifishburnp4
3413 Sloan Crossing,PO Box 2739,906,793 95,468-169-8110,8/27/2023,rturlep5,8/19/2023,gstobartp5
34844 Sutteridge Road,PO Box 12121,907,95940-000,316-258-4620,4/29/2023,bpistolp6,1/7/2023,brawlingsp6
99933 Orin Drive,Room 1498,908,4541,432-410-2126,4/9/2023,tscandrootp7,5/22/2023,ssiddlep7
00241 Bellgrove Street,PO Box 97999,909,,331-340-9770,5/28/2023,couldcottp8,5/1/2023,mbroomheadp8
93 Nancy Place,Apt 1163,910,39330-000,415-263-0957,4/20/2023,mbeckenhamp9,5/29/2023,bpridmorep9
04632 Canary Crossing,PO Box 83150,911,401-0335,373-408-1642,10/4/2022,ccorneilpa,10/14/2022,sphilipeaupa
9 School Plaza,Suite 9,912,28263,704-900-4912,8/11/2023,opavolillopb,6/9/2023,fbaggepb
15503 Nevada Street,11th Floor,913,361515,926-150-9100,5/19/2023,ebertelmotpc,12/13/2022,oblinckhornepc
025 Dwight Hill,Suite 19,914,,227-274-2843,4/26/2023,mwilnepd,3/27/2023,cridettpd
64 Monument Drive,Apt 1877,915,,669-821-1270,5/23/2023,rlabeuilpe,8/4/2023,dyurasovpe
5 Tennyson Park,Apt 1084,916,35180-000,731-519-9672,6/1/2023,gtendahlpf,6/1/2023,msteensonpf
42209 Tomscot Avenue,8th Floor,917,,759-423-5050,12/3/2022,voatenpg,9/26/2023,fcrannpg
7060 Sutteridge Trail,10th Floor,918,,831-312-3374,7/26/2023,tbredeeph,10/11/2022,fdwellingph
71 Johnson Way,10th Floor,919,,992-761-3710,11/9/2022,wheazelpi,1/4/2023,sknappettpi
26615 Hayes Lane,PO Box 24408,920,37-511,534-164-8335,9/2/2023,rindruchpj,3/12/2023,lboffeypj
92165 Old Gate Plaza,Suite 37,921,2420-005,241-566-9567,2/7/2023,csollandpk,9/9/2023,lternottpk
66 Kenwood Plaza,Apt 385,922,,343-311-5394,11/17/2022,cpinsentpl,6/26/2023,bpayliepl
5007 Little Fleur Parkway,16th Floor,923,,677-665-1601,5/7/2023,jdunsterpm,7/13/2023,tbrandlepm
038 Fairfield Crossing,Room 1344,924,50601,148-964-4030,3/25/2023,caloshikinpn,7/7/2023,sclowespn
0257 Morningstar Place,Room 1827,925,45999,513-883-5207,5/10/2023,amaccullochpo,3/12/2023,kattfieldpo
05 Fuller Terrace,Apt 995,926,,872-625-3665,10/5/2022,bmoranpp,5/17/2023,akirlinpp
639 Cascade Plaza,Room 1688,927,59600-000,918-261-6920,11/19/2022,dklejinpq,9/29/2023,chelliarpq
8205 Hovde Way,Suite 86,928,369264,794-849-1850,2/25/2023,ckeeltaghpr,5/6/2023,dhallbirdpr
6 Declaration Street,Suite 33,929,869-1203,657-142-3729,6/26/2023,sroveps,11/7/2022,pivchenkops
79 Farragut Parkway,Apt 1475,930,987-0352,224-464-1175,4/22/2023,conolandpt,12/20/2022,acharrettept
87489 Rowland Point,10th Floor,931,,652-915-3080,3/14/2023,wdemeispu,8/21/2023,gcapronpu
2504 Bluejay Pass,Apt 1121,932,,776-756-9795,5/24/2023,curlingpv,11/28/2022,bmcmurtypv
840 Reindahl Lane,PO Box 52224,933,,715-853-3691,2/11/2023,lphythonpw,1/21/2023,bvauterpw
77052 Katie Parkway,Suite 76,934,,141-535-6238,5/8/2023,lmasterspx,9/27/2023,mmowsdalepx
6021 Kennedy Way,Room 1072,935,5172,945-694-8547,2/20/2023,tmacclintonpy,1/6/2023,roxepy
6 High Crossing Drive,PO Box 10323,936,05-530,236-933-4729,6/23/2023,abrookespz,2/12/2023,mdickinspz
9 Canary Crossing,Suite 69,937,504-0968,544-100-6438,5/23/2023,brosseyq0,2/11/2023,sbrotherheedq0
0782 Golden Leaf Circle,Room 1139,938,,656-664-8362,7/11/2023,jewbancheq1,3/28/2023,kmcmennumq1
008 Anderson Pass,15th Floor,939,9803,474-489-7983,1/19/2023,svaillantq2,2/21/2023,ahardbattleq2
2 Hallows Circle,Room 396,940,801 38,719-995-5134,4/24/2023,lcowlandq3,12/7/2022,jduffynq3
9423 Comanche Avenue,Room 656,941,,152-158-2870,6/28/2023,ccrookshankq4,12/14/2022,jritmeyerq4
76793 La Follette Lane,Apt 1566,942,346020,170-934-2916,2/6/2023,klangq5,8/28/2023,lbellerq5
07661 Onsgard Junction,Suite 82,943,6005,834-671-8700,12/9/2022,jphippenq6,8/10/2023,sdelunaq6
547 Packers Pass,Apt 1285,944,,870-583-0587,8/13/2023,ublackbournq7,5/16/2023,abessetq7
129 Red Cloud Hill,Room 1492,945,1637,566-774-2496,1/2/2023,hemsdenq8,4/15/2023,eplumridgeq8
56353 Mccormick Street,PO Box 99772,946,28300-000,872-277-0019,11/15/2022,ggonneauq9,6/7/2023,kurlinq9
0265 Columbus Drive,Suite 5,947,38-315,975-303-3276,12/6/2022,acaswillqa,5/27/2023,vheinleinqa
03033 Erie Pass,Apt 980,948,503 51,517-684-2445,10/26/2022,tdeppeqb,3/22/2023,rchealqb
78692 Clove Drive,PO Box 66411,949,,126-332-8843,4/26/2023,bparramoreqc,12/4/2022,kwittletonqc
590 Golden Leaf Park,Suite 86,950,,605-745-0531,1/3/2023,tlevesqueqd,4/9/2023,tdunckleeqd
078 Monica Way,Room 590,951,,292-671-6214,1/17/2023,blayfieldqe,7/28/2023,roelsqe
47867 Burrows Place,Suite 29,952,,493-454-6439,11/30/2022,bcopestakeqf,11/8/2022,ecraythornqf
98 Pierstorff Terrace,5th Floor,953,,606-396-4018,7/7/2023,jbockmannqg,7/15/2023,mranscomeqg
81 Sage Alley,Suite 23,954,57119 CEDEX,527-210-1905,8/22/2023,gthayqh,7/15/2023,cmacklinqh
20985 Roxbury Point,Suite 80,955,88930,648-447-8528,4/20/2023,jforsydeqi,10/18/2022,ekincadeqi
40201 Service Court,Suite 59,956,68-208,125-139-7184,9/29/2023,hbuntenqj,7/9/2023,rpenzerqj
647 Lighthouse Bay Junction,PO Box 78479,957,,867-445-0683,3/26/2023,daustenqk,1/2/2023,beliescoqk
83994 Muir Place,Room 185,958,,674-936-0477,12/2/2022,sheggql,6/28/2023,bdomeneyql
0791 Macpherson Court,Apt 237,959,,768-751-7098,2/22/2023,bboanasqm,11/16/2022,sioanqm
35 Moulton Place,6th Floor,960,12020 CEDEX 9,231-584-7629,1/20/2023,ddudleyqn,3/4/2023,clipgensqn
49630 Oak Valley Hill,15th Floor,961,285 71,150-245-3898,8/30/2023,hderislyqo,2/17/2023,nspriggenqo
55914 Stephen Point,PO Box 9301,962,,803-307-1972,2/17/2023,bteagueqp,9/25/2023,mgoldisqp
88328 Lyons Junction,8th Floor,963,40000-000,748-687-9397,12/17/2022,drichesqq,5/13/2023,cdeverickqq
3 Summit Junction,16th Floor,964,,975-521-5173,5/24/2023,nsanpherqr,6/17/2023,clattyqr
38 Summer Ridge Alley,16th Floor,965,13674 CEDEX,859-128-8210,10/30/2022,rgoodrumqs,9/4/2023,gandrivotqs
5 Veith Circle,1st Floor,966,96130,211-639-2817,9/12/2023,jsheepyqt,4/23/2023,aclaughtonqt
02 Mcguire Pass,Suite 86,967,141707,999-320-6959,3/24/2023,mmccourtqu,6/4/2023,njamaryqu
684 Southridge Road,PO Box 9148,968,,152-205-0525,3/8/2023,areynerqv,3/21/2023,ldelloydqv
0447 Mayer Circle,Suite 25,969,1655,221-914-3281,11/3/2022,ebinningqw,6/17/2023,bcecchiqw
888 Oxford Point,Apt 1773,970,,492-163-5672,4/3/2023,clicasqx,12/22/2022,lbortonqx
71029 Grayhawk Lane,PO Box 97466,971,,818-465-4132,9/8/2023,bbraddqy,5/15/2023,bginglellqy
994 Northfield Plaza,PO Box 63568,972,,364-276-6605,8/1/2023,dfroomeqz,7/5/2023,sserrurierqz
718 Leroy Alley,Room 1742,973,02701,845-575-5212,1/4/2023,vgreenstockr0,9/3/2023,anornasellr0
16639 Maryland Park,Apt 165,974,162825,129-184-1185,12/7/2022,hbowdenr1,2/10/2023,iportsmouthr1
07580 Sundown Plaza,Apt 1542,975,,648-767-0571,2/20/2023,mrippinr2,11/1/2022,agowlandr2
1 Jackson Point,Apt 1247,976,2205-554,187-119-5328,11/9/2022,tcowwellr3,5/17/2023,nferandezr3
3 Waxwing Crossing,2nd Floor,977,5223,179-840-0208,1/16/2023,spettwoodr4,10/14/2022,daltamiranor4
744 Starling Plaza,Room 912,978,,412-861-6918,10/19/2022,jbraccir5,8/4/2023,lhazeldener5
9 Golf View Pass,Room 358,979,,808-801-1253,4/16/2023,lcawleyr6,8/11/2023,jmacgeaneyr6
4 Burrows Place,Apt 1755,980,86093 CEDEX 9,434-900-9301,12/3/2022,jlevetr7,9/5/2023,rmccurlyer7
469 Holmberg Place,Room 896,981,47-113,406-263-6565,10/26/2022,sennionr8,4/29/2023,olearoydr8
2965 5th Junction,Room 731,982,2530-327,548-318-9109,8/27/2023,osimacekr9,9/30/2023,bsowrahr9
3810 Ridgeview Hill,Apt 1126,983,,496-145-9673,7/9/2023,emaystonera,12/14/2022,sisenorra
1 Hollow Ridge Road,12th Floor,984,4120,670-288-7233,6/21/2023,egirodinrb,5/28/2023,aectorrb
90 Kipling Street,12th Floor,985,,963-889-2783,7/11/2023,ddicarlirc,4/15/2023,opoleyrc
1 Golf Course Pass,17th Floor,986,3605,271-765-0980,6/6/2023,emilmord,12/23/2022,mcranstounrd
605 Carioca Court,Suite 66,987,,991-322-7390,6/28/2023,gmetcalfere,9/19/2023,awincottre
67574 Manufacturers Trail,Apt 1523,988,,922-193-9686,3/29/2023,zgiorgiettorf,10/13/2022,emacfarlanrf
6 Prairieview Terrace,Apt 1638,989,263 01,417-461-8722,1/8/2023,jprettejohnsrg,3/11/2023,omckevanyrg
43 Grover Trail,1st Floor,990,6005,522-270-6110,1/2/2023,acleavelandrh,1/20/2023,pkemstonrh
1768 Pine View Lane,Suite 79,991,,532-130-3646,6/15/2023,epinckri,8/28/2023,vhoogendorpri
5 Eagan Alley,Room 915,992,6534,484-674-2842,4/28/2023,yromaynesrj,7/27/2023,rhaffordrj
53496 Union Point,Room 973,993,13330-000,191-920-1094,9/23/2023,asanderrk,3/13/2023,ployndonrk
9 Schiller Parkway,17th Floor,994,,340-675-4956,1/6/2023,zelgeyrl,10/15/2022,rconwsrl
659 Havey Avenue,3rd Floor,995,58-240,541-508-0048,10/18/2022,abarefordrm,10/4/2022,mbaradelrm
06 Delladonna Junction,13th Floor,996,8714,804-803-1992,1/8/2023,bkubicarn,9/27/2023,nmillottrn
43 Brickson Park Street,Apt 1327,997,427997,141-932-4100,10/12/2022,jfountianro,8/6/2023,eshrubsallro
070 Memorial Park,Room 772,998,,136-166-3197,5/21/2023,hfarrantsrp,11/21/2022,rpetofirp
516 Iowa Street,3rd Floor,999,,444-724-8344,9/16/2023,aruddockrq,5/28/2023,dtuxwellrq
1 Melby Center,Suite 22,1000,30430,599-702-9143,3/12/2023,jdickyrr,6/26/2023,agaytonrr
