city,countryId,createDate,createdBy,lastUpdate,lastUpdateBy
Francisco Villa,1,9/11/2023,hbarca0,2/8/2023,glyddy0
El Pardo,2,8/7/2023,scramer1,7/9/2023,afloyd1
Menlou’ao,3,4/19/2023,aruddock2,10/22/2022,mholton2
Hongtang,4,1/12/2023,tvaughan3,9/18/2023,tpandie3
Cerrito,5,9/11/2023,sselway4,9/15/2023,mlehr4
Mohale’s Hoek,6,5/7/2023,jcubbinelli5,10/1/2023,blissandri5
Banyuurip,7,6/9/2023,bwhittington6,2/15/2023,wkeough6
Roa,8,12/11/2022,zdwyer7,1/2/2023,jwinspear7
Kandun,9,9/26/2023,rheinsen8,12/15/2022,jepiscopi8
Matur,10,2/9/2023,lorris9,4/19/2023,fguttridge9
Fougamou,11,1/23/2023,btraslera,1/20/2023,jchomicza
Benito Juarez,12,12/24/2022,msterlingb,12/7/2022,kgaspardb
Guamal,13,4/3/2023,dashec,6/4/2023,bdowniec
Chaoyangdong,14,5/1/2023,kbuswelld,8/4/2023,dsummerscalesd
Barkā’,15,4/17/2023,wkonige,12/12/2022,jeagare
Dondar Quşçu,16,12/18/2022,kyesipovf,3/20/2023,ccrippesf
Taquari,17,9/1/2023,dweddupg,5/2/2023,cfearnallg
Tongli,18,9/12/2023,tilyushkinh,10/11/2022,lduberryh
Veliko Tŭrnovo,19,3/6/2023,jcondicti,2/27/2023,tbragancai
Curanilahue,20,11/27/2022,bdinsdalej,8/18/2023,lmacinnesj
Loma,21,8/27/2023,cdabellk,6/12/2023,mhasnipk
Skelivka,22,8/4/2023,ekingsnorthl,6/22/2023,mmccartyl
Stockholm,23,1/11/2023,hillesleym,3/25/2023,mtoolinm
New Orleans,24,12/30/2022,ksmellien,5/31/2023,dscaplehornn
Kachar,25,11/10/2022,hyaldreno,12/1/2022,malwino
Camp Diable,26,11/30/2022,bbowdlerp,1/20/2023,fjobp
Luozhuang,27,3/6/2023,cpackeq,12/8/2022,jkemmerq
Guali,28,9/26/2023,lcomettir,4/4/2023,bdelver
Belanting,29,4/4/2023,bseelys,1/1/2023,dquiggs
Lacroix-Saint-Ouen,30,9/21/2023,cmapsont,3/24/2023,tsambrokt
Khān Neshīn,31,2/5/2023,sdriversu,9/3/2023,speeu
Jinxiang,32,9/30/2023,trysdalev,7/24/2023,rsheranv
Boituva,33,8/17/2023,msnarw,8/12/2023,hcrambiew
La Roche-sur-Yon,34,12/30/2022,amontex,7/6/2023,tnaisbittx
Telhado,35,12/18/2022,oswyersexeyy,4/1/2023,vangeliniy
Bobigny,36,11/3/2022,dgabbattz,9/20/2023,klyvenz
Strančice,37,2/25/2023,arivitt10,7/28/2023,cmachostie10
Kebonsari,38,10/15/2022,dcod11,5/29/2023,cwilson11
Sepatan,39,9/8/2023,fsimons12,9/20/2023,msibthorp12
Sasa,40,1/17/2023,fdreghorn13,6/6/2023,fhyslop13
Łukowa,41,11/9/2022,lcalkin14,2/26/2023,mreame14
Vila Flor,42,2/20/2023,cmidlane15,7/17/2023,aianitti15
Nova Granada,43,12/23/2022,ebrandoni16,3/4/2023,ageoghegan16
Kunting,44,11/14/2022,lzanni17,4/17/2023,dbodd17
Strathmore,45,12/27/2022,bgauld18,4/5/2023,sstrotton18
Ropa,46,12/19/2022,aaloshechkin19,8/28/2023,bhinstridge19
Cungkal,47,9/23/2023,dcorran1a,12/11/2022,hbridgnell1a
Tagoloan,48,7/30/2023,jraddon1b,1/24/2023,jforrest1b
Creil,49,1/31/2023,msea1c,2/5/2023,elettsom1c
Kutamandarakan,50,12/30/2022,fennever1d,1/27/2023,dyeeles1d
Stradbally,51,10/10/2022,chulance1e,5/11/2023,ddimeloe1e
Ruše,52,4/29/2023,dibanez1f,4/8/2023,nmangin1f
Borūjerd,53,11/15/2022,mfishwick1g,5/1/2023,gveare1g
Sano,54,6/26/2023,lrusso1h,8/26/2023,rrodriguez1h
Shamkhor,55,10/21/2022,cstirzaker1i,12/6/2022,mfarnin1i
Orosh,56,2/23/2023,dashpole1j,9/11/2023,bhowick1j
Mujur Satu,57,1/5/2023,vdrinkale1k,2/20/2023,sscolts1k
Constanza,58,8/6/2023,stow1l,11/30/2022,bdobbs1l
Shankeng,59,4/20/2023,ewattinham1m,8/20/2023,npotteridge1m
Kubang,60,5/14/2023,qtape1n,7/16/2023,kclarson1n
Chernigovka,61,12/5/2022,dmillion1o,10/10/2022,cmilnes1o
Cabinda,62,8/24/2023,fsegar1p,4/23/2023,mbradberry1p
Kagawasan,63,10/15/2022,mashdown1q,5/13/2023,pboyett1q
Khvalynsk,64,6/3/2023,oitzcak1r,2/2/2023,ejarrett1r
Fushi,65,12/15/2022,drichens1s,10/11/2022,araffon1s
Bocaiúva,66,12/25/2022,pnarraway1t,12/16/2022,eotridge1t
Nizhnevartovsk,67,3/10/2023,astoad1u,8/30/2023,zdenyagin1u
Querobamba,68,5/8/2023,kjovic1v,11/29/2022,gmonsey1v
Pindamonhangaba,69,3/25/2023,rstripp1w,5/21/2023,stingle1w
Tønsberg,70,4/14/2023,amathy1x,11/27/2022,ajuster1x
‘Afak,71,2/9/2023,gminihan1y,8/18/2023,itrethowan1y
Oke Ila,72,4/1/2023,moloman1z,8/21/2023,mbeer1z
Zhengwan,73,2/22/2023,pburfitt20,9/6/2023,bquarless20
Colomiers,74,9/25/2023,bpanton21,3/31/2023,ddrinkhill21
Loyew,75,2/3/2023,vblenkinsopp22,11/13/2022,abaddow22
Sumberjeruk,76,12/24/2022,dtippetts23,10/28/2022,nmilthorpe23
Litibakul,77,8/16/2023,mburgoyne24,6/10/2023,kflintoff24
Paris 01,78,9/12/2023,ahuett25,9/9/2023,abatisse25
Paôy Pêt,79,2/3/2023,lweepers26,4/20/2023,rwhitehurst26
Kisasa,80,11/26/2022,dyegorov27,3/1/2023,tgarrigan27
Tucson,81,2/20/2023,rcarnihan28,3/16/2023,tandreichik28
Malpique,82,8/10/2023,cgonthier29,9/1/2023,mrentcome29
Puan,83,3/12/2023,ckilsby2a,7/27/2023,coflaverty2a
Kylmäkoski,84,10/18/2022,pbullan2b,1/10/2023,gklinck2b
Pasadena,85,10/23/2022,cogriffin2c,7/11/2023,kfrankcom2c
Sacramento,86,12/13/2022,ksueter2d,4/26/2023,mgossop2d
Dobryanka,87,3/23/2023,mjanney2e,1/25/2023,vschroeder2e
Lewoduli,88,10/18/2022,rstoyle2f,12/12/2022,rlindborg2f
Talibura,89,7/31/2023,ttithecote2g,6/30/2023,gjeger2g
Ilhabela,90,1/21/2023,bwincer2h,11/16/2022,ftownes2h
Ntobo,91,10/3/2022,vthurlborn2i,3/10/2023,vtruss2i
Firá,92,3/26/2023,eriping2j,4/11/2023,rbolte2j
Kuantan,93,2/22/2023,jdhooghe2k,7/12/2023,tspeck2k
Quatro Barras,94,11/24/2022,vpaulucci2l,3/26/2023,yspini2l
Kibara,95,6/7/2023,bschooling2m,4/12/2023,acornthwaite2m
Pasadena,96,8/28/2023,bjoder2n,6/14/2023,owayland2n
Huapi,97,9/10/2023,mvines2o,11/22/2022,bcharnley2o
Joconal,98,11/8/2022,eburbridge2p,4/23/2023,fsimmon2p
Kuzhu,99,7/7/2023,jchartman2q,11/14/2022,jdowns2q
Blimbing,100,12/27/2022,lwaghorne2r,1/19/2023,zdobbin2r
Yuanbao,101,4/20/2023,mtraut2s,7/17/2023,mbaalham2s
Cabañas,102,3/1/2023,cwhyke2t,1/23/2023,jbreadon2t
Chadian,103,11/18/2022,lwillets2u,2/8/2023,rwalsh2u
Dongkan,104,6/25/2023,bfoystone2v,7/3/2023,tjudron2v
Piteå,105,2/15/2023,avakhlov2w,4/1/2023,nscandwright2w
Conchucos,106,11/2/2022,drosenberger2x,6/6/2023,zsedman2x
Gharavŭtí,107,8/26/2023,pmiddlewick2y,10/31/2022,bbratchell2y
Xinning,108,11/24/2022,jhearnaman2z,3/27/2023,dbrittoner2z
Sibucao,109,2/5/2023,acompford30,3/25/2023,nraven30
Mandal,110,8/22/2023,lpetrovsky31,5/29/2023,cmiddup31
Boulogne-Billancourt,111,6/28/2023,hlambie32,8/4/2023,spablos32
New Agutaya,112,9/22/2023,jarlet33,9/13/2023,lbain33
Diébougou,113,7/1/2023,llowings34,1/22/2023,cinsall34
Khelyulya,114,10/9/2022,jwynch35,10/29/2022,bkittiman35
Xijiang,115,8/11/2023,etytterton36,11/16/2022,cmiroy36
Oslo,116,5/1/2023,bbuckney37,9/27/2023,dsouttar37
Jingtailu,117,3/29/2023,afishpool38,4/1/2023,nminett38
San Pedro Masahuat,118,3/13/2023,gmuris39,7/24/2023,mspore39
Bledzew,119,12/23/2022,ctarbath3a,10/13/2022,cwallach3a
Bakersfield,120,3/14/2023,wbasire3b,11/19/2022,sgonneau3b
Tongkiling,121,9/30/2023,kfilippov3c,6/16/2023,mmcnirlin3c
Yamen,122,11/18/2022,emanoch3d,2/21/2023,ebemlott3d
Monte Novo,123,4/29/2023,zcarnaman3e,7/6/2023,tstoile3e
Pirallahı,124,12/16/2022,amattocks3f,7/31/2023,bdyzart3f
Bagumbayan,125,4/21/2023,vgartell3g,3/19/2023,pstranieri3g
Pasirhaur,126,2/17/2023,cwasteney3h,3/14/2023,wcaldes3h
Oliveira,127,9/25/2023,jhewertson3i,8/25/2023,comonahan3i
Borås,128,7/7/2023,bnewlands3j,11/27/2022,gyoell3j
Manat,129,2/13/2023,gmacandrew3k,6/1/2023,ethay3k
Shezë,130,5/30/2023,tricco3l,2/20/2023,gbarnardo3l
Nglengkong,131,5/24/2023,bhightown3m,1/9/2023,twentworth3m
Saint-Priest,132,5/24/2023,pthompson3n,9/3/2023,bguilliatt3n
Monteros,133,12/20/2022,rmacfadyen3o,5/28/2023,msingh3o
Gresik,134,2/14/2023,wcromett3p,4/11/2023,ltemprell3p
Buerarema,135,9/3/2023,krelton3q,12/8/2022,sneeve3q
Nisí,136,12/18/2022,wmitrovic3r,1/12/2023,cminchinton3r
Huangbu,137,5/7/2023,nschober3s,1/3/2023,ccanland3s
Naran-mandokhu Somon,138,5/18/2023,sbrightey3t,6/24/2023,pkelledy3t
Nackawic,139,4/10/2023,qgrocott3u,11/13/2022,cmablestone3u
Mesyagutovo,140,7/3/2023,mlitterick3v,11/28/2022,cslemmonds3v
San Nicolás de los Arroyos,141,12/8/2022,sgridon3w,3/10/2023,ntriswell3w
Bitica,142,1/22/2023,ncavell3x,8/30/2023,fkendall3x
Outeiro,143,6/17/2023,mmayhou3y,10/12/2022,hlonghorne3y
Yanglang,144,3/14/2023,gswinbourne3z,3/22/2023,ghotson3z
Lons-le-Saunier,145,8/9/2023,ucrebo40,3/3/2023,kmedgewick40
Pampanito,146,9/6/2023,edargie41,10/17/2022,lbohlmann41
Lapuz,147,2/1/2023,ccleife42,5/18/2023,vzorro42
Chiţcani,148,8/2/2023,dlowings43,1/24/2023,gmylan43
Estique,149,1/9/2023,lscopes44,8/12/2023,iabrami44
Ntungamo,150,10/21/2022,tcomport45,4/14/2023,eodeegan45
Zeist,151,3/13/2023,ccoey46,4/20/2023,mlarrett46
Igarapé Açu,152,1/26/2023,jarmand47,8/2/2023,helcy47
Bandar Seri Begawan,153,9/24/2023,arolley48,7/27/2023,sgagg48
San Vicente,154,12/13/2022,jbartell49,11/24/2022,ymulbry49
Ventersburg,155,2/21/2023,kparcall4a,12/16/2022,ntimson4a
Lyaskovets,156,11/9/2022,efigge4b,5/17/2023,dpolye4b
Belo Oriente,157,5/22/2023,cgawthorpe4c,12/28/2022,kmckew4c
Sakhnīn,158,10/2/2022,msetterthwait4d,3/28/2023,tbroadstock4d
Jiuxian,159,9/14/2023,gmallam4e,9/22/2023,rsheaf4e
Palestina,160,9/10/2023,swenden4f,4/2/2023,ghaversum4f
Jilin,161,3/12/2023,vbrisland4g,11/4/2022,fvaud4g
Ikeda,162,11/8/2022,rwalden4h,1/22/2023,ldoey4h
Manosque,163,12/9/2022,btures4i,2/21/2023,gbinge4i
Cikaung,164,2/23/2023,lsauvan4j,4/12/2023,pclee4j
Balingueo,165,11/11/2022,spuddephatt4k,1/3/2023,lvaines4k
Libacao,166,10/1/2023,tcamble4l,2/13/2023,ahradsky4l
Skibbereen,167,1/21/2023,bmorican4m,1/26/2023,mtrymme4m
Bohutín,168,11/25/2022,sbagshaw4n,11/25/2022,ejacobsz4n
Los Lotes,169,10/9/2022,fwhitmarsh4o,7/7/2023,mrosenstengel4o
Merke,170,5/5/2023,brocco4p,6/13/2023,igreim4p
Fengsheng,171,8/15/2023,emaccostigan4q,8/20/2023,kdufton4q
Tundagan,172,9/26/2023,rphinn4r,5/13/2023,mosgarby4r
Trollhättan,173,5/20/2023,cgeale4s,11/25/2022,rcoonan4s
Giawang,174,8/11/2023,dpenke4t,3/27/2023,bdawidman4t
Patayac,175,11/1/2022,tivashkov4u,3/12/2023,lcobbe4u
San Antonio,176,2/12/2023,eyegorkin4v,8/27/2023,leneas4v
Baihe,177,2/20/2023,ggreenrod4w,10/27/2022,rlowseley4w
Bile,178,3/3/2023,mstainsby4x,5/1/2023,dbloggett4x
Ampasimanolotra,179,12/26/2022,bdana4y,2/21/2023,epargeter4y
Sincelejo,180,9/29/2023,jgoley4z,10/15/2022,gcolville4z
Tsyurupyns’k,181,10/12/2022,yjuliano50,6/29/2023,ygarlick50
Mulhouse,182,10/18/2022,nohearn51,7/10/2023,fcrofts51
San Vicente de Bique,183,10/25/2022,mharfoot52,1/29/2023,oridwood52
Yingdianjie,184,8/7/2023,bburbage53,3/20/2023,ffiske53
Panguruan,185,11/17/2022,abloggett54,1/1/2023,meggleton54
Paris 08,186,4/4/2023,fingray55,6/21/2023,rpoytheras55
Guiping,187,10/17/2022,dshowte56,9/11/2023,rcagan56
Göteborg,188,7/6/2023,mfallowfield57,8/4/2023,dmonard57
Kabin Buri,189,5/25/2023,kgravy58,10/14/2022,dclyma58
Parawan,190,9/17/2023,aarmstrong59,11/9/2022,pduignan59
Shiyang,191,5/7/2023,tohartagan5a,1/31/2023,cchilvers5a
Ishigaki,192,7/8/2023,fmckean5b,8/9/2023,aellery5b
Kuala Terengganu,193,12/19/2022,dwillcocks5c,5/20/2023,jkeming5c
Selaawi,194,2/27/2023,jaldis5d,8/13/2023,mudall5d
Loandjili,195,12/6/2022,dfuke5e,6/25/2023,myakobovitz5e
General Luna,196,11/18/2022,wcleugher5f,7/26/2023,gswanborough5f
La Francia,197,1/19/2023,lrubenczyk5g,10/21/2022,rgell5g
Zaïo,198,6/9/2023,tleethem5h,2/23/2023,adanne5h
San Felipe,199,1/1/2023,eriguard5i,3/22/2023,aleathard5i
Xiakouyi,200,7/7/2023,abater5j,4/16/2023,otenbrug5j
Tarascon,201,1/16/2023,ecamerati5k,1/2/2023,mpapworth5k
Floirac,202,6/8/2023,cbarczynski5l,6/26/2023,jshegog5l
Magitang,203,1/12/2023,flagden5m,9/30/2023,athomerson5m
Campo Viera,204,12/22/2022,ayakushkin5n,7/26/2023,kings5n
Jalal-Abad,205,8/20/2023,lfinlan5o,12/13/2022,ekuhlmey5o
Cergy-Pontoise,206,3/11/2023,kleborgne5p,4/29/2023,afuxman5p
Makadi Bay,207,7/8/2023,mragge5q,6/9/2023,rchessor5q
Shache,208,10/29/2022,ckemell5r,9/21/2023,iamy5r
Oju,209,4/5/2023,yhawksley5s,3/27/2023,nheffernon5s
Arauquita,210,11/3/2022,dleither5t,3/16/2023,epenner5t
Kut Chap,211,4/25/2023,dgreenset5u,8/29/2023,ldahill5u
Kelīshād va Sūdarjān,212,12/24/2022,kfrandsen5v,12/28/2022,cpavey5v
Yonglong,213,5/1/2023,amcilheran5w,1/24/2023,ocockayne5w
Aş Şūrah aş Şaghīrah,214,12/4/2022,cdike5x,10/12/2022,cnewband5x
Nyandoma,215,2/26/2023,rkinzel5y,8/24/2023,nbarter5y
Manukau City,216,4/24/2023,bcissen5z,11/6/2022,gspellworth5z
Sumbergayam,217,8/26/2023,akift60,8/8/2023,sludlow60
Đoan Hùng,218,6/22/2023,rgelletly61,11/7/2022,schalloner61
Nikhom Kham Soi,219,2/11/2023,kgladdin62,4/4/2023,rdesantos62
Emiliano Zapata,220,2/22/2023,cpien63,1/13/2023,fsitwell63
Taveiro,221,12/18/2022,ccastagno64,9/27/2023,jyewdale64
Juiz de Fora,222,3/2/2023,ugumery65,8/27/2023,aleek65
Majiang,223,3/24/2023,thuish66,2/25/2023,gberre66
Siwa Oasis,224,9/25/2023,dsurguine67,2/17/2023,mramsay67
Ajax,225,4/23/2023,hmayhow68,9/17/2023,cjiruca68
Perez,226,11/16/2022,likins69,12/16/2022,kgowrich69
Coloncito,227,1/25/2023,sroe6a,10/6/2022,rkalinke6a
Cherëmushki,228,1/20/2023,knatt6b,12/17/2022,djeavon6b
Haokou,229,4/8/2023,evassar6c,12/2/2022,dbidmead6c
Sandu,230,9/22/2023,gepiscopio6d,2/10/2023,sstrippel6d
Kiambu,231,3/5/2023,ebontoft6e,1/20/2023,boscandall6e
Apt,232,6/27/2023,bgillhespy6f,4/3/2023,rwebermann6f
Bromma,233,7/19/2023,wcardno6g,1/16/2023,wfurney6g
Lagawe,234,7/6/2023,olidgely6h,5/3/2023,jpomphrett6h
Kaolinovo,235,6/12/2023,cseaward6i,11/25/2022,epurveys6i
Al Qurḩ,236,1/19/2023,bbalm6j,7/20/2023,lgush6j
Akaki,237,6/10/2023,sscouller6k,6/20/2023,nhuyche6k
Baima,238,7/22/2023,dknellen6l,9/3/2023,ameads6l
Álli Meriá,239,12/7/2022,bnudd6m,3/13/2023,obangham6m
Ebak,240,4/26/2023,jseagrave6n,6/25/2023,bgrigoriscu6n
Atlanta,241,2/27/2023,ghuleatt6o,10/20/2022,dfeeham6o
Tlogowetan,242,7/9/2023,aprattington6p,6/30/2023,btollet6p
Palmdale,243,5/2/2023,thallbord6q,6/26/2023,lriche6q
Itō,244,5/2/2023,hportail6r,1/14/2023,grymill6r
Huangben,245,8/2/2023,tmcffaden6s,9/6/2023,ceverard6s
Sīlat al Ḩārithīyah,246,12/28/2022,echapellow6t,1/18/2023,lmewhirter6t
Yanaoca,247,7/7/2023,lpilmer6u,12/25/2022,fbramah6u
Wuyahe,248,2/4/2023,mgratrex6v,7/16/2023,kimason6v
Paniówki,249,3/16/2023,jwase6w,10/30/2022,eingerson6w
Costeira do Pirajubae,250,6/8/2023,asworne6x,2/18/2023,kpaul6x
Sandefjord,251,9/3/2023,egrombridge6y,12/24/2022,dstanfield6y
Anticala,252,12/8/2022,byurenin6z,9/21/2023,wcowoppe6z
Kambia,253,12/28/2022,rwager70,5/26/2023,npatemore70
Zhougao,254,3/6/2023,tgilbart71,11/23/2022,rsotheby71
Novyy Karachay,255,2/26/2023,choldforth72,10/31/2022,rternouth72
Belén de los Andaquíes,256,8/28/2023,lbaynton73,3/15/2023,tpaulus73
Jiangduo,257,3/4/2023,gjephcott74,10/22/2022,bwoollons74
Mirovka,258,12/24/2022,icurphey75,5/3/2023,ejahncke75
Ábrego,259,4/16/2023,egerdes76,9/28/2023,rjeenes76
Hengshitang,260,5/1/2023,ckirley77,4/13/2023,sdrever77
‘Alāqahdārī Gēlān,261,4/25/2023,tbellas78,10/22/2022,nfarnish78
Puerto Quijarro,262,7/9/2023,ttrim79,10/6/2022,dtrimby79
Bacag,263,1/25/2023,btrewhella7a,4/1/2023,ajossum7a
Dayan,264,4/5/2023,tbickerdike7b,12/1/2022,kpieter7b
Setono,265,8/28/2023,gbaxter7c,1/29/2023,bskews7c
Bagumbayan,266,5/31/2023,hcolten7d,12/21/2022,sortiger7d
Abelheira,267,7/7/2023,bmcglynn7e,6/23/2023,ashera7e
Francisco I Madero,268,6/21/2023,lkolushev7f,9/19/2023,fdoree7f
Vihti,269,7/18/2023,rstell7g,5/30/2023,tlemm7g
Albany,270,8/14/2023,pmacbey7h,11/13/2022,cshurrock7h
Ruangwa,271,4/10/2023,cdilrew7i,2/1/2023,kjeanneau7i
Xinfeng,272,4/12/2023,hhenden7j,7/21/2023,bmearing7j
Maoming,273,7/15/2023,capplin7k,3/14/2023,tchauvey7k
Xialiao,274,11/10/2022,khutchin7l,8/1/2023,pdanilin7l
Inawashiro,275,5/1/2023,mrigolle7m,4/15/2023,nlickorish7m
El Paso,276,2/28/2023,scastilljo7n,12/7/2022,lfuente7n
Long Hồ,277,12/24/2022,rwalbridge7o,1/19/2023,rhuntingford7o
Iperó,278,3/28/2023,mellyatt7p,11/8/2022,bfoord7p
Kalde Panga,279,7/13/2023,mmabbett7q,5/3/2023,byalden7q
Yuekou,280,6/11/2023,nhatchell7r,1/1/2023,avery7r
Glogovac,281,8/28/2023,lallsupp7s,10/18/2022,sthunnercliff7s
Gande,282,7/19/2023,cmisson7t,9/3/2023,plumsdall7t
Dniprodzerzhyns’k,283,7/21/2023,acarnduff7u,3/19/2023,cpinkstone7u
Valvedditturai,284,10/16/2022,haronowicz7v,11/4/2022,jpearle7v
København,285,7/30/2023,tciobotaro7w,5/4/2023,avasyatkin7w
Tinambac,286,9/7/2023,kattrie7x,2/15/2023,awoodeson7x
Sobinka,287,3/16/2023,amiles7y,4/9/2023,mcapewell7y
Primorskiy,288,5/20/2023,eheinert7z,10/23/2022,mstedson7z
Plužine,289,12/4/2022,abucklee80,4/29/2023,prumble80
Embalse,290,5/2/2023,nderdes81,12/23/2022,dschwartz81
Penisihan,291,8/10/2023,bglasner82,8/6/2023,jradolf82
Damnoen Saduak,292,7/23/2023,odeclerc83,4/24/2023,layerst83
Tarutung,293,11/29/2022,sbernardelli84,6/10/2023,tplaskitt84
Guicheng,294,11/19/2022,escotson85,6/24/2023,everring85
Niaohe,295,8/14/2023,sflawn86,9/24/2023,wdabernott86
Pocora,296,9/5/2023,jgaddesby87,5/27/2023,dguyot87
Propriá,297,5/18/2023,ecarress88,2/21/2023,byarker88
Mranggen,298,11/16/2022,opaulou89,6/4/2023,hciric89
Yantang,299,10/19/2022,lpriddle8a,6/2/2023,jravilious8a
Stare Juchy,300,8/15/2023,wkeeffe8b,8/11/2023,cclementi8b
Xingang,301,12/2/2022,deste8c,8/10/2023,aforbes8c
San Francisco,302,12/10/2022,rgohn8d,7/5/2023,jnotti8d
Sagrada Familia,303,8/28/2023,gplaxton8e,4/18/2023,kdionis8e
Sam Roi Yot,304,6/21/2023,zkettridge8f,5/17/2023,konions8f
Zürich,305,6/8/2023,dferras8g,2/4/2023,hprando8g
Paccha,306,1/21/2023,gmedler8h,4/17/2023,cgryglewski8h
Wien,307,3/23/2023,efarans8i,11/13/2022,mlacaze8i
Isahaya,308,3/5/2023,vcossell8j,8/31/2023,kpercy8j
Dianqian,309,6/2/2023,hpaterno8k,3/14/2023,relderfield8k
Jiuxian,310,1/26/2023,cdimond8l,4/3/2023,mgreensides8l
Teykovo,311,5/12/2023,lshambrook8m,6/10/2023,hlockhurst8m
Naurskaya,312,6/27/2023,dmatasov8n,3/2/2023,mmurrish8n
Nantes,313,2/28/2023,enazareth8o,6/21/2023,hhatfield8o
Hainan,314,5/7/2023,cairey8p,12/9/2022,dbeevers8p
Lang Suan,315,8/15/2023,bparratt8q,11/16/2022,lchesters8q
Bintulu,316,5/7/2023,kvelden8r,12/23/2022,nhubatsch8r
Zoumaping,317,8/16/2023,dmilliken8s,9/14/2023,gfardell8s
Jaru,318,7/23/2023,amcwhinney8t,3/10/2023,rmanuele8t
Danyang,319,6/7/2023,tmeron8u,9/26/2023,vwragg8u
Gomunice,320,6/22/2023,surey8v,12/10/2022,mthomazet8v
Limoges,321,10/9/2022,rkaszper8w,12/28/2022,bannesley8w
Roi Et,322,12/22/2022,twintersgill8x,6/28/2023,ableackly8x
Minle,323,8/29/2023,ljesson8y,6/27/2023,ylusty8y
Sidi Qacem,324,1/4/2023,hdetocqueville8z,4/1/2023,sdaveran8z
Údlice,325,8/29/2023,esitch90,4/23/2023,tharte90
Bhola,326,7/15/2023,pcarthy91,5/23/2023,igilhespy91
San Julian,327,6/19/2023,knana92,4/15/2023,mlee92
Baltimore,328,11/1/2022,ipo93,6/4/2023,mpercifull93
Huangyan,329,11/12/2022,schaffe94,4/21/2023,yfry94
Biankouma,330,8/8/2023,jhowis95,9/13/2023,cbrambell95
Auas,331,7/2/2023,ltwelves96,11/16/2022,uogara96
Barreiras,332,5/8/2023,bmckinty97,9/14/2023,mpawelec97
Deskle,333,8/31/2023,swater98,4/4/2023,mgibbieson98
Pýli,334,3/26/2023,kaylmore99,12/18/2022,vohanessian99
Banjar Jagasatru,335,9/28/2023,odunrige9a,8/5/2023,redie9a
Kadubadak,336,9/8/2023,sfasset9b,9/18/2023,hclementson9b
Hongxi,337,3/20/2023,cjedraszek9c,9/28/2023,lteesdale9c
Santa Luzia,338,2/5/2023,sgarrish9d,9/27/2023,mbafford9d
Hammarö,339,12/26/2022,rdeny9e,9/23/2023,bhache9e
Basel,340,6/2/2023,adearsley9f,11/12/2022,sdoumenc9f
Kanturk,341,1/16/2023,ischroeder9g,1/23/2023,bfuggles9g
Oshawa,342,6/15/2023,jdegliabbati9h,5/15/2023,igrebbin9h
Galátsi,343,2/9/2023,grichemont9i,9/29/2023,tmcqueen9i
Jurovski Dol,344,4/1/2023,slanglands9j,12/6/2022,acorkan9j
Herīs,345,9/1/2023,groutham9k,6/24/2023,mmorsom9k
Xinfu,346,8/9/2023,hbrede9l,9/16/2023,mkryska9l
Essen,347,12/3/2022,tinnot9m,5/4/2023,sdjuricic9m
Tân Việt,348,8/30/2023,gwantling9n,11/11/2022,idaltry9n
Chervyen’,349,3/8/2023,tmedwell9o,6/9/2023,rhuggons9o
Matango,350,6/13/2023,gbrolly9p,12/16/2022,caleksankov9p
Łukowa,351,8/28/2023,slittlewood9q,12/9/2022,slangmead9q
Dahuang,352,10/6/2022,jritchings9r,7/24/2023,tsaggers9r
Zavidovo,353,4/3/2023,larrighini9s,1/29/2023,bedlington9s
Yangliu,354,10/22/2022,rhastwell9t,10/3/2022,cwhebell9t
Fatou,355,5/23/2023,dodonoghue9u,8/18/2023,slefeaver9u
Monteros,356,2/1/2023,ejeste9v,3/13/2023,gstaunton9v
Xintang,357,9/12/2023,ibettley9w,1/31/2023,gdrinkale9w
Essang,358,3/2/2023,fcatmull9x,3/11/2023,hdarrigo9x
Simajia,359,9/15/2023,etenwick9y,9/26/2023,fnew9y
Ratchathewi,360,4/13/2023,broma9z,8/1/2023,abard9z
Cipinang,361,12/24/2022,pbinnya0,3/3/2023,nkleinerta0
Dipayal,362,6/2/2023,emunkleya1,1/14/2023,sheavisidea1
Huangshi,363,9/10/2023,wmearsa2,3/9/2023,bmilburnea2
Kingston,364,9/29/2023,pmallyaa3,12/23/2022,aalsopa3
Dungloe,365,1/2/2023,mmiddletona4,11/14/2022,cbohikea4
Ḩammām Wāşil,366,8/3/2023,csaintpierrea5,6/6/2023,anawtona5
Stockholm,367,6/27/2023,ggornalla6,9/18/2023,npauleita6
Jiangchuanlu,368,10/8/2022,ncutchiea7,2/14/2023,lyepiskopova7
Bokat,369,9/12/2023,amatschuka8,7/14/2023,pbortolottia8
Bocaiúva,370,11/25/2022,fguilberta9,1/22/2023,scollinettea9
Chalchuapa,371,6/2/2023,ltenneyaa,3/31/2023,medwickeaa
Shanghudi,372,2/18/2023,dlynskeyab,4/28/2023,ahavelineab
Nanning,373,7/19/2023,loloneac,6/6/2023,mprielac
Brest,374,10/9/2022,mliverockad,8/13/2023,mloyntonad
Pámfylla,375,9/21/2023,mbaineae,8/4/2023,wtankinae
Ḩuwwārah,376,11/17/2022,dbunceaf,3/22/2023,gkirkamaf
Al ‘Azīzīyah,377,10/17/2022,mgreensittag,9/16/2023,cmanlowag
Oltintopkan,378,9/9/2023,vdavioudah,12/16/2022,wcheineah
Baoshan,379,11/15/2022,cmckinleyai,10/26/2022,amillhouseai
Palon,380,6/14/2023,lsortonaj,12/28/2022,vdooreaj
Limit,381,7/26/2023,aferyak,4/16/2023,tpetrolak
Rennes,382,1/21/2023,ltingleyal,1/14/2023,jglisenanal
Joroan,383,5/21/2023,alivockam,10/22/2022,vbuckneyam
Soa,384,12/12/2022,dmckerronan,2/22/2023,bgerokan
Torino,385,6/28/2023,astygallao,10/24/2022,etooherao
Alto de la Estancia,386,3/2/2023,aschollickap,4/2/2023,glaversap
Kuching,387,12/11/2022,wmichinaq,7/31/2023,srenolaq
Armen,388,12/11/2022,kspeerar,5/25/2023,fvignauxar
Dalong,389,3/13/2023,mbrayas,6/28/2023,lmossdaleas
Monaghan,390,3/5/2023,rewanat,9/9/2023,gremerat
Liulimiao,391,12/2/2022,achalfantau,6/11/2023,rossultonau
Mudon,392,8/8/2023,moldhamav,6/25/2023,awhettletonav
Mlimba,393,7/30/2023,lclayillaw,4/9/2023,jluggaw
Duishan,394,12/26/2022,sewensonax,6/8/2023,dmckernonax
Photharam,395,4/17/2023,dtaplinay,7/12/2023,gpetrishchevay
Naryn,396,11/29/2022,callnattaz,6/25/2023,zmaindsaz
Julayjilah,397,1/7/2023,hvarahb0,9/26/2023,mbattrumb0
Montpellier,398,5/27/2023,amarquissb1,8/24/2023,bkingsb1
Tarfaya,399,8/16/2023,nkroutb2,11/7/2022,pflescherb2
Khorosheve,400,7/9/2023,eblankingb3,5/17/2023,edubockb3
Frydek,401,2/7/2023,bmartignonb4,4/6/2023,ecortezb4
Wantian,402,2/1/2023,scordeixb5,11/22/2022,wsimkinsb5
Sharkawshchyna,403,6/24/2023,jyakovlivb6,8/1/2023,bpictonb6
Savannah,404,6/3/2023,msavellb7,11/4/2022,mmurrowb7
Lapaz,405,7/15/2023,ddefriesb8,5/31/2023,efranklingb8
Phong Điền,406,1/4/2023,rshipseyb9,3/8/2023,llasslettb9
Pisz,407,9/9/2023,jumfreyba,4/13/2023,bbrittleba
Yershov,408,6/15/2023,vloitertonbb,6/10/2023,atunstallbb
Khelyulya,409,12/30/2022,tlequesnebc,3/18/2023,amorrisbc
Santa Cruz de Guacas,410,4/12/2023,thealksbd,12/10/2022,dmartinonbd
Dao’er,411,12/14/2022,mjarredbe,4/14/2023,kmurdenbe
Polo,412,10/4/2022,aerrickerbf,12/19/2022,jdoohanbf
Zlataritsa,413,5/7/2023,crisbiebg,8/10/2023,eocannanbg
Siteía,414,7/15/2023,awhitesonbh,4/11/2023,mstoggellbh
Talon,415,9/5/2023,tabramowskybi,8/19/2023,idreschlerbi
Nikísiani,416,12/7/2022,mskitteralbj,4/26/2023,yskirrowbj
Longping,417,6/16/2023,fspragingbk,2/6/2023,scabk
Aurora,418,4/18/2023,vkondratenkobl,8/8/2023,alegricebl
Sigou,419,3/2/2023,kgrigolibm,10/10/2022,jfeltonbm
Shun’ga,420,9/21/2023,mscalesbn,6/12/2023,dgroutbn
Qızılhacılı,421,7/27/2023,kkiendlbo,6/19/2023,gzealybo
Shreveport,422,11/7/2022,aalelsandrovichbp,12/22/2022,tvaggersbp
Machagai,423,10/13/2022,phalkyardbq,8/26/2023,mdendonbq
Berlín,424,3/6/2023,hbrandbr,8/17/2023,kvaudrebr
Gambēla,425,5/13/2023,agilloolybs,10/6/2022,ablackslandbs
Araucária,426,2/19/2023,mmagennybt,11/21/2022,lmulhollandbt
Talisay,427,12/12/2022,kkilloughbu,9/10/2023,chuetsonbu
Tabatinga,428,2/19/2023,bthomassetbv,3/18/2023,cerrickerbv
Krivodanovka,429,11/16/2022,medmonstonbw,6/20/2023,dchaimsonbw
Bulianhe,430,4/25/2023,acasementbx,7/28/2023,cantonsenbx
Santiago Nonualco,431,3/24/2023,hherrerosby,9/1/2023,ltommenby
Cibeureum,432,6/4/2023,mlambshinebz,2/24/2023,bpetreczbz
Manama,433,9/29/2023,bwaddilovec0,2/8/2023,pabbotc0
Quintãs,434,3/12/2023,rdanielczykc1,3/14/2023,lrichardsc1
Boleiros,435,3/19/2023,ryeowellc2,5/3/2023,ebagnalc2
Hongtang,436,9/5/2023,sbuntc3,9/30/2023,eclacksonc3
Alvalade,437,10/19/2022,ishellyc4,10/24/2022,nchattingtonc4
Baligród,438,2/10/2023,dmorbeyc5,6/7/2023,cmaplethorpec5
Chengzhong,439,5/18/2023,bkeelec6,1/5/2023,ryakunikovc6
Osiek,440,3/23/2023,lcuddec7,5/13/2023,cmcteerc7
Embarcación,441,1/24/2023,mmardlec8,12/5/2022,callonbyc8
Nîmes,442,9/25/2023,swetherellc9,8/2/2023,hculbardc9
Karlsruhe,443,11/14/2022,adrabbleca,9/1/2023,lkeatchca
Zwolle,444,11/10/2022,fstoppcb,8/26/2023,gshrubbcb
Quận Tân Phú,445,12/25/2022,ehydescc,7/19/2023,wlesieurcc
Talok,446,8/23/2023,cwreffordcd,3/15/2023,kopiecd
Poço Verde,447,7/19/2023,npochetce,6/11/2023,kwilfingce
Shiqiao,448,1/22/2023,mstrachancf,8/25/2023,akeningtoncf
Brusyliv,449,11/18/2022,wengehamcg,4/24/2023,rscrowtoncg
Same,450,4/13/2023,lmulqueench,4/11/2023,lwhitwhamch
Lesuhe,451,4/27/2023,akennermannci,1/12/2023,agemnettci
Tangjiakou,452,1/1/2023,vcardenosacj,5/18/2023,gruttycj
Damaying,453,4/17/2023,oskyrmck,11/7/2022,mnewarteck
Twyford,454,11/22/2022,pcronkcl,12/7/2022,cgrafhomcl
Sirre,455,1/29/2023,lkeeblecm,7/4/2023,hreiscm
Paombong,456,9/7/2023,baleksankovcn,4/5/2023,tsabattiercn
Aromashevo,457,2/8/2023,edrinkhillco,2/14/2023,bstoakleyco
Siaya,458,7/1/2023,badnettcp,11/19/2022,amenearcp
Xiangyangpu,459,7/8/2023,oloudcq,9/16/2023,tpawlatacq
Santa Bárbara,460,12/19/2022,sbruntoncr,1/24/2023,mglowachacr
Hengliang,461,9/4/2023,ptegellercs,7/18/2023,gfortnumcs
Bauang,462,1/11/2023,gjentct,10/9/2022,jgaufordct
Trondheim,463,4/24/2023,ebemwellcu,5/19/2023,claurentcu
Santo Niño,464,1/3/2023,cpiotrcv,10/7/2022,jmilnercv
Manalu,465,2/18/2023,emackettrickcw,10/7/2022,azahorcw
Wirral,466,1/18/2023,fwynnecx,7/24/2023,ccawkillcx
Áyios Nikólaos,467,1/29/2023,pshewringcy,10/17/2022,echrismascy
Balayang,468,6/27/2023,tlowethcz,9/22/2023,eespinazocz
Soriano,469,12/5/2022,esconed0,1/6/2023,wcoltherdd0
Bang Pakong,470,11/23/2022,ehawardend1,12/24/2022,dclarad1
Nsok,471,12/19/2022,bbilslandd2,9/4/2023,lpillingd2
Landskrona,472,5/22/2023,hrubinowitchd3,5/21/2023,eparkind3
Asembagus,473,4/13/2023,roakwelld4,6/3/2023,titterd4
Leonídio,474,3/17/2023,bdawidowiczd5,8/25/2023,agottelierd5
Matozinhos,475,11/22/2022,mcicuttod6,5/13/2023,dcoselyd6
Beringovskiy,476,7/20/2023,ejimesd7,1/19/2023,pcastelletd7
Ōnojō,477,9/6/2023,gbarszczewskid8,12/31/2022,cbjorkand8
Brwinów,478,2/12/2023,tmacdermottd9,3/22/2023,sfranceschid9
Maying,479,9/20/2023,nmataninda,4/24/2023,sricheda
Shimo-furano,480,7/6/2023,mbilliarddb,2/5/2023,mclowleydb
Ḩuwwārah,481,4/10/2023,dstolworthydc,7/12/2023,barchanbaultdc
Sukhobezvodnoye,482,5/31/2023,abilyarddd,12/25/2022,fcobbingdd
Düsseldorf,483,11/29/2022,cgoodridgede,4/26/2023,fzettoide
Zavitinsk,484,6/20/2023,mtropmandf,12/31/2022,mmartendf
Sumberingin Kulon,485,6/23/2023,jkohnertdg,5/23/2023,ccostidg
Tangzha,486,9/11/2023,aboutellierdh,2/9/2023,sryamdh
Luleå,487,5/18/2023,jproshdi,11/11/2022,chellingsdi
Vanino,488,12/6/2022,llohmeyerdj,9/13/2023,jmccuddendj
Pajaten,489,12/24/2022,hitzkovwichdk,6/16/2023,mchrystiedk
Mabuhay,490,3/1/2023,cdobbsondl,5/28/2023,sneathwaydl
Kuanchuan,491,1/29/2023,tkyddedm,10/16/2022,ecomollidm
Saitama,492,2/19/2023,cmilmodn,7/15/2023,rtrevaskisdn
Onoda,493,4/11/2023,lbartoshevichdo,8/31/2023,hraubenheimerdo
Batawa,494,9/1/2023,rlelievredp,5/5/2023,tdundridgedp
Proptisht,495,9/6/2023,scashmandq,2/15/2023,mrameletdq
Hamilton,496,9/7/2023,nbizzeydr,5/25/2023,lgerrilldr
Iralaya,497,7/23/2023,cjanesds,7/30/2023,zgibbensds
Iraray,498,7/6/2023,lsoggdt,10/29/2022,wgiroldidt
Yupiltepeque,499,7/30/2023,dcroshawdu,8/22/2023,cschultzedu
Qianjiang,500,7/23/2023,allelwelndv,11/13/2022,kchurchwarddv
Mattaldi,501,4/15/2023,asparrydw,10/18/2022,eleverichdw
Wotho,502,12/3/2022,jbarenskiedx,2/10/2023,blehrdx
Caihua,503,9/27/2023,clugtondy,4/10/2023,icampanady
Pedro Sánchez,504,7/14/2023,xpymmdz,8/22/2023,ttrenbeydz
Karvia,505,12/17/2022,sjunkisone0,6/14/2023,vanneare0
Gyeongsan-si,506,11/28/2022,aoneille1,6/11/2023,geuesdene1
Pueblo Nuevo,507,7/13/2023,ctimbye2,6/2/2023,etripette2
Horní Libina,508,2/21/2023,gsarjeante3,3/23/2023,efeatherstonee3
Łagów,509,6/13/2023,gcraneye4,10/25/2022,cseamene4
Skála Oropoú,510,4/26/2023,smacgeee5,12/13/2022,jklostermane5
Basyūn,511,6/12/2023,tklimase6,8/17/2023,dlichtfothe6
Yunping,512,6/9/2023,zbertomee7,1/23/2023,pbelliarde7
Jinhe,513,12/10/2022,bspellesye8,9/17/2023,jearwakere8
Anding,514,1/6/2023,tsmelleye9,7/1/2023,kolenove9
Sidenreng,515,5/26/2023,gpeachea,6/8/2023,acaigerea
Cikadongdong,516,12/23/2022,dlinnemaneb,4/24/2023,kmcneilleyeb
São Mateus,517,9/16/2023,cprotheroec,4/22/2023,cwyleyec
Pilawa,518,5/19/2023,dreinered,8/25/2023,brimmingtoned
Ustynivka,519,5/17/2023,ndeaguirreee,12/3/2022,tbodemeaidee
Yanwang,520,6/22/2023,bbarrettef,5/21/2023,sfleaef
Calzada Larga,521,9/14/2023,dteffreyeg,7/26/2023,hsaundersoneg
Monasterevin,522,10/15/2022,koughtrighteh,4/24/2023,gbealeh
Sumurwaru,523,3/31/2023,cwatermanei,6/12/2023,tmcgowranei
Pribrezhnyy,524,12/8/2022,mochterlonyej,2/15/2023,bchiversej
Tuwiri Wetan,525,11/29/2022,bmassowek,9/17/2023,bpringourek
Tsiatsan,526,6/10/2023,nbramwichel,5/15/2023,wschubertel
Linköping,527,6/21/2023,cfritcheem,4/9/2023,tlaphornem
Cut-cut Primero,528,4/26/2023,lphiliparden,10/22/2022,lmepsteden
Gardēz,529,5/18/2023,csnapeo,7/30/2023,mgossageeo
Āzādshahr,530,11/22/2022,hjakubovitchep,1/29/2023,mberzonep
Al Karāmah,531,1/25/2023,eattewelleq,9/11/2023,llowensohneq
Gulu,532,2/19/2023,gchesswaser,6/29/2023,ebusheer
Essen,533,12/6/2022,jeffemyes,5/20/2023,rmialles
Shuangxi,534,1/21/2023,btewkesberryet,1/12/2023,ksallteret
Madalum,535,7/17/2023,rgatlineu,1/30/2023,smundeneu
Sarlat-la-Canéda,536,2/13/2023,bsilversmidtev,10/28/2022,aaichesonev
Puger,537,10/29/2022,mlascellew,1/2/2023,ftallynew
Yangjiafang,538,1/21/2023,lprimoex,10/5/2022,dtolandex
Gaopai,539,7/31/2023,akemmisey,12/25/2022,imerweey
Xinzhai,540,2/17/2023,cphippez,8/3/2023,rblazejewskiez
Monte,541,3/21/2023,jedingtonf0,9/17/2023,mbercherf0
Lusaka,542,12/12/2022,agaynsfordf1,8/16/2023,emacdonellf1
Krajan Gebangan,543,3/28/2023,mcavanaughf2,12/26/2022,rfesbyf2
Voinjama,544,1/13/2023,hbengerf3,12/9/2022,pstaffordf3
Lyon,545,4/22/2023,mphilliskirkf4,11/27/2022,hcolthardf4
Ibaraki,546,1/25/2023,tgraybealf5,3/23/2023,epennellf5
Spring,547,8/20/2023,ffreddif6,12/28/2022,olaffoleylanef6
Yaojiagou,548,12/11/2022,nkliemannf7,4/17/2023,btrayhornf7
Pattani,549,4/10/2023,ctraskf8,6/21/2023,gmcreedyf8
Sumurgeneng,550,7/7/2023,tadamovichf9,6/5/2023,cluffmanf9
Ronneby,551,12/27/2022,bmuckleyfa,6/24/2023,ldalzellfa
Machida,552,2/22/2023,rpannettfb,1/14/2023,jdoggfb
Rumyantsevo,553,7/3/2023,tvasyaginfc,4/14/2023,sfearfc
Tipaz,554,12/25/2022,labdeyfd,7/18/2023,ggimsonfd
Sungaipuntik,555,11/17/2022,jblatcherfe,1/27/2023,lclaphamfe
Baorixile,556,6/11/2023,halexanderff,10/24/2022,gcollyerff
Kidričevo,557,7/26/2023,aodroughtfg,6/28/2023,eburlayfg
Arcangel,558,3/15/2023,dhuburnfh,11/17/2022,mbrutyfh
Évreux,559,10/15/2022,wmcmurthyfi,10/1/2023,rozeltonfi
Eastern Suburbs Mc,560,3/2/2023,evernhamfj,1/29/2023,vvennerfj
Sergiyev Posad,561,4/27/2023,mflynnfk,10/15/2022,cluquetfk
Lengkongsari,562,8/20/2023,cmaronfl,3/10/2023,ddespenserfl
Laspezia,563,12/24/2022,nwestneyfm,9/2/2023,tpellamonutenfm
Santa Cruz,564,6/11/2023,rjarryfn,6/25/2023,emunnisfn
Kolonnawa,565,2/5/2023,rtranterfo,1/17/2023,eashfoldfo
Kónitsa,566,8/22/2023,ppettecrewfp,8/22/2023,cdevofp
Aurora,567,1/30/2023,lravillasfq,6/13/2023,hsaytonfq
Posadas,568,8/22/2023,kbygravefr,5/26/2023,ctrevenfr
Delft,569,12/1/2022,tderkesfs,11/10/2022,jbengocheafs
Wubao,570,7/23/2023,jmeneurft,9/22/2023,hkoppeckft
Tazarine,571,1/21/2023,gmatushevichfu,2/22/2023,aaddisfu
Hangzhou,572,9/20/2023,lkellingtonfv,4/24/2023,dcribbinsfv
Cuijiamatou,573,4/19/2023,ctrodlerfw,3/23/2023,ddangerfieldfw
Kediri,574,3/15/2023,apulmanfx,1/2/2023,uridewoodfx
Shupenzë,575,12/21/2022,wbosmafy,8/22/2023,kklawify
Vyshchetarasivka,576,12/21/2022,agallofz,1/5/2023,kduttfz
Gubo,577,8/29/2023,ehowardg0,6/14/2023,gbellangerg0
Abashiri,578,9/21/2023,mcamollig1,12/21/2022,whugleg1
Ijuí,579,8/3/2023,phuddg2,1/15/2023,rkleesg2
Lovran,580,8/21/2023,babbittg3,8/13/2023,wjoseburyg3
Merke,581,11/20/2022,spetrakg4,1/2/2023,thesbrookg4
Munkfors,582,7/2/2023,amealiffeg5,4/6/2023,smaccartneyg5
Eira Nova,583,10/22/2022,esilberg6,2/17/2023,tcatchpoleg6
Cisompet,584,7/1/2023,jbeding7,12/15/2022,ffreschig7
Barreiro do Jaíba,585,4/9/2023,jsleneyg8,3/25/2023,knoblesg8
Tabuaço,586,8/8/2023,csedwickg9,2/21/2023,mwilemang9
Yuannan,587,4/15/2023,aakisterga,8/28/2023,mbachanskiga
Kapitanivka,588,12/18/2022,rbexleygb,6/21/2023,lughettigb
Ubinskoye,589,2/22/2023,sobrogangc,12/28/2022,ranniongc
Pointe-à-Pitre,590,11/23/2022,ccherryholmegd,12/12/2022,clayinggd
Shirochanka,591,10/21/2022,gmockfordge,8/23/2023,pstarmorege
Yangsha,592,3/11/2023,krodwaygf,5/31/2023,amatthensengf
Ndjolé,593,1/24/2023,kmeriotgg,2/18/2023,gfrentzgg
Zimovniki,594,2/23/2023,pthynngh,9/12/2023,clindupgh
Estacion,595,6/30/2023,scoppgi,9/20/2023,bberensgi
Moriki,596,11/13/2022,sklishingj,3/20/2023,wcoulthardgj
Catarman,597,1/31/2023,ablatchergk,5/18/2023,icookegk
Custódia,598,2/22/2023,gbewshiregl,1/3/2023,sburlingamegl
Wafang,599,5/2/2023,amenlowgm,2/10/2023,vlasseygm
Nizao,600,4/16/2023,acatergn,10/7/2022,amaseresgn
Zürich,601,4/22/2023,gandreazzigo,4/21/2023,wcondellgo
Luleå,602,9/13/2023,aburkettgp,8/28/2023,egiacominigp
Montenegro,603,8/24/2023,kkirkupgq,8/3/2023,rstiffkinsgq
Kharkiv,604,4/28/2023,btersaygr,10/29/2022,chouchengr
Hongguang,605,11/9/2022,hcardenosogs,4/15/2023,rlongmeadgs
Akim Swedru,606,6/2/2023,rdurtnellgt,8/9/2023,thakonssongt
Dve Mogili,607,11/12/2022,csainteaugu,9/17/2023,ctiltgu
Wuying,608,5/4/2023,dwoffindengv,7/31/2023,eiacovinigv
Göteborg,609,10/13/2022,msterzakergw,8/4/2023,gharesigngw
Zhuli,610,8/3/2023,lbanngx,7/22/2023,ilavallingx
Västervik,611,11/5/2022,eberzinsgy,3/6/2023,acrummygy
Waru,612,4/25/2023,csindengz,4/26/2023,aphilippegz
Zhalinghu,613,12/3/2022,damblerh0,5/6/2023,sgallh0
Kolympári,614,3/10/2023,mhubboldh1,10/20/2022,arustonh1
Whakatane,615,3/25/2023,etreacyh2,2/12/2023,etolomellih2
Myitkyina,616,3/3/2023,llomathh3,3/14/2023,alatchh3
Itapaci,617,3/14/2023,gquickh4,11/10/2022,kstockh4
Morelos,618,12/8/2022,njedrzejewskyh5,3/28/2023,nbladderh5
Binzhou,619,3/17/2023,jlowndesbroughh6,7/5/2023,kdanielskih6
Huangjin,620,2/13/2023,spasterfieldh7,4/19/2023,pmanicombh7
Columbus,621,9/30/2023,edurh8,8/14/2023,ssiviorh8
Huayucachi,622,10/27/2022,tnottramh9,12/20/2022,nenglefieldh9
Borovichi,623,12/31/2022,gnorthillha,2/12/2023,dsheringhamha
Jurangjero,624,1/28/2023,edegoyhb,7/31/2023,gmccandiehb
Skokovi,625,4/12/2023,swinspurhc,2/16/2023,aentisslehc
Bakau,626,1/26/2023,jspinagehd,10/11/2022,ctarpleehd
Hengpi,627,3/23/2023,ctrotmanhe,10/27/2022,aheavyhe
Zhangjiafang,628,4/7/2023,bfrenchumhf,4/18/2023,qchampkinshf
Trångsund,629,9/1/2023,jrunnallshg,9/13/2023,gsaddingtonhg
Jequié,630,8/7/2023,jgodainhh,8/26/2023,jbeaneyhh
Harar,631,4/7/2023,jmarranhi,1/20/2023,bmclewdhi
Ergates,632,5/5/2023,mlaunderhj,8/11/2023,rmayhouhj
Medina Estates,633,9/11/2023,atasselhk,8/29/2023,kturnbullhk
Korenëvo,634,3/14/2023,gnareshl,6/23/2023,aseneschalhl
Tía Juana,635,7/27/2023,gstanmanhm,5/7/2023,alepiscopihm
Akita Shi,636,10/6/2022,hbaldunghn,11/24/2022,stiddyhn
Pogwizdów,637,12/28/2022,cmcvittyho,11/19/2022,mmurtyho
Chaupimarca,638,6/15/2023,bsemblehp,7/7/2023,chalthp
Shimen,639,8/15/2023,smontacutehq,2/11/2023,tpinderhq
Santana do Paraíso,640,2/14/2023,mclewerhr,8/18/2023,apringellhr
Nantuo,641,5/9/2023,cjanodeths,7/16/2023,ipaladinihs
Krzczonów,642,5/27/2023,sgoakesht,12/3/2022,mtipperht
Fudian,643,7/12/2023,lsummerrellhu,4/22/2023,rcromarhu
Kalej,644,8/21/2023,slocalhv,11/29/2022,mbehnhv
Sinjil,645,12/25/2022,lanthonsenhw,2/24/2023,mbeardshw
Sidomulyo,646,9/27/2023,emacritchiehx,11/3/2022,harthyhx
Huxiaoqiao,647,1/11/2023,mmartuginhy,7/3/2023,adursleyhy
Semënov,648,2/12/2023,kmilvarniehz,1/14/2023,mgorvettehz
Heihe,649,11/13/2022,olalondei0,4/15/2023,dbottei0
La Cruz,650,4/9/2023,rwickendeni1,5/21/2023,kbasleri1
Lianhua,651,10/21/2022,osporesi2,12/5/2022,shuscrofti2
Mansa,652,7/28/2023,wbastablei3,4/3/2023,isinotti3
Paris 18,653,3/20/2023,bgrigauti4,7/31/2023,srowburyi4
La Jicaral,654,6/27/2023,mowbricki5,1/6/2023,fogelbei5
Péfki,655,3/25/2023,jjegeri6,7/5/2023,iodriscolli6
Yatsushiro,656,10/15/2022,zhenningtoni7,6/16/2023,astaffi7
Neqāb,657,5/24/2023,cbachmani8,11/23/2022,mfrankcomi8
Gumel,658,3/20/2023,tnuthi9,1/29/2023,pmoroi9
Senduro,659,2/21/2023,lsunockia,3/5/2023,ckitcattia
Basing,660,6/2/2023,mczapleib,10/13/2022,btoffanoib
Neyvo-Rudyanka,661,6/26/2023,hklimkiewichic,9/9/2023,snicholsonic
Wufeng,662,1/18/2023,gcornelisseid,11/9/2022,mmcgrathid
Sumberrejo,663,12/24/2022,jledfordie,3/14/2023,bcoombesie
Senneterre,664,8/11/2023,sspinasif,5/10/2023,aminshullif
Velké Bílovice,665,7/5/2023,cbrodneckeig,1/30/2023,agroundwatorig
Plateliai,666,5/13/2023,okeriih,9/10/2023,mmedlandih
Zhongshan,667,10/20/2022,tstearii,4/1/2023,pblankoii
Xiangcunxiang,668,3/24/2023,stordoffij,5/4/2023,jpardyij
Karamat,669,10/12/2022,gnormingtonik,9/4/2023,aellowayik
Chasŏng,670,7/1/2023,acromblehomeil,8/27/2023,ablesingil
Krajan,671,2/4/2023,vdumphryim,12/20/2022,odelcastelim
Tunzhai,672,6/8/2023,gsewterin,1/6/2023,rpiscopielloin
Suban,673,9/19/2023,jvangiffenio,5/26/2023,lenzleyio
Jindřichov,674,11/8/2022,sfranzonettiip,4/13/2023,bleaburnip
Marseille,675,7/30/2023,rfreakeiq,9/1/2023,cvancasseliq
Shawnee Mission,676,5/7/2023,lvautreyir,12/26/2022,bpenhaligonir
Šibenik,677,9/19/2023,hgrandhamis,10/18/2022,dsansburyis
Pujijie,678,4/20/2023,lgabbottsit,5/19/2023,ihoudmontit
Guadalupe,679,2/11/2023,dtebbutiu,4/8/2023,tstainesiu
Dakoutun,680,11/26/2022,agregolettiiv,1/14/2023,mlowateriv
Siewierz,681,4/8/2023,bhawsiw,8/13/2023,tdoubleiw
Sulbiny Górne,682,3/14/2023,pgerbiix,8/29/2023,bchansonnauix
Al Karmil,683,9/20/2023,eheyburniy,1/11/2023,msambrokiy
Tisno,684,12/8/2022,ashobbrookiz,8/27/2023,ftenauntiz
Pergamos,685,7/10/2023,bindj0,4/6/2023,atreadgoldj0
Aguaí,686,6/4/2023,disoldij1,11/2/2022,eloosemorej1
Rambouillet,687,1/23/2023,stidburyj2,3/13/2023,mdominicaccij2
Masty,688,10/17/2022,mcopcottj3,11/25/2022,mchicchellij3
Sicaya,689,12/15/2022,rresunj4,9/12/2023,floisij4
Pasadena,690,4/19/2023,lcowtonj5,12/26/2022,nprisleyj5
Komendantsky aerodrom,691,5/31/2023,mvolkej6,1/29/2023,dsikorskij6
Zapolyarnyy,692,12/3/2022,vlarvinj7,4/28/2023,awomackj7
Zagreb - Centar,693,12/10/2022,lcrudenj8,12/12/2022,slinggoodj8
Uthai Thani,694,3/27/2023,dfuchsj9,11/12/2022,adautryj9
Gœsdorf,695,11/19/2022,stwitchingsja,3/25/2023,afranzettoinija
Dāngām,696,4/3/2023,lcarseyjb,4/9/2023,edoryjb
Diawara,697,7/21/2023,jmuneelyjc,11/9/2022,asorreljc
Babura,698,8/31/2023,lkinceyjd,1/10/2023,tgeallejd
Vale,699,10/22/2022,nkieldje,10/10/2022,ghardakerje
Älvsjö,700,12/30/2022,hnayerjf,7/18/2023,ltookilljf
Jiuquan,701,6/8/2023,zhalpinejg,3/20/2023,kstackbridgejg
Mlowo,702,10/24/2022,fbrettjh,8/24/2023,aboadbyjh
Östersund,703,10/31/2022,gbaudyji,10/12/2022,nelijahji
Lijie,704,7/14/2023,wporttjj,7/31/2023,gheinlejj
Āl Ma‘ūdah,705,11/22/2022,tbutcherjk,8/19/2023,rbrailsfordjk
Bordeaux,706,12/10/2022,fdonnellyjl,12/15/2022,gowbrickjl
San Jose,707,10/9/2022,cbollinijm,9/23/2023,jfeakjm
Qianxu Zhen,708,12/22/2022,mhackeyjn,6/25/2023,wbleakleyjn
Białobrzegi,709,11/1/2022,zmitrikhinjo,6/28/2023,tgoftonjo
Abilay,710,12/28/2022,kweissjp,11/29/2022,gperkisjp
Palca,711,10/7/2022,kprobynjq,1/22/2023,kjanjicjq
Marcara,712,10/31/2022,ssurgenorjr,8/28/2023,amcgarvajr
Zarichchya,713,11/12/2022,sshortelljs,4/21/2023,dbartlesjs
Antanifotsy,714,2/7/2023,bmacdermottjt,5/18/2023,wrosenbladjt
Shinjō,715,8/28/2023,mrhoddieju,9/20/2023,bharringtonju
Tanjungbatu,716,10/19/2022,jkinleysidejv,11/4/2022,hseamarkejv
Winter Haven,717,6/30/2023,lbachelorjw,6/15/2023,bgebbiejw
Kladi,718,12/31/2022,hborrettjx,1/3/2023,btolworthiejx
Rēzekne,719,5/9/2023,jbradberryjy,2/13/2023,agilhouleyjy
Itsandzéni,720,6/25/2023,tleifjz,8/4/2023,bkrammerjz
Bueng Samakkhi,721,1/11/2023,cfrowdek0,2/16/2023,sburdessk0
Eido,722,5/3/2023,iboyettk1,6/15/2023,thucklesbyk1
Malapaubhara,723,4/26/2023,cfellk2,7/5/2023,mgronauerk2
Bulangan,724,7/24/2023,spattissonk3,6/24/2023,sdearlepalserk3
Xintai,725,9/18/2023,melmerk4,7/23/2023,cworttk4
Bryukhovychi,726,10/14/2022,nmaasek5,1/8/2023,psylvesterk5
Katav-Ivanovsk,727,7/17/2023,cnailek6,5/31/2023,jfairweatherk6
Anfu,728,5/28/2023,glippittk7,8/22/2023,sspellesyk7
Rive-de-Gier,729,5/2/2023,cpenhalurickk8,8/28/2023,spithiek8
Marmárion,730,12/9/2022,pbernadek9,4/28/2023,eknivetonk9
Rahama,731,4/9/2023,cskeldingeka,2/27/2023,amccarlieka
Veinticinco de Mayo,732,9/1/2023,wmurdykb,2/27/2023,psheildskb
Mangqu,733,6/24/2023,einoldkc,10/1/2023,cmorgonkc
Hamburg,734,12/6/2022,rgippeskd,1/23/2023,candreacciokd
Chimbote,735,1/21/2023,wnorthallke,8/15/2023,hkuneske
Lao Suea Kok,736,7/7/2023,rlightkf,10/25/2022,amacgillivraykf
Niort,737,6/23/2023,ovankinkg,4/22/2023,emewburnkg
Xinsheng,738,3/12/2023,hfairleighkh,2/7/2023,akunzelmannkh
Yakovlevo,739,11/21/2022,emudieki,9/4/2023,ltethcoteki
Al Matūn,740,5/5/2023,nplewskj,1/22/2023,lleteurtrekj
København,741,5/22/2023,cmanlowkk,1/23/2023,rthunnercliffkk
Varberg,742,4/7/2023,dschutterkl,4/16/2023,esawardkl
Xinxu,743,6/9/2023,pshepherdkm,12/19/2022,dblincowekm
Atlanta,744,7/7/2023,hlouthkn,3/8/2023,pluckenkn
Pilang,745,1/5/2023,bwilliamsonko,6/25/2023,akobierako
Solnechnoye,746,9/3/2023,fcrackelkp,10/18/2022,efredikp
Anding,747,8/1/2023,efarnillkq,8/19/2023,vmccomiskiekq
Limboto,748,12/28/2022,htolomiokr,1/2/2023,gsemkenkr
Thiais,749,5/9/2023,wtessingtonks,5/28/2023,fhardesks
Changting,750,4/3/2023,wallsoppkt,3/27/2023,rhockellkt
Shaykh al Ḩadīd,751,6/23/2023,sscotchbourougeku,10/14/2022,bnorwayku
Bangan-Oda,752,8/26/2023,dheiskv,9/10/2023,rtownekv
Zhifudao,753,7/29/2023,gwudelandkw,7/5/2023,wfrounkskw
Bununu Dass,754,9/9/2023,dbretherickkx,7/11/2023,vlornekx
Domaradz,755,10/10/2022,dwolfersky,2/9/2023,brenachowskiky
Rosthern,756,4/28/2023,tmaciejakz,4/6/2023,gjermeykz
Ribeirinha,757,7/11/2023,ttwinningl0,11/14/2022,rgrimselll0
Daykitin,758,10/9/2022,etimbrelll1,5/20/2023,gcucheyl1
Kaduengang,759,5/9/2023,mtinghilll2,3/10/2023,rcreddonl2
Dajalorong,760,6/8/2023,sdelascyl3,1/17/2023,tdesbrowl3
Talibura,761,7/11/2023,jcraythornel4,4/28/2023,opandiel4
Impendle,762,10/11/2022,strevenul5,4/11/2023,byurinovl5
Nadi,763,4/24/2023,eoshieldsl6,2/1/2023,lsimantsl6
Lokwabe,764,5/1/2023,xgooderidgel7,11/23/2022,hheadlandl7
Yamaranguila,765,5/27/2023,abrackleyl8,12/1/2022,msessionsl8
Concepcion,766,5/29/2023,shaiselll9,2/15/2023,msalamonl9
Ishinomaki,767,8/2/2023,lpetrenla,11/7/2022,bseatonla
Kudanding,768,7/31/2023,eloddonlb,1/30/2023,glugsdinlb
Dërmënas,769,5/24/2023,tburchardlc,2/2/2023,crossanderlc
Sourotí,770,4/9/2023,mbaudichonld,3/5/2023,fjardinld
Albi,771,6/26/2023,bpaleyle,12/8/2022,lmeinle
Kukulu,772,7/9/2023,gcawthornelf,12/20/2022,mdietschelf
Aldeia,773,4/22/2023,tbenlg,12/13/2022,vbaxterlg
Haoyi,774,7/12/2023,spippinlh,4/1/2023,ebernadzkilh
Guiniculalay,775,1/26/2023,teverardli,8/19/2023,csauntonli
Ulaandel,776,9/3/2023,faverilllj,8/7/2023,wjaukoviclj
Xilin,777,6/4/2023,efookslk,2/10/2023,blaurentylk
Kameda-honchō,778,1/11/2023,lcosinll,12/14/2022,pdowniell
Beranci,779,2/12/2023,awrothamlm,3/8/2023,speppettlm
Ranilug,780,4/1/2023,afautleyln,4/2/2023,tgallawayln
George Town,781,12/29/2022,bhardawaylo,7/15/2023,cseerlo
Sembung,782,9/3/2023,ktrittonlp,6/23/2023,glunglp
Didian,783,12/13/2022,ldrabblelq,11/30/2022,mtinemanlq
Peachland,784,8/13/2023,mcrootelr,5/10/2023,rbloodworthelr
Eucaliptus,785,7/31/2023,rrenforthls,2/16/2023,cgilfoyls
Maria,786,2/2/2023,rbondarlt,12/8/2022,mwolfitlt
Portmore,787,10/13/2022,nkintonlu,3/16/2023,klamminamlu
Piraju,788,6/24/2023,tleipeltlv,12/31/2022,mhosierlv
Xiaolongmen,789,9/20/2023,mairtonlw,6/12/2023,cingremlw
Bang Mun Nak,790,11/24/2022,mhundelllx,8/23/2023,tfirbylx
Sifangxi,791,7/16/2023,bstothardly,4/16/2023,btrengrousely
Uyovu,792,2/14/2023,opurvesslz,7/27/2023,mmctrustrielz
Portão,793,12/6/2022,mlowersm0,9/7/2023,cpachmannm0
Ḩājī Khēl,794,8/25/2023,swabem1,2/21/2023,bbrimnerm1
Mencon,795,3/7/2023,mgiacobbinijacobm2,2/19/2023,nlouysm2
Akita,796,3/17/2023,gwarcupm3,9/1/2023,gheatleym3
San Lucas Tolimán,797,9/19/2023,bgaishm4,6/26/2023,bthamsm4
Jeremi,798,11/25/2022,dmorsonm5,7/31/2023,breinhardm5
Krajan Bejagung,799,9/25/2023,fbeynm6,4/10/2023,alamlinm6
Bagani,800,3/3/2023,ayeldm7,2/2/2023,mworwoodm7
Pasarkolot,801,1/13/2023,kbonsallm8,8/23/2023,sghidettim8
Dzhubga,802,11/26/2022,aofeeneym9,6/15/2023,bducrowm9
Nagoselo do Douro,803,3/20/2023,hcunnellma,10/21/2022,oraoulma
Cibaregbeg,804,6/19/2023,hbollinimb,10/4/2022,gpothburymb
Nīkshahr,805,11/14/2022,cmongenotmc,11/14/2022,msailmc
Baniachang,806,11/15/2022,cmacpadenemd,4/2/2023,ehopkynsmd
Guanzhuang,807,9/5/2023,mbielefeldme,5/5/2023,ebaillesme
Zasip,808,5/8/2023,kdeavesmf,4/18/2023,msheardownmf
Baltimore,809,10/5/2022,cskellonmg,6/13/2023,afalveymg
San Pedro,810,6/17/2023,pferniermh,8/7/2023,rpiechemh
Khāliş,811,5/4/2023,abowmi,12/25/2022,khouriganmi
Shuiyang,812,5/10/2023,msmorthitmj,7/18/2023,fstonebridgemj
Duas Igrejas,813,8/20/2023,atimberlakemk,12/26/2022,llawtiemk
Érd,814,2/3/2023,asleggml,6/30/2023,cstovellml
Elbasan,815,6/19/2023,dvooghtmm,1/30/2023,vrisbridgermm
Welchman Hall,816,5/18/2023,hyeomanmn,3/25/2023,dgreetmn
Al ‘Azīzīyah,817,1/26/2023,ckrugermo,9/4/2023,sbonallickmo
Laborie,818,7/27/2023,amcfatermp,3/11/2023,kjarrellmp
Mutengene,819,11/19/2022,dbaudainmq,12/4/2022,acominsmq
Barueri,820,12/22/2022,jmccartanmr,10/8/2022,ssnozzwellmr
Anbyŏn-ŭp,821,5/1/2023,dsandaverms,9/9/2023,wosipovms
Idvor,822,10/7/2022,ngirathsmt,10/28/2022,pjennensmt
Marília,823,9/7/2023,bhalfpennymu,5/29/2023,dbyronmu
Priupskiy,824,2/18/2023,awrightmv,2/8/2023,vlabbezmv
Saint-Jérôme,825,8/30/2023,dgorvettemw,3/31/2023,mizakoffmw
Hudong,826,4/7/2023,tmussingtonmx,2/6/2023,ldrablemx
Miaoshou,827,6/28/2023,ovogtmy,6/27/2023,iullyottmy
Magatos,828,8/16/2023,cmclewdmz,10/11/2022,qkoptamz
Bor Ondor,829,6/27/2023,wcornillin0,7/21/2023,kweitzeln0
Mengxi,830,12/14/2022,ascotlandn1,7/1/2023,gpharrown1
Beixinjie,831,10/27/2022,sfrostdickn2,1/29/2023,coheffernann2
Arias,832,6/23/2023,jeakenn3,7/7/2023,bbuzzan3
Thung Khru,833,3/7/2023,winchboardn4,3/26/2023,mchetwinn4
Banatski Dvor,834,12/30/2022,tromeron5,6/25/2023,vroseburghn5
Paty do Alferes,835,12/21/2022,cgatchelln6,10/14/2022,kcasan6
Sangongqiao,836,6/9/2023,ncockerilln7,7/12/2023,lmoattn7
Jianggao,837,8/26/2023,bklemken8,8/12/2023,igeraghtyn8
Matiao,838,5/27/2023,cpawlowiczn9,5/18/2023,mjosifovitzn9
Ouranoupolis,839,6/25/2023,gcoryna,3/22/2023,fpoolena
Ágios Spyrídon,840,6/6/2023,mmarvelleynb,1/22/2023,fcullnb
Estaca,841,8/23/2023,wgostykenc,3/7/2023,dcuddehync
Sukasenang,842,4/25/2023,bparadinend,8/27/2023,opellamonutennd
Hōjō,843,9/27/2023,bpesseltne,1/9/2023,kmcdowallne
Kuala Lumpur,844,1/30/2023,dmorillasnf,10/29/2022,rnovicnf
Zhigong,845,12/22/2022,rauldsng,6/10/2023,linoldng
São José de Mipibu,846,10/22/2022,calldreadnh,10/23/2022,bbendlenh
Dawangzhuang,847,2/7/2023,ayearneni,2/5/2023,iandreuttini
Oslo,848,1/6/2023,bkleinmannnj,10/18/2022,dsembernj
Kokologo,849,6/12/2023,ctrewnk,8/17/2023,madcocksnk
New Hyde Park,850,8/31/2023,mmcgeenl,8/23/2023,tnadinnl
Muaraenim,851,12/13/2022,skaremannm,2/5/2023,wcastelijnnm
Erniusuokou,852,10/2/2022,mschlaghnn,6/5/2023,abroadeynn
Helsingborg,853,8/1/2023,adareyno,6/3/2023,tpibornno
Richmond,854,2/5/2023,sduggannp,12/11/2022,taspinwallnp
Ljusdal,855,8/26/2023,resteveznq,2/12/2023,atilmouthnq
Nanniu,856,6/24/2023,tdurramnr,3/2/2023,kszymaniaknr
Tegalsari,857,1/3/2023,sezzlens,11/2/2022,ogathercolens
Las Toscas,858,7/26/2023,agirardonint,5/11/2023,bcharettent
San Rafael Abajo,859,1/30/2023,bbrusselsnu,1/3/2023,hleningnu
Dunkerque,860,5/25/2023,salfonsininv,1/25/2023,dtaggnv
Ravne,861,3/1/2023,hstanbronw,12/23/2022,jlightmannw
Mangge,862,4/9/2023,kdignallnx,3/11/2023,cberlingnx
Taranovskoye,863,1/10/2023,kdomenichelliny,6/28/2023,aklewiny
Houston,864,4/22/2023,kdavidounz,5/28/2023,tkleselnz
Fengyi,865,10/13/2022,kbickerstasseo0,12/26/2022,ldaudo0
San Roque,866,3/31/2023,rflavertyo1,6/19/2023,jgawthorpo1
Changqiao,867,2/18/2023,lvonsalzbergo2,2/20/2023,jpauelo2
Indramayu,868,8/13/2023,dalduso3,12/22/2022,ihuisono3
Sorocaba,869,11/17/2022,mlanfareo4,7/17/2023,dtenneyo4
Torres,870,9/16/2023,omacarthuro5,3/28/2023,dcasletto5
Matão,871,8/2/2023,gwasselino6,6/2/2023,ballpresso6
Rufino,872,2/10/2023,wmcgowno7,3/9/2023,tgleesono7
Qianzhou,873,9/6/2023,rdominichellio8,1/12/2023,dbrowero8
Nowe,874,7/1/2023,wpaasoo9,3/5/2023,gsailoro9
Fika,875,12/23/2022,eodreainoa,7/3/2023,spresideyoa
Matingain,876,6/24/2023,gcundeob,3/10/2023,nwaggettob
Bucay,877,8/17/2023,nfeehamoc,1/8/2023,fkinghamoc
Lavradio,878,10/4/2022,epodsod,8/2/2023,lgreatorexod
Santa Lucía,879,1/17/2023,wpavlasekoe,1/10/2023,sianninioe
Panalo-on,880,12/14/2022,pdelleof,4/6/2023,abenyanof
Lívingston,881,6/8/2023,kmallinarog,2/15/2023,mjanawayog
Clamart,882,9/25/2023,sfairbournoh,4/13/2023,cscotcheroh
Březová,883,3/19/2023,dhineroi,1/19/2023,mwylderoi
Balingcanaway,884,8/5/2023,ddingwalloj,5/26/2023,rtilliardoj
Likupang,885,8/7/2023,gdefraineok,5/10/2023,jlumberok
Trollhättan,886,12/10/2022,jscarfeol,10/18/2022,laubryol
Panan,887,6/18/2023,wclevelandom,8/4/2023,awasmerom
Waalwijk,888,10/13/2022,saingeron,10/12/2022,klevetton
New York City,889,11/27/2022,obourdiceoo,6/14/2023,sbixleyoo
Nakhon Sawan,890,3/26/2023,otickop,9/13/2023,lirvingop
Mogwase,891,2/17/2023,bbearhamoq,6/13/2023,theinekeoq
Jargalant,892,6/16/2023,vkerfordor,5/22/2023,egrimsdellor
Funabashi,893,10/1/2023,jcorteisos,2/3/2023,tburnhamos
Čair,894,2/8/2023,asacksot,8/30/2023,csheddenot
Cijapar,895,9/16/2023,cgudyerou,5/4/2023,gvashchenkoou
Tiassalé,896,7/6/2023,sbeerntov,3/26/2023,jbolsteridgeov
Kumlinge,897,7/18/2023,jlujanow,7/10/2023,cmillomow
Ytterby,898,8/15/2023,fmildenhallox,3/18/2023,nyandleox
Miami,899,11/19/2022,cmechioy,11/29/2022,cfryeroy
Villa Paula de Sarmiento,900,6/24/2023,bgregeroz,9/20/2023,mdagnalloz
Kasreman,901,11/28/2022,ecritzenp0,9/8/2023,hstotep0
Bang Mun Nak,902,3/19/2023,mdurstonp1,7/1/2023,rbreitp1
Colcabamba,903,12/1/2022,irottgersp2,12/3/2022,jpowlingp2
Zhuyang,904,2/24/2023,fmcpheep3,2/17/2023,bmagnerp3
Botucatu,905,8/17/2023,eeathornep4,8/21/2023,jhodginsp4
Täby,906,8/28/2023,tponsfordp5,7/9/2023,tpleassp5
Montinho,907,5/24/2023,zklimmekp6,4/17/2023,spinchbackp6
Huangtan,908,8/27/2023,zwalasikp7,11/20/2022,jmacwhirterp7
Karangmulya,909,5/19/2023,aeamp8,1/22/2023,dstpierrep8
Vannes,910,11/23/2022,mbalmep9,9/17/2023,nyulep9
Guantang,911,3/16/2023,epandyapa,6/16/2023,mdurninpa
Youxi,912,9/5/2023,landrzejpb,4/16/2023,njeayespb
Örebro,913,12/30/2022,aladlowpc,12/12/2022,cgearypc
Orléans,914,1/8/2023,gdiglinpd,6/7/2023,tjelphspd
Artashat,915,9/1/2023,apautardpe,7/29/2023,rquinnettepe
Odivelas,916,3/16/2023,asetchpf,3/28/2023,vwilcottpf
Jember,917,3/2/2023,pmedleypg,12/8/2022,mhughsonpg
Vassouras,918,8/27/2023,mjacobovitchph,12/1/2022,bmallochph
Pilluana,919,9/11/2023,bkeavepi,2/3/2023,zredholepi
Shishan,920,8/20/2023,lbockingpj,9/6/2023,gsansonpj
Bystrzyca,921,4/19/2023,zveljespk,8/6/2023,abroadistpk
Svrljig,922,10/8/2022,pliverockpl,5/29/2023,vcunniffepl
Nam Kliang,923,9/13/2023,srannaldpm,7/29/2023,mclubleypm
Manat,924,7/21/2023,cpetrpn,11/21/2022,baaronsonpn
Imbang,925,10/25/2022,aballendinepo,8/13/2023,klebandpo
Liangbing,926,8/14/2023,bmaccombepp,11/21/2022,mpratipp
Moscavide,927,5/8/2023,rparmanpq,3/19/2023,ccossinspq
Aqqan,928,3/12/2023,gsouthanpr,7/21/2023,pcrucittipr
Créteil,929,7/2/2023,mlemaryps,6/9/2023,fscurmanps
Chantilly,930,3/18/2023,jgiffkinspt,7/29/2023,rgreenawaypt
Chiriguaná,931,8/17/2023,nvanellipu,11/10/2022,jbeisleypu
Niutian,932,11/2/2022,cdillestonpv,3/25/2023,ystilliardpv
Dinggou,933,7/19/2023,jwoollandpw,6/7/2023,eballhampw
Mosjøen,934,5/31/2023,isavagepx,2/24/2023,awoolwardpx
Berlin,935,5/5/2023,jrewanpy,9/28/2023,edixseepy
Konibodom,936,2/6/2023,cshoutpz,12/24/2022,cbalduccipz
Guohe,937,2/1/2023,jluttyq0,5/15/2023,vblankleyq0
Logroño,938,8/30/2023,rcrownq1,12/24/2022,tjuryq1
Kiel,939,5/4/2023,jdelnevoq2,9/20/2023,lgrogerq2
Vestmannaeyjar,940,8/26/2023,dpeiroq3,5/26/2023,mcasselsq3
Renfengzhuang,941,9/11/2023,vlocknerq4,4/18/2023,rpythonq4
Massaranduba,942,1/16/2023,aosmondq5,1/9/2023,osambrookq5
Soroca,943,2/21/2023,egrzegorzewskiq6,11/17/2022,mdenersq6
Pekuncen,944,9/5/2023,msteckingsq7,2/5/2023,jstelljesq7
Huating,945,11/12/2022,tlohoarq8,8/26/2023,hmcmahonq8
Hongshan,946,5/25/2023,bchesnayq9,10/16/2022,mtaxq9
Plaisir,947,7/21/2023,bwhitwhamqa,2/10/2023,pmallionqa
Reutlingen,948,5/25/2023,fdolleqb,10/1/2023,ejanuszewiczqb
Topeka,949,6/11/2023,ltomovicqc,11/26/2022,gkopmanqc
Xingang,950,2/19/2023,wcorderoyqd,7/17/2023,scoronadoqd
Sabana Grande de Palenque,951,11/28/2022,rrebichonqe,6/16/2023,cwebbbowenqe
Manakara,952,10/9/2022,lchasneyqf,3/30/2023,rmeuseqf
Sanshui,953,8/31/2023,rrumminsqg,8/25/2023,bisaacqg
Sapele,954,8/11/2023,mbaudainqh,4/23/2023,mlardeurqh
Machang,955,9/7/2023,bscarrisbrickqi,9/21/2023,mmablesonqi
Siraway,956,9/11/2023,rpecheqj,6/11/2023,gdudneyqj
Angono,957,9/10/2023,jdovermannqk,4/13/2023,lwoollettqk
Kālābāgh,958,1/10/2023,ckitneyql,10/22/2022,cassanteql
Södertälje,959,11/21/2022,wfroschauerqm,1/27/2023,akillnerqm
Dvorichna,960,8/17/2023,ebeerqn,7/12/2023,eranbyqn
Popasna,961,9/6/2023,cnolinqo,8/16/2023,mhaycroftqo
Porkhov,962,8/27/2023,hgillbanksqp,10/30/2022,trevieqp
Magway,963,7/28/2023,ysherelqq,5/29/2023,ephelipsqq
Łubowo,964,6/15/2023,lmuffettqr,7/3/2023,sshackladyqr
Nurota Shahri,965,7/17/2023,kdawsonqs,2/8/2023,twhissonqs
Xin’an,966,8/3/2023,agutsellqt,9/24/2023,zbuddockqt
Khorol,967,6/2/2023,hbarnwallqu,12/18/2022,adegoequ
Tarogong,968,9/18/2023,lespinazoqv,5/27/2023,rsiselandqv
Chenyangzhai,969,10/11/2022,cslessorqw,2/27/2023,lziehmsqw
Fonte do Feto,970,7/5/2023,mbarrimqx,8/20/2023,ajuorioqx
Layu,971,3/5/2023,dportmanqy,6/12/2023,dvondrakqy
Hamburg,972,4/12/2023,sbrightyqz,12/29/2022,mbarrandqz
Yongxing,973,2/15/2023,nbourhillr0,1/9/2023,osheerr0
Caen,974,7/23/2023,nyukhninir1,7/23/2023,rlapthornr1
Planovskoye,975,7/18/2023,ekinnaner2,5/29/2023,gsilversonr2
Gongxi,976,8/2/2023,pferrareser3,4/12/2023,vphilotr3
Pipa,977,9/20/2023,jbarbourr4,4/10/2023,fstandonr4
Briceni,978,6/26/2023,ecorneljesr5,5/7/2023,pfellgater5
Pysznica,979,3/18/2023,clarbyr6,11/17/2022,kcisarr6
Ōmiya,980,3/17/2023,aknolesr7,4/27/2023,awattinghamr7
Kamyzyak,981,10/19/2022,lwannr8,5/28/2023,ctraherr8
Bururi,982,11/27/2022,btintor9,10/6/2022,bhawser9
Daruoyan,983,1/21/2023,llowerra,1/4/2023,ksaywardra
Tanahmerah,984,6/26/2023,mgwillimrb,6/20/2023,ppidwellrb
Washington,985,10/9/2022,dlabesrc,5/2/2023,kvellarc
Boa Esperança,986,5/30/2023,emckevinrd,5/29/2023,lslatefordrd
Kumlinge,987,3/4/2023,dtunderre,6/30/2023,asimenonre
Chengguan,988,4/12/2023,feadyrf,9/17/2023,tbrideauxrf
Campo Formoso,989,5/18/2023,laleshkovrg,7/29/2023,ltopingrg
Daxi,990,11/28/2022,ffluryrh,10/13/2022,dpresseyrh
Novokubansk,991,4/13/2023,rblandamereri,7/21/2023,rroseboroughri
Vänersborg,992,6/8/2023,cgilhouleyrj,5/25/2023,aricoaldrj
Prochowice,993,2/16/2023,lmenichinirk,11/8/2022,kcescork
Runting,994,10/1/2023,ababbidgerl,10/2/2022,lbasantrl
Rączna,995,5/21/2023,awoontonrm,9/30/2023,zstandishbrooksrm
Cabano,996,6/17/2023,droggersrn,12/23/2022,lsorleyrn
Kanungu,997,8/14/2023,tdanilishinro,11/29/2022,cnelesro
Puerto Asís,998,7/6/2023,aspencookrp,9/14/2023,lhuttleyrp
Kelburn,999,7/29/2023,fthackhamrq,2/16/2023,ccodlinrq
Okiot,1000,10/5/2022,bturevillerr,7/4/2023,msivewrightrr
