country,createDate,createdBy,lastUpdate,lastUpdateBy
Portugal,6/30/2023,nanthoine0,1/6/2023,along0
Poland,2/21/2023,rschoffler1,12/20/2022,gantunez1
China,3/8/2023,pgrelak2,10/1/2023,lmcgurn2
Lebanon,1/11/2023,claister3,12/12/2022,dbaldrey3
China,12/13/2022,naubin4,12/14/2022,hfincher4
Indonesia,5/11/2023,gkenneway5,12/9/2022,rgravet5
Philippines,3/13/2023,acamies6,12/5/2022,damburgy6
Brazil,5/21/2023,lmatonin7,5/25/2023,jcassells7
Indonesia,3/7/2023,trove8,7/6/2023,tmccomas8
Philippines,1/10/2023,bmuirden9,7/31/2023,ihambric9
Indonesia,6/26/2023,kmartellinia,11/22/2022,amcpakea
Ivory Coast,1/7/2023,tkoresb,7/31/2023,bharsesb
Indonesia,4/24/2023,fgrigolashvillc,12/17/2022,bschiementzc
China,8/16/2023,eealdend,4/17/2023,kgramerd
Vietnam,12/31/2022,equaile,12/3/2022,rbowlere
Peru,3/3/2023,beverettf,2/21/2023,tdorkingf
Greece,6/27/2023,cjerochg,11/11/2022,fmethveng
Northern Mariana Islands,9/27/2023,khickinh,2/16/2023,lguieth
Sweden,5/15/2023,nwhittalli,8/12/2023,rboreri
Albania,9/4/2023,ladenotj,3/9/2023,boldakerj
Dominican Republic,9/8/2023,rtidswellk,4/20/2023,fhaskeyk
Indonesia,3/23/2023,gberanl,10/1/2023,rclarkinl
China,7/27/2023,rmcalessm,7/29/2023,cskyppm
Thailand,7/19/2023,ejesten,3/7/2023,ymattusovn
Kazakhstan,8/6/2023,aneagleo,1/5/2023,cdowningo
Colombia,11/13/2022,jfrentzp,5/10/2023,hwadhamsp
Pakistan,6/27/2023,cscogganq,2/21/2023,cveeversq
China,6/11/2023,lstriker,4/3/2023,bfarleighr
Liberia,10/4/2022,mipgraves,6/17/2023,sboals
United States,4/22/2023,hbryningt,2/15/2023,atrevettt
Portugal,6/9/2023,ebernadonu,9/16/2023,gvericku
Armenia,5/18/2023,breginav,4/24/2023,rledekerv
Tanzania,3/3/2023,aengledoww,6/3/2023,tcharlew
China,6/2/2023,lwhittleseax,4/24/2023,pskpseyx
France,6/15/2023,avassely,10/1/2023,mgannawayy
Russia,12/7/2022,kleybornez,11/29/2022,ljulianoz
Czech Republic,1/17/2023,sgrassick10,11/27/2022,sgoodbairn10
Russia,3/3/2023,hgive11,4/11/2023,odreye11
Vietnam,7/4/2023,dtratton12,6/2/2023,cranaghan12
Croatia,8/19/2023,tfattorini13,8/7/2023,kwillard13
United States,1/21/2023,oettery14,3/24/2023,esollas14
Poland,7/21/2023,gfinder15,8/20/2023,astandrin15
China,11/27/2022,tmalone16,3/14/2023,cmcgarel16
Ukraine,11/17/2022,lbertomier17,10/30/2022,ohegden17
Indonesia,6/11/2023,aridgers18,9/19/2023,msobtka18
China,10/11/2022,bclewarth19,5/30/2023,sife19
Armenia,6/6/2023,jhaycox1a,11/21/2022,csymms1a
Portugal,12/22/2022,tgullivent1b,6/1/2023,bbarbie1b
Brazil,11/1/2022,rfishby1c,9/10/2023,elepick1c
Croatia,8/27/2023,agerrie1d,11/11/2022,aairs1d
Colombia,7/11/2023,gsmee1e,10/12/2022,cfieldsend1e
China,3/13/2023,jdellabbate1f,3/16/2023,gjarrell1f
China,12/5/2022,eabade1g,9/29/2023,sneiland1g
China,8/1/2023,csneyd1h,2/15/2023,blongmate1h
China,9/9/2023,shighway1i,4/24/2023,rpoure1i
Philippines,6/23/2023,gbraden1j,3/31/2023,mgleeton1j
Dominican Republic,12/1/2022,ibraunton1k,7/14/2023,wlorrain1k
Mexico,9/15/2023,areide1l,10/29/2022,atilley1l
Peru,10/6/2022,tiglesias1m,1/10/2023,bpavis1m
Germany,3/12/2023,jchisman1n,6/16/2023,osmail1n
Mauritius,8/12/2023,lpittem1o,1/28/2023,alafontaine1o
United States,9/30/2023,afleckness1p,1/5/2023,jbouchier1p
Colombia,6/26/2023,sskottle1q,11/1/2022,ttytterton1q
China,10/5/2022,bharroll1r,2/18/2023,hchastney1r
China,2/6/2023,jgould1s,10/28/2022,rdarcy1s
Japan,1/12/2023,gsentinella1t,11/9/2022,lhamel1t
China,6/30/2023,ttyhurst1u,12/12/2022,dvarns1u
Paraguay,10/25/2022,pwinteringham1v,9/25/2023,hyegoshin1v
China,2/12/2023,mkeetch1w,10/27/2022,hleipold1w
Thailand,6/27/2023,rdugue1x,8/4/2023,rdavidsohn1x
Russia,10/23/2022,ymccart1y,5/17/2023,thalbord1y
Argentina,12/1/2022,mfeechan1z,8/26/2023,feteen1z
China,8/2/2023,ifinby20,9/13/2023,wfurmage20
Philippines,8/5/2023,kskehan21,6/1/2023,dyarmouth21
Brazil,4/15/2023,wkoschke22,10/22/2022,bwardhaw22
Portugal,3/7/2023,vjillins23,6/9/2023,dmaccoughan23
Japan,5/13/2023,roflaherty24,6/14/2023,prhubottom24
Kenya,5/9/2023,gfieller25,5/14/2023,ipiche25
China,4/14/2023,mloan26,1/4/2023,pmarcinkus26
Portugal,10/22/2022,wdumbelton27,10/22/2022,tjakoubek27
Ethiopia,9/5/2023,bdurman28,10/1/2023,gbarzen28
Guam,12/18/2022,jmellem29,1/24/2023,wmattiato29
Sweden,11/6/2022,tvannoort2a,9/7/2023,rspellard2a
Peru,7/9/2023,ptucsell2b,9/4/2023,jwhitley2b
Philippines,5/1/2023,kpinniger2c,10/6/2022,jcoady2c
Indonesia,1/26/2023,livetts2d,9/28/2023,vblockley2d
Indonesia,6/30/2023,tharling2e,10/28/2022,rsnazel2e
Iran,5/1/2023,bgoodboddy2f,9/20/2023,zstockbridge2f
Indonesia,1/16/2023,rkeniwell2g,1/18/2023,nagiolfinger2g
Portugal,11/6/2022,wdaly2h,9/9/2023,hgrizard2h
Japan,2/9/2023,sendley2i,4/18/2023,zpaoli2i
Serbia,10/1/2023,bflecknoe2j,3/30/2023,jgayne2j
Philippines,1/3/2023,mlindsey2k,12/4/2022,bdowns2k
Chile,10/25/2022,usabey2l,5/15/2023,ccawsby2l
Afghanistan,8/29/2023,cruler2m,11/3/2022,dkielt2m
China,12/24/2022,smanuele2n,10/9/2022,gwanley2n
Mongolia,6/13/2023,dsiviour2o,12/7/2022,lmcnelis2o
Indonesia,11/2/2022,fhearsum2p,10/26/2022,tmingame2p
United States,1/13/2023,wblood2q,8/27/2023,gpee2q
Pakistan,5/20/2023,sjeannin2r,12/31/2022,vputten2r
Thailand,9/30/2023,thocking2s,6/20/2023,rjanny2s
Portugal,12/12/2022,cderrett2t,8/16/2023,kmakiver2t
Japan,6/19/2023,mrudsdell2u,11/8/2022,rraymen2u
Reunion,3/13/2023,itumini2v,2/2/2023,cmandell2v
Spain,10/5/2022,bbanthorpe2w,5/25/2023,fforgie2w
Thailand,1/20/2023,dgantlett2x,12/29/2022,jlinebarger2x
Ethiopia,6/14/2023,dflannery2y,8/22/2023,jpettegre2y
France,10/5/2022,jbrighty2z,1/2/2023,smcvittie2z
China,5/6/2023,logiany30,1/22/2023,mcaddell30
Russia,12/18/2022,gtunstall31,4/12/2023,dstuddal31
Poland,7/3/2023,bwhoston32,8/28/2023,amacsorley32
China,7/5/2023,bpenson33,2/5/2023,cbagot33
Norway,6/13/2023,aneising34,8/11/2023,dheikkinen34
Moldova,6/12/2023,rmorena35,5/15/2023,ebarnsdall35
Thailand,3/2/2023,uyesinin36,11/22/2022,plicquorish36
Russia,9/22/2023,mantony37,4/14/2023,sreggiani37
Sweden,6/11/2023,ebruhn38,5/21/2023,mfeldon38
Russia,11/6/2022,dclotworthy39,5/6/2023,agallgher39
Peru,10/17/2022,znicholls3a,2/23/2023,ashiril3a
France,8/21/2023,bsargent3b,3/12/2023,rvelasquez3b
Dominican Republic,6/30/2023,cspincke3c,3/20/2023,eyousef3c
Saudi Arabia,5/14/2023,abasketter3d,3/16/2023,isinyard3d
France,9/7/2023,rslavin3e,5/1/2023,tlushey3e
Venezuela,12/16/2022,aocaine3f,4/3/2023,ealp3f
China,8/22/2023,oaudas3g,1/31/2023,akovnot3g
Afghanistan,1/4/2023,psancroft3h,8/21/2023,llishmund3h
China,7/8/2023,amonaghan3i,3/21/2023,lblayd3i
China,6/24/2023,alaurie3j,1/11/2023,tbielfeld3j
Peru,6/19/2023,toconnolly3k,5/16/2023,csynnott3k
Portugal,2/7/2023,mboissieux3l,12/5/2022,rlalor3l
Russia,7/11/2023,emundee3m,1/5/2023,mnigh3m
Vietnam,6/28/2023,ldiggens3n,5/26/2023,jgraalmans3n
Hungary,5/24/2023,ajacobbe3o,6/5/2023,awaliszewski3o
Philippines,9/30/2023,agrimley3p,5/5/2023,emcghie3p
China,8/15/2023,tvandenoord3q,5/17/2023,mdanjoie3q
Russia,9/13/2023,ktarte3r,10/3/2022,dbeneteau3r
Poland,12/14/2022,ogilson3s,11/30/2022,rterbruggen3s
Indonesia,8/26/2023,ddeacock3t,11/11/2022,tcowie3t
Sweden,11/20/2022,kbahlmann3u,11/6/2022,ewannes3u
France,12/1/2022,tvauls3v,12/15/2022,jattrill3v
France,2/16/2023,afirmager3w,4/13/2023,cgurko3w
Russia,3/25/2023,fdearl3x,2/10/2023,bllewelly3x
Ukraine,12/16/2022,jsherreard3y,12/15/2022,mpither3y
China,2/18/2023,icarlsson3z,10/2/2022,nrogerson3z
Bahamas,6/14/2023,amcgarrie40,4/11/2023,aducarme40
Indonesia,10/25/2022,iorthmann41,8/18/2023,jkeighly41
New Caledonia,7/31/2023,aoneill42,4/12/2023,dsizeland42
Russia,4/28/2023,atrevillion43,3/4/2023,lredfield43
Brazil,3/7/2023,jgreetham44,9/3/2023,ljoberne44
Guyana,12/19/2022,pjosilevich45,12/19/2022,rewence45
China,8/31/2023,yrachuig46,3/13/2023,sadamsen46
Russia,2/8/2023,bjillions47,9/24/2023,tdurtnell47
Angola,5/27/2023,linggall48,6/2/2023,kansteys48
Indonesia,1/8/2023,aweightman49,7/22/2023,mbaszkiewicz49
Syria,1/12/2023,gatcheson4a,1/22/2023,tveelers4a
Indonesia,1/31/2023,jtuffey4b,12/23/2022,vplaskitt4b
Nigeria,10/6/2022,rbreckin4c,1/6/2023,lcomerford4c
United States,12/29/2022,gcahey4d,8/31/2023,pmacfadin4d
China,6/5/2023,cboyack4e,3/7/2023,ahunnicutt4e
Indonesia,12/28/2022,bsuatt4f,3/20/2023,cgrigore4f
Norway,8/17/2023,dsoars4g,4/7/2023,jitzhaki4g
Honduras,5/27/2023,ggrewer4h,5/7/2023,lforrington4h
Cameroon,8/13/2023,eamery4i,11/8/2022,tscare4i
Sudan,5/1/2023,rcongdon4j,5/28/2023,aattersoll4j
Malaysia,5/1/2023,astrete4k,11/21/2022,npretti4k
Philippines,2/23/2023,asteane4l,5/31/2023,jbaynon4l
Mongolia,6/14/2023,gmazonowicz4m,5/29/2023,ebutcher4m
China,12/24/2022,coleksinski4n,1/24/2023,mfaragher4n
China,6/5/2023,lgreenhalf4o,9/3/2023,mastman4o
Philippines,11/4/2022,dheinish4p,9/11/2023,rnormanvell4p
Czech Republic,4/9/2023,dmoxstead4q,6/12/2023,mocahey4q
China,7/18/2023,bsullly4r,6/5/2023,mlukianov4r
Hungary,7/30/2023,tivanchov4s,6/12/2023,stregoning4s
Brazil,5/12/2023,nheffy4t,2/13/2023,bsmedmore4t
Palestinian Territory,1/26/2023,krumsey4u,10/18/2022,rberling4u
Philippines,7/17/2023,dgluyas4v,11/1/2022,lcowser4v
Canada,9/7/2023,rprando4w,3/2/2023,bmartinetto4w
Poland,1/23/2023,dthom4x,7/9/2023,jgrubb4x
Russia,6/5/2023,gmurphey4y,12/15/2022,pashmole4y
China,11/17/2022,bbilton4z,8/27/2023,rkunat4z
Japan,3/10/2023,kspleving50,9/28/2023,idady50
Philippines,7/26/2023,ykittredge51,2/7/2023,ahulcoop51
Portugal,11/14/2022,jtern52,8/18/2023,gkingswoode52
South Africa,10/3/2022,cpenvarne53,4/26/2023,eloram53
China,9/23/2023,srosenstein54,12/10/2022,fhardway54
Brazil,6/10/2023,pskokoe55,10/24/2022,preckus55
Canada,1/4/2023,mcampsall56,8/2/2023,lwildash56
Saudi Arabia,10/8/2022,imaccaull57,12/2/2022,iclineck57
Poland,3/27/2023,jlongmate58,10/4/2022,afarndon58
China,5/15/2023,mpulbrook59,9/26/2023,bnye59
Nigeria,2/7/2023,khentzer5a,9/3/2023,cchessman5a
Poland,1/7/2023,achurch5b,8/11/2023,kleavry5b
Greece,1/27/2023,hshrubb5c,11/2/2022,jchaim5c
Norway,10/16/2022,bbrooksbank5d,12/13/2022,vumpleby5d
France,12/16/2022,gmobius5e,7/27/2023,rmattiuzzi5e
Uzbekistan,7/18/2023,ipancoust5f,9/28/2023,kputtan5f
Poland,5/29/2023,fdecarteret5g,7/24/2023,ytownsend5g
Netherlands,10/5/2022,tbrisbane5h,5/24/2023,rearlam5h
Norway,4/6/2023,jdevenny5i,10/21/2022,fjeeves5i
Ukraine,10/27/2022,aclubley5j,7/28/2023,sburnup5j
China,12/2/2022,scastangia5k,8/7/2023,mmclagan5k
Thailand,4/7/2023,pharmour5l,2/18/2023,cscrivener5l
United States,8/19/2023,etaffurelli5m,11/16/2022,scorss5m
Panama,11/7/2022,tnice5n,9/28/2023,fkitney5n
Argentina,8/18/2023,bisac5o,1/28/2023,kbodechon5o
Greece,1/24/2023,mroston5p,8/16/2023,cwaywell5p
Indonesia,7/17/2023,mflude5q,4/5/2023,mhumpherston5q
Botswana,9/8/2023,bonion5r,12/27/2022,tourtic5r
Democratic Republic of the Congo,12/19/2022,wworsnop5s,3/18/2023,jswaffield5s
Russia,12/13/2022,gsiggin5t,9/1/2023,rlowry5t
Armenia,5/27/2023,fhethron5u,11/14/2022,lbutterly5u
Czech Republic,3/15/2023,adewhurst5v,4/27/2023,kclaypool5v
Bangladesh,8/10/2023,efynn5w,9/18/2023,ocammidge5w
Poland,5/21/2023,ceckart5x,5/23/2023,pvaulkhard5x
France,8/18/2023,dvanschafflaer5y,11/29/2022,jjurczyk5y
China,2/4/2023,cwhaley5z,4/20/2023,dhallick5z
Canada,12/25/2022,aseath60,3/22/2023,ableaden60
Portugal,8/15/2023,phartropp61,7/2/2023,rconeybeare61
Germany,10/11/2022,wlasselle62,7/24/2023,askayman62
Denmark,1/29/2023,echaudron63,3/12/2023,hgreschik63
Costa Rica,3/23/2023,hmoakson64,12/25/2022,wpearsall64
South Africa,8/31/2023,todoghesty65,12/17/2022,amulqueeny65
Brazil,8/2/2023,ecastletine66,5/13/2023,gtetsall66
Portugal,8/21/2023,mhirsch67,7/28/2023,cmolohan67
Vietnam,12/16/2022,afleischer68,10/11/2022,ltownsend68
Indonesia,2/28/2023,hfarnorth69,5/3/2023,mking69
Argentina,8/4/2023,ngilbanks6a,3/28/2023,abramford6a
Ukraine,10/13/2022,nleguin6b,7/8/2023,rrosenblatt6b
Spain,11/17/2022,vtuffley6c,2/14/2023,cfassman6c
China,10/3/2022,trivard6d,12/31/2022,aglasspoole6d
Indonesia,1/19/2023,emcconnal6e,1/11/2023,rsanten6e
Cyprus,2/13/2023,rarntzen6f,4/24/2023,bdashkovich6f
Egypt,7/21/2023,gfruish6g,4/24/2023,nmillis6g
United States,2/14/2023,eboles6h,2/28/2023,jalenichev6h
Canada,10/5/2022,bedie6i,8/5/2023,bbulch6i
Dominican Republic,2/10/2023,eotowey6j,7/15/2023,bblankley6j
Croatia,11/4/2022,rpumfrett6k,4/16/2023,fsawdy6k
Malaysia,6/15/2023,nmalcolm6l,4/23/2023,kkordt6l
China,1/29/2023,fmacnulty6m,11/1/2022,mlamminam6m
Brazil,10/1/2023,rpardoe6n,8/5/2023,smattedi6n
Poland,4/22/2023,nfernier6o,12/10/2022,mbrittian6o
Vietnam,5/8/2023,kdumbarton6p,2/7/2023,rwroe6p
China,8/24/2023,crisebarer6q,10/31/2022,chanks6q
French Polynesia,5/20/2023,thousegoe6r,11/5/2022,eradden6r
China,11/16/2022,phanham6s,8/24/2023,gcromb6s
Kazakhstan,4/17/2023,pdaulby6t,10/9/2022,mpallatina6t
Mongolia,10/29/2022,kkelleher6u,8/11/2023,jwilstead6u
China,10/6/2022,hshearsby6v,6/17/2023,ybliven6v
Sweden,7/29/2023,rdonaher6w,8/2/2023,bmartello6w
Colombia,8/5/2023,btoffano6x,8/9/2023,bcoales6x
Indonesia,12/31/2022,ycourage6y,8/25/2023,thusher6y
Portugal,7/8/2023,gmallett6z,9/21/2023,deldredge6z
Russia,11/10/2022,jcurless70,3/18/2023,snewlands70
Vietnam,10/18/2022,lgrimmett71,1/23/2023,vacaster71
Indonesia,3/31/2023,sivancevic72,9/30/2023,tbeddingham72
Indonesia,12/4/2022,rabrey73,3/1/2023,tperes73
Serbia,3/22/2023,ccrake74,12/23/2022,fstickley74
Palestinian Territory,4/7/2023,itroke75,11/20/2022,gdumphries75
Indonesia,3/19/2023,abarensen76,2/6/2023,ucreamen76
Nigeria,4/4/2023,rbrennans77,3/8/2023,gverrier77
Russia,5/14/2023,amallia78,6/27/2023,hditer78
Georgia,1/5/2023,gbentame79,2/27/2023,iluckett79
China,12/14/2022,bhousecroft7a,11/5/2022,mbedbury7a
Peru,7/7/2023,mibert7b,7/30/2023,godonegan7b
Peru,8/31/2023,pbetterton7c,7/4/2023,chelliker7c
Pakistan,8/19/2023,htreasaden7d,11/20/2022,whache7d
China,3/24/2023,bsygrove7e,5/7/2023,spuddicombe7e
Greece,5/16/2023,ssparrowhawk7f,10/25/2022,cstorrs7f
China,10/28/2022,sharsum7g,9/5/2023,vbergin7g
China,1/2/2023,bgillon7h,1/23/2023,aissett7h
China,1/13/2023,dtill7i,1/5/2023,njuszczyk7i
Portugal,12/1/2022,jbrumbye7j,11/12/2022,fkeady7j
Ecuador,3/13/2023,acornbell7k,9/6/2023,fbruckman7k
Brazil,10/2/2022,ttrodler7l,7/9/2023,jlindenman7l
Lithuania,1/3/2023,snorster7m,11/30/2022,gwickey7m
Sweden,7/5/2023,hclaasen7n,9/23/2023,pmckleod7n
Sweden,7/22/2023,fgillooly7o,11/22/2022,sburbridge7o
Pakistan,10/26/2022,rbothams7p,5/9/2023,glight7p
Indonesia,9/20/2023,bcongreve7q,6/16/2023,bdeguise7q
China,4/28/2023,eattenbarrow7r,10/11/2022,rtimbridge7r
Portugal,5/9/2023,geilhertsen7s,7/19/2023,ihabeshaw7s
Nicaragua,8/6/2023,wmegainey7t,4/29/2023,fgravie7t
China,1/6/2023,tocorhane7u,7/7/2023,dbartoshevich7u
France,9/1/2023,athorndale7v,8/26/2023,bcawthorn7v
Russia,6/24/2023,ntolland7w,7/24/2023,rduchateau7w
Egypt,11/21/2022,zgallimore7x,2/11/2023,bmeenehan7x
China,10/30/2022,aladds7y,10/19/2022,louslem7y
Philippines,5/17/2023,rchallens7z,7/6/2023,mwheelhouse7z
China,12/15/2022,brubin80,9/24/2023,broma80
Georgia,5/7/2023,lkohnert81,10/20/2022,bhookes81
China,5/19/2023,akinlock82,3/31/2023,hriehm82
China,6/28/2023,svarnham83,6/16/2023,vferrai83
Russia,6/4/2023,tfydoe84,12/28/2022,kwadge84
Poland,7/23/2023,adungey85,8/25/2023,cmolan85
Russia,2/20/2023,jhuchot86,3/1/2023,ohuet86
Philippines,11/16/2022,mlamberti87,7/29/2023,kgoodred87
Argentina,10/4/2022,sserginson88,7/13/2023,akain88
Russia,7/20/2023,cgarrals89,8/25/2023,amongeot89
Indonesia,11/14/2022,fmatkin8a,5/27/2023,jpullinger8a
Philippines,6/5/2023,lbernardy8b,3/22/2023,fkenwrick8b
Poland,7/4/2023,jlanphier8c,2/21/2023,gwanstall8c
Indonesia,9/1/2023,fcatt8d,12/23/2022,glett8d
South Korea,3/2/2023,tgales8e,2/9/2023,melwill8e
Ethiopia,8/15/2023,rfrugier8f,2/6/2023,vskill8f
Indonesia,6/9/2023,etagg8g,6/13/2023,tbiswell8g
China,2/24/2023,oschrieves8h,3/2/2023,gbelfelt8h
Peru,12/4/2022,bbinning8i,11/1/2022,xdiangelo8i
Argentina,4/25/2023,efesby8j,8/26/2023,dtrengrove8j
Russia,3/17/2023,kmcgirr8k,7/5/2023,lcoram8k
Indonesia,8/8/2023,omansuer8l,1/12/2023,wjugging8l
Brazil,10/25/2022,jpappi8m,12/7/2022,gstonner8m
Portugal,4/28/2023,abohike8n,1/2/2023,koldknowe8n
Brazil,3/11/2023,mpickvance8o,12/14/2022,wmishaw8o
Nigeria,11/22/2022,esircombe8p,6/6/2023,wyurikov8p
China,4/2/2023,sgully8q,3/31/2023,mspooner8q
Poland,5/21/2023,mnottram8r,7/6/2023,nyetton8r
Russia,6/30/2023,nbonnell8s,12/21/2022,hohoolahan8s
Indonesia,6/30/2023,fgunston8t,6/12/2023,wbrokenshaw8t
Nigeria,5/5/2023,mabsolon8u,4/19/2023,cjurczik8u
Japan,2/22/2023,jfernie8v,7/13/2023,abernhardsson8v
Poland,10/22/2022,fdaldan8w,10/23/2022,tboord8w
Brazil,11/22/2022,rwilbor8x,10/6/2022,jlassen8x
United Kingdom,8/6/2023,jmeynell8y,8/28/2023,amingotti8y
France,5/10/2023,tclutten8z,7/25/2023,oeshelby8z
Pakistan,7/7/2023,dsare90,5/8/2023,gosboldstone90
China,11/1/2022,bdunnan91,1/3/2023,stitt91
Portugal,5/12/2023,jfillan92,9/5/2023,rgobeaux92
China,6/10/2023,rbeswell93,1/12/2023,cgilhooley93
Venezuela,2/1/2023,qhenken94,1/15/2023,vallawy94
Ethiopia,11/20/2022,ralyukin95,8/15/2023,deuels95
Puerto Rico,4/20/2023,wredman96,3/31/2023,atoon96
France,1/27/2023,ostinton97,11/7/2022,cbrik97
Czech Republic,1/27/2023,sdwyer98,4/28/2023,imokes98
Thailand,7/29/2023,jhopfner99,8/5/2023,fsimmell99
Brazil,4/14/2023,dsarton9a,3/1/2023,rdudderidge9a
Indonesia,6/5/2023,gsteggles9b,12/12/2022,skenington9b
Russia,8/4/2023,yjancar9c,9/19/2023,hrunsey9c
Pakistan,1/31/2023,amaude9d,5/2/2023,yluchelli9d
Anguilla,12/24/2022,raylin9e,5/3/2023,cwriter9e
Philippines,10/4/2022,smathet9f,8/25/2023,evivyan9f
Poland,7/8/2023,hgutowski9g,2/26/2023,dmoorman9g
Brazil,9/28/2023,cstronack9h,8/18/2023,dmattevi9h
China,7/29/2023,ohoy9i,9/20/2023,badamik9i
Panama,10/11/2022,acoultard9j,9/9/2023,ahastilow9j
China,1/13/2023,ebewshaw9k,9/22/2023,lthompkins9k
Bahamas,10/8/2022,dyerson9l,2/22/2023,mbaguley9l
France,11/24/2022,cgreenman9m,1/8/2023,tcurling9m
Bolivia,1/17/2023,bbasant9n,7/7/2023,wmaskew9n
Sweden,10/14/2022,mmarjot9o,12/29/2022,mrowcliffe9o
Indonesia,8/10/2023,jallsop9p,4/11/2023,cmicklem9p
Russia,10/8/2022,edunkerley9q,12/31/2022,eashbey9q
Japan,3/7/2023,dsidry9r,9/15/2023,rchinnick9r
Peru,2/19/2023,frobben9s,11/19/2022,kmussard9s
China,6/1/2023,bjardine9t,7/14/2023,tjacop9t
Indonesia,5/12/2023,mharm9u,3/15/2023,ktrickett9u
Portugal,2/20/2023,mepgrave9v,8/2/2023,fradeliffe9v
Denmark,6/27/2023,mcran9w,6/4/2023,jmackibbon9w
Brazil,11/2/2022,lburdoun9x,9/15/2023,adockwra9x
Colombia,8/6/2023,ldonn9y,5/8/2023,aroxbrough9y
Philippines,8/18/2023,bbullock9z,8/5/2023,dlimpertz9z
Mexico,4/20/2023,xpargetera0,11/26/2022,gdallmanna0
Philippines,4/5/2023,iharbagea1,6/21/2023,brudrama1
Pakistan,11/9/2022,vciceroa2,9/4/2023,jblatchera2
France,2/17/2023,ocollcotta3,3/16/2023,gdutcha3
Mongolia,9/21/2023,sedwinsona4,9/24/2023,thatchmana4
Netherlands,12/21/2022,hheselwooda5,4/10/2023,zgoachera5
Russia,6/13/2023,ebaudassia6,7/3/2023,mtookeya6
Iran,10/29/2022,jalcotta7,10/1/2023,lrashera7
Japan,2/4/2023,dwoofindena8,11/22/2022,npetrussia8
United States,5/17/2023,gpackmana9,6/15/2023,kaleswella9
Philippines,10/29/2022,khaddrillaa,10/30/2022,rfaasaa
Brazil,3/16/2023,ksleepab,10/31/2022,jblockleyab
Ukraine,1/9/2023,rklemkeac,11/11/2022,tfanthamac
Russia,4/11/2023,vpenderad,8/25/2023,esindlead
Peru,6/29/2023,tburburyae,5/11/2023,jkunklerae
Guatemala,1/13/2023,sskeggaf,5/9/2023,bodgersaf
Czech Republic,9/12/2023,dmanbyag,6/5/2023,hjunkinag
Indonesia,11/11/2022,atrunbyah,3/27/2023,ccoshamah
Portugal,4/15/2023,srubieai,3/30/2023,lbulpittai
Morocco,10/17/2022,akortingaj,11/11/2022,stomkowiczaj
China,12/18/2022,africhleyak,3/22/2023,czukerak
Brazil,1/31/2023,abussonal,10/6/2022,cpenvardenal
Peru,6/10/2023,cclurowam,5/30/2023,ldumingosam
Ireland,12/2/2022,lbushillan,11/24/2022,sdilgarnoan
Bosnia and Herzegovina,7/15/2023,alepopeao,9/2/2023,cmartynovao
Poland,5/24/2023,abeeap,6/21/2023,ddanneap
Serbia,10/17/2022,mhabbemaaq,1/29/2023,kphilipaq
Russia,12/24/2022,kgreenerar,4/19/2023,ecreamenar
Ghana,2/23/2023,mveiversas,8/10/2023,pmaiseyas
Indonesia,3/16/2023,bparsonsonat,8/24/2023,ktrazziat
Dominican Republic,12/26/2022,uwilloxau,1/9/2023,cchevesau
Philippines,7/27/2023,hrametav,4/18/2023,gcossarav
Armenia,10/30/2022,rtessingtonaw,4/27/2023,cgladdolphaw
Honduras,3/13/2023,coswickax,7/12/2023,mcoxhellax
Sweden,1/5/2023,ifarryanay,12/13/2022,cmostynay
Chile,9/14/2023,rnoellaz,4/16/2023,mspinozziaz
Indonesia,6/11/2023,tnoelb0,7/17/2023,nwillicottb0
Vietnam,5/31/2023,elorekb1,9/23/2023,lcreaneb1
Russia,12/26/2022,wswafferb2,10/15/2022,rdulsonb2
Iran,7/21/2023,alundbechb3,11/3/2022,smurdochb3
Philippines,11/23/2022,dmcsporonb4,11/9/2022,wsalterb4
Argentina,8/4/2023,ramorineb5,10/1/2023,jwoodsb5
Russia,6/2/2023,hburdgeb6,10/9/2022,abesterb6
China,4/7/2023,kcescotib7,6/21/2023,vkaganb7
Vietnam,5/6/2023,abrenstonb8,5/4/2023,cdelaharpeb8
Ukraine,10/1/2023,ckusickb9,12/30/2022,rwoakesb9
Indonesia,1/28/2023,adavydenkoba,11/16/2022,vpomphreyba
Japan,3/30/2023,bnuschkebb,5/28/2023,dmazilliusbb
Bulgaria,8/27/2023,eisgarbc,12/24/2022,awellsbc
Argentina,3/28/2023,dpurkessbd,7/10/2023,smitiebd
Honduras,12/21/2022,kfarlambebe,6/6/2023,fvernabe
Philippines,1/18/2023,hskevingtonbf,11/13/2022,voxtarbybf
Indonesia,2/27/2023,lduddanbg,12/1/2022,mhanmerbg
South Africa,1/17/2023,bingonbh,11/24/2022,wcarlebh
Estonia,4/21/2023,ahoveybi,9/20/2023,eknightleybi
Ethiopia,12/21/2022,mbramallbj,7/16/2023,gwestlakebj
Russia,4/13/2023,wdaviddebk,6/20/2023,rcostanzabk
France,9/30/2023,wmorenobl,7/19/2023,lmonrobl
Malaysia,5/13/2023,blosbiebm,9/9/2023,igrocockbm
Germany,12/12/2022,rmowsleybn,9/15/2023,rblackborowbn
Brazil,3/28/2023,pbradderbo,12/13/2022,ahuggenbo
Tunisia,2/3/2023,komalleybp,11/8/2022,tcapperbp
Russia,1/12/2023,nthornbarrowbq,11/2/2022,amacandrewbq
Azerbaijan,11/5/2022,dgorettibr,12/3/2022,mgilcristbr
Mauritania,8/17/2023,dstrethillbs,9/2/2023,bdybaldbs
Yemen,8/17/2023,rshearerbt,3/17/2023,bcowperthwaitebt
Sweden,11/8/2022,rtamlettbu,5/9/2023,gmaskewbu
Japan,7/15/2023,nklemzbv,9/17/2023,wsuartbv
Peru,12/28/2022,lgorgenbw,9/15/2023,fcraighallbw
France,1/6/2023,astearnbx,3/9/2023,drosiellobx
Sri Lanka,6/4/2023,eguinnessby,4/27/2023,zguillainby
Philippines,9/30/2023,jmccuisbz,7/14/2023,ekobkebz
Palestinian Territory,3/25/2023,wkettemanc0,1/29/2023,kolverc0
Philippines,1/17/2023,ctillec1,3/10/2023,hbloxsumc1
Portugal,11/10/2022,cpietersenc2,12/25/2022,vdcruzec2
France,7/14/2023,kmesserc3,5/4/2023,cmawdittc3
South Korea,5/5/2023,hchumleyc4,7/13/2023,oiliffc4
Poland,9/8/2023,bolczakc5,1/19/2023,bburdenc5
Poland,1/28/2023,mliffc6,1/17/2023,ckonigc6
Peru,10/27/2022,emiddlewickc7,7/14/2023,tarpurc7
Canada,11/3/2022,kbessantc8,5/4/2023,tmaliphantc8
Poland,5/6/2023,kmosconec9,9/13/2023,gjurriesc9
Philippines,8/16/2023,pscapensca,12/17/2022,dmacskeaganca
China,8/24/2023,asodocb,6/17/2023,meshcb
Poland,7/11/2023,btomashovcc,1/9/2023,mpordallcc
Thailand,12/15/2022,odisleecd,2/28/2023,margocd
Jamaica,4/17/2023,kashbrookce,7/6/2023,bgutridgece
China,9/13/2023,jlillymancf,7/5/2023,jholwellcf
Guatemala,12/7/2022,rnoonancg,3/5/2023,jarmitagecg
China,7/21/2023,fdannch,8/8/2023,tgimletch
China,4/1/2023,esyphusci,10/5/2022,ereveyci
Sweden,3/24/2023,mquinioncj,10/23/2022,jmarwickcj
China,3/6/2023,dhelsdonck,7/16/2023,ttustinck
Argentina,5/12/2023,ppawfootcl,7/15/2023,ncolegrovecl
Palestinian Territory,6/25/2023,etithecottcm,5/2/2023,edayntercm
China,1/5/2023,dkislingburycn,10/31/2022,vgooblecn
Poland,9/27/2023,cthonco,3/17/2023,shasemanco
China,2/11/2023,emcleishcp,10/25/2022,fstourtoncp
Indonesia,12/9/2022,bsterleycq,3/4/2023,cbazellcq
Poland,2/4/2023,aledruncr,12/14/2022,mkilduffcr
Argentina,11/28/2022,raccombcs,7/24/2023,klillecrapcs
Indonesia,1/24/2023,tholywellct,3/23/2023,qcampionct
Vietnam,8/22/2023,wstoppcu,7/11/2023,fmcgaherncu
Iran,12/16/2022,pbygreavescv,9/7/2023,gforgecv
Pakistan,4/21/2023,cverdeycw,10/25/2022,gbuggcw
Costa Rica,12/26/2022,gcutcliffecx,9/28/2023,mnanellicx
China,6/23/2023,kgrayshancy,3/31/2023,bhuskecy
United States,9/29/2023,rvonoertzencz,2/22/2023,swalshawcz
Philippines,6/11/2023,cyarwoodd0,8/23/2023,ataitd0
Philippines,7/28/2023,nchungd1,7/30/2023,akrauzed1
Brazil,1/21/2023,ekimblingd2,10/8/2022,npakenhamd2
China,3/8/2023,jrosthornd3,10/8/2022,pbennoed3
South Korea,1/10/2023,tollived4,1/14/2023,rgaffneyd4
China,7/25/2023,jdiegod5,1/22/2023,kberzinsd5
Portugal,6/27/2023,oblasonid6,9/20/2023,zbraunled6
Argentina,3/28/2023,hklemtd7,4/13/2023,bugod7
Russia,6/11/2023,baleksichd8,7/7/2023,hsargantd8
China,1/30/2023,nkemed9,8/14/2023,wchamberlend9
China,8/7/2023,nmoulsonda,11/26/2022,aleifda
Nigeria,7/31/2023,jnevilledb,8/23/2023,lwicksdb
Portugal,7/15/2023,lchurchindc,7/3/2023,csitchdc
United States,7/5/2023,acobbledickdd,3/31/2023,svaliantdd
China,10/6/2022,ueixenbergerde,11/8/2022,ltunnahde
Poland,11/22/2022,cheishamdf,12/2/2022,mgogandf
Cuba,11/20/2022,cberrimandg,3/23/2023,abalaisotdg
Indonesia,9/25/2023,sgamwelldh,1/17/2023,uyashaevdh
Japan,10/17/2022,chopferdi,5/20/2023,dwinsordi
China,8/17/2023,byakovdj,1/20/2023,mfostondj
United States,5/15/2023,hkidstondk,2/23/2023,ldavidovdk
China,11/4/2022,mbowndl,2/12/2023,pemsleydl
China,8/12/2023,jguidettidm,2/15/2023,mtoffanodm
China,4/23/2023,climerdn,6/28/2023,lrossbrookedn
Pakistan,8/29/2023,jbasindaledo,12/22/2022,tsymsdo
Sweden,5/8/2023,jgrouendp,11/26/2022,rraindp
Indonesia,1/8/2023,lgreensladedq,4/11/2023,gdearandq
Russia,10/16/2022,kbrookfielddr,12/19/2022,bscholigdr
United States,4/4/2023,sfeatherstonhalghds,3/14/2023,tmunningsds
Latvia,5/24/2023,ugasgarthdt,1/29/2023,agleavedt
Honduras,4/15/2023,ndossantosdu,10/7/2022,sbenazetdu
Indonesia,7/5/2023,mtidswelldv,6/4/2023,ksimonatodv
Indonesia,6/23/2023,aharrisdw,5/2/2023,jmellmerdw
Portugal,4/9/2023,tbuessendx,5/30/2023,evangiffendx
Czech Republic,11/17/2022,jgoosedy,2/11/2023,ogauntlettdy
China,4/16/2023,sewartdz,5/12/2023,dhuckerbedz
Ukraine,6/13/2023,mwilboree0,10/31/2022,mmccullocke0
Greece,2/2/2023,mraglese1,1/27/2023,astubbeleye1
United States,5/20/2023,wshivline2,3/8/2023,dwhelane2
Peru,8/28/2023,dmcfadzeane3,12/11/2022,dshemminge3
Russia,5/19/2023,ldsouzae4,11/2/2022,dspurdone4
Greece,12/24/2022,mwagnere5,3/5/2023,blacelette5
Philippines,4/1/2023,smangame6,2/20/2023,fmyerscoughe6
China,4/28/2023,cvedenyapine7,11/20/2022,rsivee7
Albania,7/23/2023,abartae8,6/6/2023,dgleesone8
Paraguay,10/27/2022,agosneyee9,12/31/2022,nstatersfielde9
South Korea,10/24/2022,hdalgarnochtea,8/8/2023,alancastleea
Iceland,8/18/2023,celiaseneb,5/27/2023,jrentoneb
Portugal,4/5/2023,rwapolec,2/28/2023,ghebburnec
Poland,12/19/2022,cfusselled,2/2/2023,vwalklotted
Spain,12/3/2022,cgeartyee,9/29/2023,jstockbridgeee
Indonesia,8/15/2023,bszymanekef,9/1/2023,cmacdavittef
Philippines,1/26/2023,msaratheg,9/22/2023,kmanselleg
Macedonia,4/23/2023,bhanscombeh,3/23/2023,ajamblineh
China,12/21/2022,gchurchardei,10/26/2022,vblondelei
Poland,5/16/2023,srussamej,8/7/2023,cyeskovej
Portugal,2/24/2023,lclacek,1/25/2023,htoobyek
Philippines,11/13/2022,aryanel,7/5/2023,rscutterel
Philippines,5/28/2023,cgarmansonem,11/16/2022,smacallanem
Tanzania,2/28/2023,tbulwarden,2/4/2023,rrameyen
Indonesia,6/17/2023,edarnborougheo,8/6/2023,faloigieo
Greece,4/12/2023,kceschiep,10/25/2022,dgabbottep
Philippines,8/19/2023,cpestelleq,11/6/2022,tbaintoneq
Malaysia,6/26/2023,mwindybanker,12/26/2022,dmodener
Philippines,12/22/2022,mthirskes,3/29/2023,jdringes
Tunisia,8/13/2023,jhuonicet,11/18/2022,mlukianovet
Mauritius,1/16/2023,scorteneyeu,9/1/2023,nbondareu
Croatia,9/29/2023,sprettiev,7/13/2023,gbroeev
Russia,5/15/2023,kriselyew,7/26/2023,dodgersew
Vietnam,5/28/2023,mmcgowex,6/4/2023,cbroseniusex
France,4/9/2023,opitrolloey,9/16/2023,rgraffhamey
Czech Republic,9/9/2023,sducroeez,1/8/2023,lbendingez
Vietnam,10/17/2022,gmillarf0,6/7/2023,scousansf0
Canada,1/30/2023,nburlingf1,9/17/2023,jdoggrellf1
China,3/6/2023,jbaldackf2,6/2/2023,kbrambellf2
China,11/21/2022,cbottelstonef3,5/18/2023,cscrivinorf3
China,3/8/2023,brudigerf4,2/13/2023,kdomicof4
Uganda,12/6/2022,thammantf5,6/28/2023,lwebbyf5
Spain,12/14/2022,btingleyf6,7/8/2023,mdiblef6
Netherlands,6/20/2023,scounihanf7,4/20/2023,abrunickef7
Philippines,2/20/2023,khindshawf8,9/26/2023,mmccayf8
Myanmar,8/3/2023,thaggishf9,6/10/2023,rdannf9
China,4/1/2023,ckilnerfa,2/16/2023,tcalleryfa
Indonesia,8/26/2023,elinnettfb,6/24/2023,abernadotfb
Honduras,11/22/2022,rbartunekfc,2/23/2023,striponfc
Bulgaria,5/9/2023,amccoolfd,3/29/2023,swhearfd
Benin,1/29/2023,btaskerfe,3/16/2023,seddowfe
Zambia,2/8/2023,oankrettff,4/2/2023,drapseyff
Russia,12/13/2022,tdowdamfg,8/7/2023,amaystonefg
Haiti,3/11/2023,sthurbyfh,6/14/2023,mrenfreefh
Russia,10/22/2022,rivanichevfi,11/8/2022,clistonfi
Cuba,4/24/2023,mbushawayfj,5/5/2023,pstrevensfj
China,3/3/2023,btomensonfk,12/24/2022,btitterrellfk
China,12/15/2022,hfawcusfl,12/17/2022,rheaphyfl
Indonesia,8/14/2023,cjeanonfm,3/6/2023,mgronnofm
Russia,11/23/2022,rlauritsenfn,6/8/2023,cphilsonfn
Canada,6/18/2023,ohanshawefo,10/1/2023,csessunsfo
Poland,12/14/2022,aknottonfp,1/18/2023,lcollidgefp
Thailand,10/5/2022,aellisonfq,4/30/2023,asabbinsfq
Bangladesh,4/23/2023,gasserfr,2/19/2023,alenaghenfr
Indonesia,8/24/2023,amacandreisfs,10/22/2022,nbigginsfs
China,6/21/2023,mmitkcovft,10/5/2022,ckattenhornft
Morocco,3/25/2023,jgrigoriscufu,4/12/2023,ssterriefu
Cyprus,10/12/2022,tcoxfv,4/18/2023,tdunnetfv
Indonesia,9/7/2023,araddinfw,12/3/2022,fmcalpinefw
Syria,2/17/2023,skelseyfx,1/6/2023,kjirifx
Indonesia,9/10/2023,mtorrijosfy,3/21/2023,lofihilyfy
France,6/8/2023,mcaplefz,7/29/2023,elillegardfz
Russia,9/8/2023,acarradiceg0,4/11/2023,djohananovg0
Poland,1/13/2023,cvanesg1,8/6/2023,ysemaineg1
Indonesia,3/17/2023,kcadneyg2,10/18/2022,tbuttg2
United States,3/13/2023,acollatong3,12/15/2022,dsouthworthg3
Japan,9/9/2023,mblakslandg4,12/4/2022,fchaddockg4
Israel,11/4/2022,mspittlesg5,5/4/2023,jsherborneg5
Russia,5/3/2023,kclissg6,4/13/2023,amaking6
Serbia,6/27/2023,ccorroyerg7,3/19/2023,afollettg7
France,3/17/2023,imccrowg8,1/14/2023,sstiddardg8
Poland,8/4/2023,mhardistryg9,12/10/2022,hpetrolg9
Mexico,12/30/2022,swhealga,3/7/2023,agarnsonga
China,3/28/2023,fsiggersgb,9/19/2023,tbygategb
Thailand,6/10/2023,gocodihiegc,1/26/2023,lwestberggc
Ukraine,9/17/2023,gbynegd,1/19/2023,ssketchleygd
China,5/25/2023,mcracoege,7/7/2023,elastge
Dominican Republic,6/13/2023,abedinhamgf,10/11/2022,zdickmangf
Ukraine,2/14/2023,kfuttygg,8/28/2023,ecreanygg
Russia,5/23/2023,ldovidaitisgh,4/13/2023,kcarlesigh
Israel,2/5/2023,egiovanettigi,11/6/2022,twaterhousegi
China,11/15/2022,mgosnollgj,7/30/2023,gpetheridgegj
Indonesia,1/17/2023,thorchegk,12/8/2022,ctayldergk
Russia,4/10/2023,afischergl,1/27/2023,cchinggl
Poland,3/20/2023,cmccaughangm,9/3/2023,nalbrookegm
Philippines,7/29/2023,afullowaygn,8/16/2023,cpeterffygn
China,12/4/2022,aguinnanego,8/20/2023,cmiallgo
Brazil,2/4/2023,jthrowergp,11/9/2022,ssissonsgp
China,3/5/2023,cdaventrygq,5/3/2023,bdwanegq
South Korea,10/23/2022,vbaggaleygr,9/3/2023,cfugglesgr
Poland,9/21/2023,lwebbbowengs,11/22/2022,lkhangs
Indonesia,8/25/2023,dmcgreaygt,7/24/2023,arottergt
Russia,7/23/2023,ystirripgu,7/15/2023,abartlettgu
China,8/13/2023,oreaneygv,7/15/2023,jcullgv
China,12/3/2022,alivickgw,6/28/2023,chatterslaygw
American Samoa,1/13/2023,kdenyukingx,7/27/2023,sbentotegx
China,4/11/2023,kdunckleegy,8/2/2023,kwitzgy
Chile,10/21/2022,earbuckelgz,9/24/2023,gtippingz
China,5/4/2023,jcrocketh0,3/26/2023,pdoelleh0
China,2/17/2023,cclayh1,3/7/2023,jshoebottomh1
Indonesia,7/7/2023,ecicettih2,4/4/2023,ngymletth2
Spain,2/16/2023,pcutbushh3,10/15/2022,baudash3
Japan,8/25/2023,pdurdyh4,6/10/2023,ftitteringtonh4
Czech Republic,2/25/2023,mwinbornh5,1/16/2023,bmilberryh5
France,5/25/2023,rkleiselh6,10/16/2022,hheiningh6
Afghanistan,6/15/2023,pogrowganeh7,11/25/2022,dgarahanh7
Poland,11/30/2022,ewybrowh8,7/6/2023,gwilcoxh8
China,11/15/2022,epeagramh9,4/10/2023,lperegrineh9
Japan,12/8/2022,athebesha,12/7/2022,rtaskerha
China,8/19/2023,smaccarterhb,10/2/2022,mstannerhb
Syria,4/15/2023,nantoniouhc,4/7/2023,cbrookshc
Moldova,10/9/2022,giacobohd,6/15/2023,aoxtibyhd
Thailand,9/12/2023,fhuikerbyhe,9/7/2023,abeacrofthe
China,6/3/2023,lbissetthf,9/5/2023,bharlinghf
Palestinian Territory,1/28/2023,miacovacciohg,4/11/2023,whumpatchhg
Honduras,4/5/2023,pwarykhh,1/26/2023,tschooleyhh
Peru,6/2/2023,hgladdifhhi,12/4/2022,hodegaardhi
Poland,2/8/2023,bfeatleyhj,10/12/2022,cdelayglesiahj
Sweden,11/7/2022,jcalderonhk,4/21/2023,mferraresihk
Montenegro,12/10/2022,tfrentzhl,7/28/2023,fdummiganhl
France,1/7/2023,rellsonhm,7/1/2023,inansonhm
Canada,1/3/2023,gbeeswinghn,7/2/2023,iheggmanhn
Cyprus,8/31/2023,dbenoyho,5/4/2023,jlasslettho
China,11/9/2022,egangehp,6/29/2023,jcolliarhp
Philippines,11/19/2022,zcleyburnhq,1/12/2023,vquesnehq
France,8/3/2023,apressleehr,6/30/2023,ctuppenyhr
Portugal,9/11/2023,kbastenhs,4/14/2023,ploughneyhs
Czech Republic,4/13/2023,mrapleyht,2/19/2023,clackyht
Tanzania,7/11/2023,cfogelhu,9/20/2023,asmewinhu
Indonesia,10/27/2022,wdyterhv,5/14/2023,afanninghv
Egypt,5/27/2023,amugridgehw,1/20/2023,ksandyfordhw
Russia,11/24/2022,jvaudhx,12/8/2022,cpratehx
Colombia,2/24/2023,kgowhy,1/17/2023,kpoultonhy
Tanzania,11/20/2022,mreignardhz,12/7/2022,msoallhz
Indonesia,8/23/2023,mwhittami0,6/25/2023,anesbiti0
Argentina,11/17/2022,psturleyi1,7/2/2023,rchmarnyi1
Venezuela,8/12/2023,chirtzi2,1/26/2023,dloukesi2
Croatia,4/27/2023,lmarritti3,2/25/2023,apettkoi3
Portugal,10/24/2022,gnelhamsi4,1/1/2023,kdesporti4
Gambia,6/3/2023,sscarfei5,7/13/2023,salesoi5
Paraguay,4/10/2023,thungerfordi6,1/21/2023,pbeausangi6
Bulgaria,12/4/2022,csevillei7,9/18/2023,jdorsetti7
Portugal,12/3/2022,jcheateri8,3/12/2023,bfordycei8
China,11/22/2022,cpillingi9,3/28/2023,fmattosoffi9
Cyprus,10/1/2023,glaphornia,9/19/2023,nkenwortheyia
Russia,8/1/2023,arittmeyerib,5/31/2023,jbroughtonib
Trinidad and Tobago,10/15/2022,lmcgillreichic,5/13/2023,jchristolic
Sweden,10/12/2022,rrennocksid,5/29/2023,goilierid
Philippines,8/12/2023,dstathorie,2/28/2023,hstovingie
China,11/6/2022,ohassinif,11/18/2022,smatyuginif
Portugal,1/8/2023,arenakig,11/11/2022,rklammanig
China,9/20/2023,jbowtonih,4/5/2023,egidleyih
Indonesia,7/23/2023,fscaysbrookii,1/17/2023,lboxerii
Djibouti,5/21/2023,trowthij,10/30/2022,kohegertieij
Sweden,11/17/2022,ikirkpatrickik,6/13/2023,kwabyik
Sweden,4/8/2023,jpointil,3/12/2023,jloadesil
Philippines,4/25/2023,icunradiim,4/20/2023,mbowkleyim
China,5/11/2023,cvlasyukin,12/30/2022,lpashlerin
Namibia,8/21/2023,abarrandio,9/21/2023,mlinggoodio
France,12/30/2022,gblowfieldip,4/9/2023,rjefferdip
Belarus,9/25/2023,amckoyiq,7/12/2023,ninesoniq
Netherlands,3/1/2023,mdorrellir,11/20/2022,ijohnesir
Russia,11/16/2022,blamasis,4/25/2023,jileyis
Armenia,12/28/2022,gphetteit,7/23/2023,ynoonit
France,9/20/2023,mbroweriu,7/25/2023,vpasqueiu
Peru,12/7/2022,jcolbridgeiv,3/24/2023,mcurrieiv
China,6/7/2023,upenimaniw,6/29/2023,ywolfingeriw
Bosnia and Herzegovina,7/12/2023,mbarefordix,11/2/2022,kkornyshevix
Philippines,3/24/2023,rdickyiy,11/8/2022,cpinillaiy
China,10/7/2022,cmillaniz,9/9/2023,dlathwelliz
Pakistan,3/12/2023,dheimsj0,7/26/2023,vbutterleyj0
Czech Republic,3/29/2023,vlethbyj1,5/10/2023,dchristerj1
China,10/21/2022,bconstablej2,2/13/2023,bviviansj2
Philippines,3/31/2023,kcampj3,3/5/2023,gbampfordj3
Indonesia,11/7/2022,acrightenj4,7/4/2023,cchaulkj4
South Africa,10/30/2022,iroderj5,7/15/2023,cpoldenj5
South Africa,12/31/2022,cnaresj6,7/30/2023,bbenardetj6
China,2/4/2023,ablaisdalej7,1/2/2023,cconnellyj7
China,10/20/2022,esatchellj8,11/11/2022,abarnshawj8
Brazil,8/6/2023,zkopj9,9/14/2023,celiazj9
Cuba,4/8/2023,rstentja,4/14/2023,plinsteadja
Thailand,8/22/2023,abottlestonejb,3/6/2023,amaccolganjb
Sweden,10/3/2022,vlabromjc,12/7/2022,klucyjc
China,12/30/2022,bhengoedjd,6/1/2023,kbaynesjd
China,6/3/2023,syegorkovje,7/8/2023,ajanouchje
Afghanistan,1/24/2023,bpulsterjf,4/19/2023,laistropjf
Montenegro,5/7/2023,pgibbiesonjg,2/28/2023,aosheajg
Russia,5/22/2023,rcrebojh,2/10/2023,dboonjh
Kenya,5/19/2023,ablasioji,1/19/2023,hgravellsji
Russia,12/19/2022,rsimeonejj,3/17/2023,mjubbjj
Italy,5/26/2023,bpetrellijk,4/2/2023,proskrugejk
Czech Republic,6/30/2023,kmanklowjl,9/27/2023,aandreajl
China,6/20/2023,khuccabyjm,3/7/2023,ndenyakinjm
Russia,5/28/2023,rlakinjn,9/7/2023,pronaghanjn
Iraq,2/14/2023,cionnidisjo,5/24/2023,ftailbyjo
Ethiopia,8/4/2023,ytanseyjp,8/19/2023,mteodorskijp
Brazil,12/21/2022,sgallenjq,8/7/2023,tcromartyjq
Indonesia,2/19/2023,kmcgeadyjr,9/20/2023,dbonnerjr
France,12/24/2022,ctisunjs,2/15/2023,vfaddenjs
Russia,1/24/2023,hdrescherjt,10/30/2022,olukejt
Nigeria,12/14/2022,jhuitsonju,6/1/2023,fnovkovicju
Finland,11/28/2022,flaugierjv,1/28/2023,alacasejv
United States,6/21/2023,ahenriquetjw,4/17/2023,cbrickhilljw
China,6/26/2023,spervewjx,10/6/2022,hspatarijx
Russia,1/27/2023,hmcguineyjy,2/8/2023,sarissjy
Argentina,2/2/2023,rloiseaujz,4/8/2023,tslowleyjz
China,10/15/2022,wgadsbyk0,8/22/2023,kloberk0
United States,2/6/2023,ljendrichk1,10/26/2022,vquoitk1
Indonesia,6/30/2023,ashackletonk2,7/29/2023,mbagek2
Uganda,10/1/2023,mdeferrarisk3,5/25/2023,lbatterk3
Greece,5/29/2023,ageikiek4,11/7/2022,wgirschk4
Russia,2/4/2023,pberthomek5,7/18/2023,ybencherk5
Brazil,11/20/2022,hmarflittk6,6/28/2023,bsmallridgek6
Bulgaria,7/30/2023,rcenterk7,2/21/2023,tfinnickk7
Argentina,1/10/2023,glongegak8,1/24/2023,ufinnesk8
Peru,2/22/2023,ltolmiek9,11/30/2022,fmcgoonk9
Cape Verde,3/24/2023,rhaliburnka,11/17/2022,ehackeyka
Indonesia,8/17/2023,bvernakb,8/11/2023,agoronikb
Colombia,2/17/2023,vglowinskikc,5/13/2023,qanyonkc
Croatia,1/2/2023,bmorfellkd,10/6/2022,rmahmoodkd
Sweden,2/7/2023,cgledstaneke,6/28/2023,lcaslaneke
China,11/25/2022,afurmstonkf,6/5/2023,ucordnerkf
Czech Republic,7/20/2023,glukekg,5/23/2023,nroskelleykg
China,12/15/2022,crylandskh,12/25/2022,castburykh
Russia,8/11/2023,kbaffki,1/17/2023,fglyneki
Brazil,7/12/2023,jmordecaikj,12/15/2022,eparffreykj
Canada,4/28/2023,nnowaczykkk,5/30/2023,ebrunonekk
Portugal,6/13/2023,jbrokenshawkl,10/26/2022,wassafkl
Canada,9/25/2023,clancashirekm,8/19/2023,bkinnardkm
China,12/30/2022,apitthamkn,4/7/2023,mtawtonkn
China,7/23/2023,cciscoko,1/12/2023,dpressmanko
South Korea,11/11/2022,gdannelkp,8/5/2023,vmeasorkp
Philippines,7/5/2023,wtaysbilkq,4/13/2023,cmcmeekinkq
Indonesia,2/28/2023,tbeeverkr,6/5/2023,flutykr
Thailand,3/11/2023,gpittmanks,1/25/2023,ahattiffks
China,7/31/2023,dchouleskt,5/11/2023,gtremlettkt
Russia,9/4/2023,lgrayku,10/29/2022,cayersku
Brazil,10/1/2023,gblankmankv,8/18/2023,mjesperkv
Croatia,7/25/2023,lhebardkw,11/20/2022,fgeoghegankw
Argentina,9/19/2023,hcamillettikx,5/28/2023,amerrikinkx
Uzbekistan,11/11/2022,kszimoniky,3/22/2023,epeachamky
Philippines,12/16/2022,jreuvenkz,11/19/2022,ecasilliskz
China,8/25/2023,atatherl0,3/30/2023,vsoggeel0
Indonesia,7/19/2023,adavalll1,6/26/2023,anesbitl1
Sweden,2/22/2023,sgutl2,6/22/2023,dharteleyl2
China,7/28/2023,mdumphryl3,9/3/2023,deyresl3
Indonesia,5/12/2023,jdelagnesl4,12/13/2022,fpaszakl4
Indonesia,2/5/2023,jstigglesl5,10/6/2022,haldrittl5
Latvia,4/2/2023,lgrindrodl6,3/22/2023,mlenschl6
United States,6/14/2023,pdunbarl7,6/8/2023,otomowiczl7
Czech Republic,11/21/2022,gstanwayl8,2/25/2023,asandiferl8
United States,7/26/2023,cropkesl9,7/13/2023,lhemeretl9
France,9/28/2023,lroderla,12/28/2022,cbanghamla
Indonesia,1/24/2023,hflisherlb,12/25/2022,knonolb
Brazil,8/3/2023,smatthiaslc,9/25/2023,kcaghanlc
Austria,7/2/2023,lmcardleld,7/7/2023,bgarmsld
Peru,11/12/2022,uericle,12/30/2022,rkuhnhardtle
Philippines,2/15/2023,mwortlf,7/26/2023,jfardenlf
China,3/6/2023,labbatilg,9/8/2023,hhickissonlg
Indonesia,10/13/2022,dtolomeilh,12/3/2022,kanwelllh
Pakistan,1/11/2023,mroofeli,6/22/2023,vrobkenli
Russia,9/25/2023,cgoefflj,11/3/2022,mbarbierlj
Japan,12/23/2022,bspracklinlk,7/26/2023,bwhitmarshlk
China,2/25/2023,bheddonll,1/22/2023,tswiftll
Bosnia and Herzegovina,10/8/2022,ascainlm,10/24/2022,ncutlerlm
Indonesia,4/8/2023,wbeecroftln,12/26/2022,lbernardtln
Russia,10/11/2022,adepaepelo,10/10/2022,cpignonlo
Indonesia,3/27/2023,ssackslp,8/8/2023,fmuschettelp
China,10/11/2022,cfabrylq,8/13/2023,oyeldinglq
Indonesia,11/5/2022,aroxburghlr,5/28/2023,hpidginlr
Ukraine,8/9/2023,wlockittls,4/12/2023,mamberls
Indonesia,4/9/2023,smichiellt,8/21/2023,bmanclarklt
Honduras,8/23/2023,abunfordlu,9/8/2023,iscarlettlu
China,11/12/2022,wpilchlv,11/12/2022,mhawksleelv
Nigeria,10/5/2022,weldertonlw,7/8/2023,cklazengalw
Peru,5/20/2023,wearleslx,7/16/2023,rridouttlx
Greece,11/10/2022,kdalmeidaly,12/21/2022,gshaddockly
Colombia,1/7/2023,acollingworthlz,9/9/2023,mgarnarlz
Indonesia,8/31/2023,kmalbym0,9/12/2023,vselfm0
Canada,4/2/2023,wblasdalem1,8/19/2023,jfenckm1
Ecuador,9/20/2023,ageggm2,8/21/2023,jblackmuirm2
China,7/22/2023,lzelleym3,11/27/2022,cdrohanm3
Poland,7/3/2023,acristolm4,8/20/2023,scarettem4
Russia,7/24/2023,gforrestallm5,3/20/2023,rtranfieldm5
Indonesia,3/24/2023,pmuatm6,11/3/2022,beamesm6
Poland,2/14/2023,hobradanem7,12/4/2022,bwindressm7
Turkmenistan,3/25/2023,roraem8,5/1/2023,kcrutchm8
Jordan,2/22/2023,lcornilsm9,1/9/2023,mstorym9
Philippines,9/3/2023,sbresnahanma,8/17/2023,mthomassonma
Greece,11/6/2022,blandreanmb,4/6/2023,tfarmarmb
Philippines,3/29/2023,tsperlingmc,1/27/2023,ccoodemc
Malaysia,12/11/2022,cmaccafferymd,5/20/2023,rventurolimd
China,4/25/2023,pwileme,8/6/2023,bspeckme
Russia,11/2/2022,hconfaitmf,5/18/2023,alongshawmf
Sweden,1/17/2023,ctremathickmg,9/22/2023,tabendrothmg
Ukraine,11/27/2022,lervinmh,5/17/2023,cpogemh
China,4/5/2023,bspillermi,10/20/2022,gbearmi
Argentina,8/6/2023,hkollaschmj,5/7/2023,epharromj
France,10/7/2022,cdyersonmk,12/10/2022,ajeeksmk
Thailand,2/6/2023,llitchmoreml,5/12/2023,blafayml
Russia,2/19/2023,sbackhousemm,2/9/2023,npischelmm
Georgia,11/3/2022,vduigenanmn,3/14/2023,rlartermn
China,5/11/2023,vsaturleymo,7/11/2023,cnonomo
Philippines,11/8/2022,csangramp,10/20/2022,kleveretmp
China,5/13/2023,dbevensmq,12/15/2022,dgethingmq
Japan,3/3/2023,gandrzejowskimr,6/11/2023,bcalladinemr
Macedonia,12/19/2022,rflutems,7/18/2023,atrobems
Argentina,2/27/2023,rhullahmt,11/30/2022,spuckinghornemt
China,8/21/2023,jscolemu,2/6/2023,pwhatsonmu
China,6/25/2023,wlogiemv,6/15/2023,bparrymv
Venezuela,12/22/2022,glangrishmw,6/28/2023,rspurginmw
Ukraine,6/26/2023,udruelmx,6/28/2023,mpennamx
Greece,10/2/2022,cloaldaymy,6/2/2023,jguillainmy
China,8/16/2023,hfarnhammz,10/12/2022,jtrokemz
Guyana,7/10/2023,bhalsworthn0,6/29/2023,bpentonyn0
Egypt,6/19/2023,bbossonsn1,9/23/2023,pbottelstonen1
Finland,10/14/2022,rrintouln2,12/5/2022,lscholzn2
China,9/12/2023,mwitnalln3,6/6/2023,vaggetn3
China,8/15/2023,ojellimann4,10/14/2022,theinreichn4
Albania,6/7/2023,bcheinen5,5/28/2023,dalvesn5
Thailand,5/1/2023,mbagworthn6,7/31/2023,gadamczykn6
Indonesia,4/13/2023,vprovostn7,1/23/2023,csecretn7
Serbia,8/12/2023,gallowayn8,12/7/2022,obalaamn8
Democratic Republic of the Congo,11/7/2022,elydstern9,11/8/2022,ahayenn9
China,11/2/2022,joldlandna,11/26/2022,bbenkona
Mongolia,12/7/2022,hshearstonnb,9/24/2023,mcraskenb
Serbia,1/22/2023,tferrieroinc,9/9/2023,smangeonnc
Palestinian Territory,10/2/2022,clonghornend,11/12/2022,stolletnd
Russia,1/9/2023,iskillne,1/18/2023,mlandonne
China,11/14/2022,kallannf,10/11/2022,mlefebrenf
China,5/15/2023,afinbyng,1/13/2023,grosenzveigng
Haiti,5/13/2023,ateasernh,5/25/2023,cdunrigenh
Indonesia,10/6/2022,lmortni,8/22/2023,bewensonni
Sweden,10/11/2022,mpeyenj,4/12/2023,mtrevainsnj
Philippines,3/18/2023,hbrehatnk,6/24/2023,ttiptonnk
China,5/2/2023,bmangernl,5/10/2023,cjoslynnl
Indonesia,11/9/2022,bpunchardnm,2/23/2023,layernm
France,7/6/2023,mcerseynn,4/1/2023,mworcesternn
Costa Rica,12/5/2022,rcrossanno,1/6/2023,dfowlstonno
Russia,6/5/2023,cdearnalynp,6/6/2023,dgilburtnp
Philippines,12/21/2022,vvinnicombenq,8/14/2023,aroadknightnq
Iran,6/30/2023,rjaulmesnr,2/8/2023,bslimmenr
Ukraine,4/25/2023,jwattingns,6/18/2023,emurrellsns
Finland,6/2/2023,mdyblent,3/25/2023,gsallarient
Poland,8/7/2023,rcastellannu,7/23/2023,kladdnu
Portugal,7/22/2023,thullinsnv,10/14/2022,tsowoodnv
Russia,2/17/2023,tgrelaknw,6/27/2023,mgourleynw
China,8/13/2023,tbatemannx,8/19/2023,cbrandolininx
China,6/27/2023,bwhitmanny,4/2/2023,rbharny
Japan,9/7/2023,rdewburynz,3/2/2023,dgaymernz
Indonesia,9/25/2023,ejobsono0,10/18/2022,drabbattso0
Brazil,5/23/2023,rbearfooto1,6/28/2023,mhuntingdono1
Portugal,10/8/2022,kbainbriggeo2,10/25/2022,cormshawo2
Indonesia,7/4/2023,rcelizo3,10/10/2022,mvauxo3
United States,9/29/2023,stommeno4,10/18/2022,mcolumbineo4
Ukraine,1/7/2023,rvanschafflaero5,9/24/2023,edreppo5
Croatia,4/24/2023,hdupoyo6,2/8/2023,fbirkino6
Nepal,1/14/2023,pstobbieo7,9/6/2023,rswallowo7
Luxembourg,2/5/2023,bhelsbyo8,12/20/2022,fheustaceo8
China,12/28/2022,jdevoyo9,6/24/2023,scollicko9
Russia,5/27/2023,apinkneyoa,10/19/2022,idavetoa
Ukraine,7/23/2023,ajohnceyob,12/5/2022,fterrenob
Netherlands,9/11/2023,epimeroc,12/7/2022,vmccartyoc
Thailand,2/21/2023,zpulfordod,10/26/2022,lalyukinod
Canada,3/4/2023,apurdyoe,10/27/2022,dgertyoe
Portugal,2/19/2023,fleavesleyof,3/2/2023,zokeof
Thailand,3/15/2023,pmapplethorpeog,10/1/2023,sfanshaweog
Brazil,3/25/2023,twinwrightoh,9/25/2023,kburberyeoh
Croatia,8/25/2023,kmaryanoi,12/17/2022,cmaddoxoi
Canada,5/30/2023,rcassiusoj,4/25/2023,ccasacciaoj
Russia,1/1/2023,ukearsleyok,7/22/2023,sdecheletteok
Canada,11/12/2022,kansellol,5/1/2023,plohrensenol
Brazil,11/30/2022,alamblinom,2/5/2023,dsalmonom
Uganda,8/23/2023,fmuaton,12/10/2022,eaxelbeeon
Ukraine,11/17/2022,slittefairoo,10/27/2022,dcrickmoreoo
China,6/23/2023,esurmeyersop,8/2/2023,tthingop
Norway,4/4/2023,ohazzardoq,9/1/2023,aschubuseroq
Philippines,6/5/2023,lgoreisror,11/9/2022,therionor
France,2/27/2023,dmadisonos,12/18/2022,dmulderos
China,4/18/2023,lbudleighot,1/10/2023,dbrighteyot
Brazil,3/5/2023,nbertolacciniou,10/18/2022,tagassou
Armenia,9/22/2023,hbabalolaov,4/19/2023,mrolfov
France,9/5/2023,mkilgroveow,5/24/2023,amathetow
Libya,9/27/2023,bgookeox,5/23/2023,amandalox
China,12/28/2022,kbertoy,4/1/2023,ccrossanoy
Libya,9/6/2023,iausheroz,10/11/2022,agreensideoz
China,4/1/2023,lgoatmanp0,5/13/2023,hbroadbearp0
Estonia,10/5/2022,hcogglesp1,3/29/2023,lbasketterp1
Czech Republic,10/18/2022,bjouannotp2,5/13/2023,jklementp2
China,3/6/2023,lgordenp3,7/6/2023,tboakep3
Japan,1/22/2023,bobleinp4,2/13/2023,cchatwoodp4
Estonia,10/23/2022,dheedp5,11/18/2022,fhawneyp5
Cameroon,3/11/2023,ginnocentip6,11/22/2022,cfostp6
Luxembourg,3/15/2023,cparkhousep7,2/16/2023,bbosselp7
China,8/21/2023,kschultzep8,4/7/2023,cgoldhillp8
Mexico,4/3/2023,zjanowiczp9,7/2/2023,olevesquep9
Croatia,3/1/2023,chenzepa,6/22/2023,sastlattpa
Ukraine,7/14/2023,mzettlerpb,9/25/2023,medinboropb
Poland,5/6/2023,rklamptpc,5/18/2023,dfancepc
Indonesia,8/30/2023,gattenboroughpd,12/24/2022,mranklingpd
Ethiopia,7/31/2023,nmoarpe,12/3/2022,mhudghtonpe
China,10/30/2022,showleypf,11/25/2022,dzorropf
Peru,10/8/2022,spevrealpg,10/27/2022,bthoringtonpg
Russia,2/7/2023,rciccottoph,12/27/2022,wseeviourph
Indonesia,10/26/2022,tdiboldipi,1/16/2023,eprettjohnpi
Brazil,11/28/2022,dhillettpj,12/11/2022,btukelypj
Brazil,1/29/2023,rmaunderpk,7/2/2023,wreevepk
United States,8/14/2023,ncasellipl,3/13/2023,amcdonnellpl
China,12/6/2022,jcayettepm,3/15/2023,wgallallypm
China,1/7/2023,crossinpn,9/12/2023,rponnsettpn
Russia,10/22/2022,htaffepo,1/9/2023,alowdianepo
Portugal,10/29/2022,aeighteenpp,7/9/2023,lbottellpp
Poland,11/7/2022,awhellamspq,10/8/2022,jbeavorspq
Ethiopia,6/13/2023,nmorffewpr,4/14/2023,askeapr
Philippines,3/16/2023,hinmettps,12/14/2022,mwinscumps
Colombia,4/8/2023,pbavinpt,12/3/2022,zschoolingpt
Indonesia,4/2/2023,nshewenpu,6/7/2023,xmiskenpu
China,6/26/2023,wralfepv,3/18/2023,lkoubupv
Peru,5/24/2023,ebadsworthpw,7/23/2023,gyoakleypw
United States,6/19/2023,sisaacsonpx,4/22/2023,bmariotpx
China,10/22/2022,kleiskpy,1/25/2023,channapy
Bosnia and Herzegovina,9/21/2023,cgellatelypz,5/5/2023,tkilbeepz
Russia,8/24/2023,zstranahanq0,6/27/2023,tboobyerq0
Poland,11/8/2022,rbraveq1,7/20/2023,cslyfordq1
Portugal,7/22/2023,wbozworthq2,7/2/2023,kshapterq2
Syria,3/8/2023,biacovucciq3,11/23/2022,dbriscamq3
Czech Republic,5/20/2023,lmarxsenq4,4/20/2023,lspunerq4
China,9/12/2023,tbelascoq5,9/9/2023,kdaudrayq5
Russia,11/10/2022,jaizikovitzq6,11/20/2022,jfolletq6
Indonesia,3/24/2023,fschechterq7,12/19/2022,dleindeckerq7
China,1/5/2023,cbrowneq8,11/11/2022,jkinghornq8
China,4/7/2023,ebaglowq9,12/17/2022,lscuphamq9
Colombia,7/16/2023,mmaggillandreisqa,11/4/2022,rhowlesqa
Peru,4/22/2023,spaulerqb,6/6/2023,gbrewerqb
Russia,5/13/2023,mnacciqc,4/4/2023,bduranqc
Peru,3/5/2023,npeattieqd,7/20/2023,lbanthamqd
Argentina,12/3/2022,kdarkinsqe,10/28/2022,svindenqe
China,7/14/2023,cthewlisqf,3/14/2023,lhutchinsqf
China,12/31/2022,cizsakqg,5/14/2023,jbehneqg
Swaziland,8/28/2023,sgoodyerqh,10/30/2022,djuszkiewiczqh
Indonesia,6/26/2023,hbrimqi,6/26/2023,dugolottiqi
Czech Republic,1/23/2023,dtresiseqj,10/18/2022,ltoffanoqj
Indonesia,5/26/2023,mpashenqk,9/30/2023,lmaunderqk
Philippines,2/21/2023,aleechmanql,3/17/2023,skitchensideql
Brazil,9/10/2023,apietersmaqm,8/23/2023,sautryqm
Indonesia,4/24/2023,hbertlqn,4/10/2023,sperrymanqn
Canada,8/8/2023,bpiscopoqo,10/1/2023,krathborneqo
Kenya,2/5/2023,lkeedyqp,1/26/2023,mghirigoriqp
Guatemala,1/4/2023,jmartinqq,5/4/2023,lperellqq
Argentina,9/10/2023,ebirdsallqr,6/23/2023,mduligallqr
China,2/13/2023,aklusqs,7/4/2023,jdanilovitchqs
Russia,7/26/2023,rbenamqt,10/1/2023,esimeoliqt
Saint Barthelemy,6/9/2023,ncookequ,4/4/2023,cguillartqu
Philippines,7/21/2023,hkneelandqv,3/2/2023,ljohannesqv
Russia,2/22/2023,ggedgeqw,5/25/2023,jbalcombeqw
Mexico,5/15/2023,elorraineqx,10/27/2022,eburdinqx
China,6/9/2023,barderneqy,11/3/2022,bviccarsqy
Colombia,7/8/2023,tbruggenqz,8/26/2023,apaulssonqz
Indonesia,4/23/2023,lbrewersr0,7/19/2023,ccarrr0
Russia,9/30/2023,nbissexr1,6/29/2023,hmartinetr1
Portugal,4/6/2023,jsircombr2,11/3/2022,ycobber2
Philippines,3/13/2023,ibryettr3,1/23/2023,ssaicer3
Madagascar,11/4/2022,lmanilor4,10/7/2022,hlerer4
Indonesia,8/18/2023,sgoliglyr5,4/15/2023,galdersear5
China,6/16/2023,vlaidelr6,2/8/2023,mbarsonr6
Indonesia,6/16/2023,geatesr7,9/23/2023,mchillingworthr7
New Zealand,2/15/2023,kclementir8,10/29/2022,hmaxstedr8
China,5/14/2023,lhastr9,5/20/2023,aburdounr9
Mexico,3/4/2023,cbuntonra,3/15/2023,sjillinsra
China,9/14/2023,dbedenrb,4/14/2023,deadingtonrb
Argentina,2/9/2023,cerrichellirc,1/25/2023,pbroscomberc
Serbia,7/9/2023,dtymrd,9/14/2023,sblunkettrd
Nigeria,7/12/2023,wfehelyre,12/29/2022,zpedrazzire
Bosnia and Herzegovina,3/11/2023,deastesrf,12/17/2022,ptudbaldrf
China,10/23/2022,rkumarrg,10/30/2022,kloadesrg
Brazil,7/28/2023,nbabarrh,10/30/2022,amashalrh
Thailand,1/28/2023,kmossri,10/10/2022,hmanleyri
China,12/22/2022,ahuttenrj,3/9/2023,ckiliusrj
Finland,7/10/2023,tthorsbyrk,12/12/2022,mgoundrillrk
China,4/27/2023,flhommerl,1/21/2023,gmoorheadrl
Italy,5/28/2023,yhathawayrm,8/21/2023,creallyrm
China,12/7/2022,mbankhurstrn,7/31/2023,bmeakerrn
Poland,4/25/2023,mmusgravero,3/19/2023,tbotleyro
Slovenia,4/12/2023,msousarp,1/16/2023,dgurgrp
Indonesia,1/16/2023,bmatterdacerq,1/4/2023,rgribbellrq
Croatia,7/18/2023,gmanilowrr,12/1/2022,sherkessrr
