customerName,addressId,active,createDate,createdBy,lastUpdate,lastUpdateBy,
Dena Larver,1,1,11/11/2022,dlarver0,4/16/2023,dlarver0,
Chris Barkhouse,2,1,7/15/2023,cbarkhouse1,11/7/2022,cbarkhouse1,
Christian Broughton,3,1,11/21/2022,cbroughton2,5/8/2023,cbroughton2,
Ricky Hayles,4,1,9/28/2023,rhayles3,12/26/2022,rhayles3,
Birk Canty,5,1,3/22/2023,bcanty4,5/20/2023,bcanty4,
Noelyn Haggath,6,1,10/7/2022,nhaggath5,2/5/2023,nhaggath5,
Lynda Coddrington,7,1,10/29/2022,lcoddrington6,12/18/2022,lcoddrington6,
Joey Hartzenberg,8,1,7/20/2023,jhartzenberg7,10/8/2022,jhartzenberg7,
Anna-diana Matthiae,9,1,12/1/2022,amatthiae8,1/6/2023,amatthiae8,
Jasmina Stempe,10,1,5/9/2023,jstempe9,4/26/2023,jstempe9,
Giralda Hoyes,11,1,12/28/2022,ghoyesa,8/14/2023,ghoyesa,
Elna Etock,12,1,2/20/2023,eetockb,2/19/2023,eetockb,
Hillary Campes,13,1,7/12/2023,hcampesc,11/16/2022,hcampesc,
William Birchill,14,1,2/22/2023,wbirchilld,1/31/2023,wbirchilld,
Myrah Buxsey,15,1,5/14/2023,mbuxseye,7/4/2023,mbuxseye,
Jeniffer Faro,16,1,2/21/2023,jfarof,12/22/2022,jfarof,
Vin Armer,17,1,6/20/2023,varmerg,3/24/2023,varmerg,
Homere Tolumello,18,1,10/20/2022,htolumelloh,10/29/2022,htolumelloh,
Ravid Kondratenko,19,1,9/29/2023,rkondratenkoi,2/25/2023,rkondratenkoi,
Carolee Duhig,20,1,5/21/2023,cduhigj,7/1/2023,cduhigj,
Cathy Gingel,21,1,9/6/2023,cgingelk,7/12/2023,cgingelk,
Alica Gales,22,1,3/2/2023,agalesl,10/30/2022,agalesl,
Vittorio Courteney,23,1,7/21/2023,vcourteneym,1/17/2023,vcourteneym,
Sam Tourot,24,1,9/12/2023,stourotn,1/1/2023,stourotn,
Anthony Biasi,25,1,8/2/2023,abiasio,4/15/2023,abiasio,
Gilda Cathrall,26,1,8/13/2023,gcathrallp,1/16/2023,gcathrallp,
Friederike Shyres,27,1,3/26/2023,fshyresq,9/9/2023,fshyresq,
Shara Thiem,28,1,11/4/2022,sthiemr,9/20/2023,sthiemr,
Loella Bantock,29,1,2/13/2023,lbantocks,6/5/2023,lbantocks,
Irena Pietri,30,1,12/26/2022,ipietrit,8/14/2023,ipietrit,
Estele Troth,31,1,9/30/2023,etrothu,10/19/2022,etrothu,
Aleece Vevers,32,1,5/9/2023,aveversv,6/30/2023,aveversv,
Sayre Jailler,33,1,6/1/2023,sjaillerw,2/1/2023,sjaillerw,
Margi Perceval,34,1,3/14/2023,mpercevalx,4/3/2023,mpercevalx,
Cammie Leopold,35,1,9/15/2023,cleopoldy,11/25/2022,cleopoldy,
Farlie Bredes,36,1,5/1/2023,fbredesz,7/19/2023,fbredesz,
Hervey Dmytryk,37,1,4/28/2023,hdmytryk10,7/1/2023,hdmytryk10,
Roi Raselles,38,1,8/25/2023,rraselles11,4/7/2023,rraselles11,
Ravid McDyer,39,1,12/28/2022,rmcdyer12,5/4/2023,rmcdyer12,
Alric Caughey,40,1,6/17/2023,acaughey13,10/20/2022,acaughey13,
Kim Reese,41,1,6/10/2023,kreese14,6/30/2023,kreese14,
Towney Leward,42,1,3/12/2023,tleward15,6/29/2023,tleward15,
Silvester Petrol,43,1,12/7/2022,spetrol16,5/20/2023,spetrol16,
Donnie Obee,44,1,4/25/2023,dobee17,12/10/2022,dobee17,
Lynn Pettit,45,1,1/1/2023,lpettit18,10/17/2022,lpettit18,
Thia Barnson,46,1,8/2/2023,tbarnson19,10/14/2022,tbarnson19,
Ernst Easter,47,1,6/3/2023,eeaster1a,2/27/2023,eeaster1a,
Hermann Spelwood,48,1,12/27/2022,hspelwood1b,3/21/2023,hspelwood1b,
Joice Thumim,49,1,4/30/2023,jthumim1c,4/23/2023,jthumim1c,
Myrlene Gittins,50,1,6/13/2023,mgittins1d,9/26/2023,mgittins1d,
Ludvig Flounders,51,1,1/12/2023,lflounders1e,3/29/2023,lflounders1e,
Easter Orrill,52,1,11/6/2022,eorrill1f,8/29/2023,eorrill1f,
Morty Grassick,53,1,1/28/2023,mgrassick1g,8/27/2023,mgrassick1g,
Kip Ballinger,54,1,8/28/2023,kballinger1h,2/17/2023,kballinger1h,
Anthe Drowsfield,55,1,12/18/2022,adrowsfield1i,1/26/2023,adrowsfield1i,
Roch Salvadore,56,1,3/12/2023,rsalvadore1j,6/24/2023,rsalvadore1j,
Virginia Frederick,57,1,7/29/2023,vfrederick1k,6/28/2023,vfrederick1k,
Arden Atkyns,58,1,5/8/2023,aatkyns1l,7/24/2023,aatkyns1l,
Marcelline Le Merchant,59,1,7/2/2023,mle1m,3/15/2023,mle1m,
Marchall Sealove,60,1,10/9/2022,msealove1n,6/23/2023,msealove1n,
Heidie Langford,61,1,4/21/2023,hlangford1o,2/23/2023,hlangford1o,
Thorndike Liggens,62,1,3/12/2023,tliggens1p,1/13/2023,tliggens1p,
Wilie Wones,63,1,10/5/2022,wwones1q,7/22/2023,wwones1q,
Pierette Sirmond,64,1,9/2/2023,psirmond1r,10/11/2022,psirmond1r,
Margie Bidwell,65,1,8/11/2023,mbidwell1s,6/14/2023,mbidwell1s,
Archie Elden,66,1,3/6/2023,aelden1t,7/22/2023,aelden1t,
Pollyanna Duding,67,1,3/21/2023,pduding1u,5/9/2023,pduding1u,
Banky Dowle,68,1,8/12/2023,bdowle1v,3/27/2023,bdowle1v,
Wilbert Reast,69,1,3/21/2023,wreast1w,9/28/2023,wreast1w,
Annemarie Garroway,70,1,11/17/2022,agarroway1x,2/27/2023,agarroway1x,
Katuscha Caudrey,71,1,4/5/2023,kcaudrey1y,12/27/2022,kcaudrey1y,
Benton Fosdick,72,1,8/23/2023,bfosdick1z,12/19/2022,bfosdick1z,
Roy Greiser,73,1,2/1/2023,rgreiser20,10/27/2022,rgreiser20,
Livvy Abrams,74,1,7/1/2023,labrams21,6/4/2023,labrams21,
Levey Lambshine,75,1,3/15/2023,llambshine22,6/19/2023,llambshine22,
Chip Shwalbe,76,1,7/25/2023,cshwalbe23,9/22/2023,cshwalbe23,
Jasmine Sappell,77,1,11/25/2022,jsappell24,7/3/2023,jsappell24,
Anabella Sitch,78,1,12/26/2022,asitch25,4/4/2023,asitch25,
Tildy Ralestone,79,1,7/11/2023,tralestone26,11/26/2022,tralestone26,
Wilt Guillet,80,1,1/24/2023,wguillet27,3/11/2023,wguillet27,
Brody Bree,81,1,6/15/2023,bbree28,11/22/2022,bbree28,
Chloris Tubbs,82,1,9/18/2023,ctubbs29,8/22/2023,ctubbs29,
Gayle Howsam,83,1,2/19/2023,ghowsam2a,7/29/2023,ghowsam2a,
Jo Maffetti,84,1,7/8/2023,jmaffetti2b,6/7/2023,jmaffetti2b,
Helsa Spollen,85,1,6/24/2023,hspollen2c,12/23/2022,hspollen2c,
Sydney Warsop,86,1,4/21/2023,swarsop2d,10/11/2022,swarsop2d,
Hollie Sams,87,1,11/26/2022,hsams2e,6/6/2023,hsams2e,
Kristoforo Ruppeli,88,1,7/8/2023,kruppeli2f,2/11/2023,kruppeli2f,
Kennith Santino,89,1,11/20/2022,ksantino2g,12/13/2022,ksantino2g,
Franky BURWIN,90,1,9/27/2023,fburwin2h,2/17/2023,fburwin2h,
Stephine Patroni,91,1,3/23/2023,spatroni2i,2/14/2023,spatroni2i,
Alanah Hallwell,92,1,8/25/2023,ahallwell2j,11/19/2022,ahallwell2j,
Anet Bratten,93,1,2/1/2023,abratten2k,7/24/2023,abratten2k,
Gleda Keeler,94,1,6/25/2023,gkeeler2l,12/6/2022,gkeeler2l,
Rowney Anglim,95,1,9/24/2023,ranglim2m,5/2/2023,ranglim2m,
Sollie Selvey,96,1,8/2/2023,sselvey2n,5/21/2023,sselvey2n,
Grayce Caston,97,1,11/12/2022,gcaston2o,5/1/2023,gcaston2o,
Paule Izaks,98,1,10/28/2022,pizaks2p,5/7/2023,pizaks2p,
Yale Melland,99,1,9/13/2023,ymelland2q,1/11/2023,ymelland2q,
Chancey Ruddock,100,1,5/20/2023,cruddock2r,11/25/2022,cruddock2r,
Ettie Assiratti,101,1,12/14/2022,eassiratti2s,8/7/2023,eassiratti2s,
Oswald Hritzko,102,1,7/25/2023,ohritzko2t,4/26/2023,ohritzko2t,
Packston Beers,103,1,7/26/2023,pbeers2u,2/9/2023,pbeers2u,
Willamina Horrigan,104,1,7/17/2023,whorrigan2v,8/22/2023,whorrigan2v,
Harv Kerley,105,1,9/26/2023,hkerley2w,9/9/2023,hkerley2w,
Norry Shurrock,106,1,12/4/2022,nshurrock2x,2/9/2023,nshurrock2x,
Homere Drabble,107,1,7/9/2023,hdrabble2y,6/10/2023,hdrabble2y,
Rowney Coplestone,108,1,6/16/2023,rcoplestone2z,11/20/2022,rcoplestone2z,
Sheena Dyment,109,1,8/10/2023,sdyment30,9/8/2023,sdyment30,
Emlyn Kleinmann,110,1,6/5/2023,ekleinmann31,10/10/2022,ekleinmann31,
Skell Salterne,111,1,5/2/2023,ssalterne32,1/18/2023,ssalterne32,
Waylin Archard,112,1,7/28/2023,warchard33,4/23/2023,warchard33,
Godard Caines,113,1,3/15/2023,gcaines34,5/12/2023,gcaines34,
Aldus Ewin,114,1,11/16/2022,aewin35,12/22/2022,aewin35,
Antonia Reis,115,1,4/25/2023,areis36,9/27/2023,areis36,
Cori Earsman,116,1,8/5/2023,cearsman37,9/20/2023,cearsman37,
Sutherlan Bridie,117,1,2/2/2023,sbridie38,5/19/2023,sbridie38,
Athene MacCrackan,118,1,4/15/2023,amaccrackan39,4/3/2023,amaccrackan39,
Sosanna Hackney,119,1,11/12/2022,shackney3a,1/6/2023,shackney3a,
Sheppard Penketh,120,1,7/30/2023,spenketh3b,10/7/2022,spenketh3b,
Jodie Pilsbury,121,1,1/2/2023,jpilsbury3c,4/3/2023,jpilsbury3c,
Lilla Hook,122,1,4/28/2023,lhook3d,11/27/2022,lhook3d,
Sheba Copp,123,1,8/1/2023,scopp3e,10/27/2022,scopp3e,
Wilton Larkins,124,1,2/12/2023,wlarkins3f,1/7/2023,wlarkins3f,
Yolande Seleway,125,1,10/20/2022,yseleway3g,11/23/2022,yseleway3g,
Arabel Kelsell,126,1,5/5/2023,akelsell3h,12/25/2022,akelsell3h,
Ruprecht Aucutt,127,1,4/6/2023,raucutt3i,3/15/2023,raucutt3i,
Julee Charker,128,1,8/23/2023,jcharker3j,10/17/2022,jcharker3j,
Kinsley Mattholie,129,1,9/18/2023,kmattholie3k,11/14/2022,kmattholie3k,
Carmen Jendrusch,130,1,9/13/2023,cjendrusch3l,11/25/2022,cjendrusch3l,
Fraser Squibe,131,1,10/20/2022,fsquibe3m,6/3/2023,fsquibe3m,
Drusilla Maso,132,1,8/5/2023,dmaso3n,8/16/2023,dmaso3n,
Morgun Reuther,133,1,9/17/2023,mreuther3o,3/23/2023,mreuther3o,
Maxim Goter,134,1,4/21/2023,mgoter3p,10/29/2022,mgoter3p,
Madeleine Kerbler,135,1,7/4/2023,mkerbler3q,8/28/2023,mkerbler3q,
Nari Motton,136,1,11/28/2022,nmotton3r,6/19/2023,nmotton3r,
Horst Alf,137,1,2/1/2023,half3s,11/14/2022,half3s,
Lenci St. Ledger,138,1,7/4/2023,lst3t,1/4/2023,lst3t,
Boycey Cuerda,139,1,10/31/2022,bcuerda3u,4/4/2023,bcuerda3u,
Wye Di Nisco,140,1,5/12/2023,wdi3v,1/23/2023,wdi3v,
Davita Rekes,141,1,5/29/2023,drekes3w,5/2/2023,drekes3w,
Maxim Kubczak,142,1,9/29/2023,mkubczak3x,10/6/2022,mkubczak3x,
Christian Highton,143,1,7/31/2023,chighton3y,7/23/2023,chighton3y,
Neils Kitchinham,144,1,1/20/2023,nkitchinham3z,7/3/2023,nkitchinham3z,
Lorianne McVitty,145,1,8/21/2023,lmcvitty40,4/8/2023,lmcvitty40,
Thatcher O'Kelly,146,1,12/9/2022,tokelly41,2/6/2023,tokelly41,
Arlena Eate,147,1,6/27/2023,aeate42,6/19/2023,aeate42,
Hewett MacAllan,148,1,12/28/2022,hmacallan43,8/29/2023,hmacallan43,
Carlye Elie,149,1,12/25/2022,celie44,7/13/2023,celie44,
Lethia Rapson,150,1,4/10/2023,lrapson45,1/16/2023,lrapson45,
Gwenneth MacSorley,151,1,9/22/2023,gmacsorley46,6/14/2023,gmacsorley46,
Neysa McInteer,152,1,3/15/2023,nmcinteer47,1/30/2023,nmcinteer47,
Sibyl Grindle,153,1,3/4/2023,sgrindle48,7/4/2023,sgrindle48,
El Rubinshtein,154,1,2/2/2023,erubinshtein49,4/12/2023,erubinshtein49,
Colette Hassen,155,1,4/19/2023,chassen4a,11/30/2022,chassen4a,
Shane Jubb,156,1,6/25/2023,sjubb4b,5/19/2023,sjubb4b,
Bren Boise,157,1,5/14/2023,bboise4c,5/13/2023,bboise4c,
Wynn Brabin,158,1,4/22/2023,wbrabin4d,9/20/2023,wbrabin4d,
Neysa Langthorne,159,1,5/18/2023,nlangthorne4e,3/24/2023,nlangthorne4e,
Livvyy Francescuccio,160,1,5/2/2023,lfrancescuccio4f,4/27/2023,lfrancescuccio4f,
Carmon Luto,161,1,6/28/2023,cluto4g,4/18/2023,cluto4g,
Lisha Vazquez,162,1,12/3/2022,lvazquez4h,9/6/2023,lvazquez4h,
Jarred Dust,163,1,11/23/2022,jdust4i,8/6/2023,jdust4i,
Cherianne Blyden,164,1,10/9/2022,cblyden4j,3/25/2023,cblyden4j,
Sybilla Gascoyne,165,1,6/13/2023,sgascoyne4k,5/10/2023,sgascoyne4k,
Tyne Olliar,166,1,2/1/2023,tolliar4l,7/24/2023,tolliar4l,
Inger Milmo,167,1,1/28/2023,imilmo4m,1/23/2023,imilmo4m,
Nial Fishburn,168,1,2/3/2023,nfishburn4n,1/6/2023,nfishburn4n,
Alvin Bust,169,1,3/31/2023,abust4o,11/26/2022,abust4o,
Lucienne Norsister,170,1,6/4/2023,lnorsister4p,11/11/2022,lnorsister4p,
Kendal Bould,171,1,10/15/2022,kbould4q,11/27/2022,kbould4q,
Berget Iacovuzzi,172,1,5/21/2023,biacovuzzi4r,9/21/2023,biacovuzzi4r,
Morrie Lytton,173,1,4/12/2023,mlytton4s,4/19/2023,mlytton4s,
Keen Dominy,174,1,9/19/2023,kdominy4t,9/20/2023,kdominy4t,
Rochell Krelle,175,1,12/5/2022,rkrelle4u,11/3/2022,rkrelle4u,
Cordy Philippard,176,1,5/28/2023,cphilippard4v,9/9/2023,cphilippard4v,
Bellanca Gowlett,177,1,3/23/2023,bgowlett4w,10/10/2022,bgowlett4w,
Armin Fay,178,1,10/21/2022,afay4x,9/19/2023,afay4x,
Hugh Demchen,179,1,1/17/2023,hdemchen4y,4/5/2023,hdemchen4y,
Effie Agostini,180,1,4/5/2023,eagostini4z,10/16/2022,eagostini4z,
Pepe Aleshintsev,181,1,12/6/2022,paleshintsev50,2/22/2023,paleshintsev50,
Marcellina Baudino,182,1,7/5/2023,mbaudino51,11/10/2022,mbaudino51,
Scottie Rannells,183,1,2/7/2023,srannells52,2/17/2023,srannells52,
Kyrstin Kimbly,184,1,10/9/2022,kkimbly53,7/21/2023,kkimbly53,
Amara Dagnall,185,1,1/4/2023,adagnall54,10/16/2022,adagnall54,
Odelia Smorthit,186,1,5/24/2023,osmorthit55,12/14/2022,osmorthit55,
Arin Wooton,187,1,6/30/2023,awooton56,8/6/2023,awooton56,
Mamie Tweedy,188,1,4/19/2023,mtweedy57,8/25/2023,mtweedy57,
Mordy Redholes,189,1,11/8/2022,mredholes58,4/22/2023,mredholes58,
Florie Signori,190,1,2/1/2023,fsignori59,7/16/2023,fsignori59,
Betsey Tumber,191,1,3/19/2023,btumber5a,4/24/2023,btumber5a,
Thedrick Wilkins,192,1,3/21/2023,twilkins5b,7/26/2023,twilkins5b,
Rolf Alderton,193,1,2/23/2023,ralderton5c,6/3/2023,ralderton5c,
Inigo Towse,194,1,6/19/2023,itowse5d,6/9/2023,itowse5d,
Hartwell Gemson,195,1,6/3/2023,hgemson5e,11/28/2022,hgemson5e,
Trudie Checcuzzi,196,1,10/2/2022,tcheccuzzi5f,2/9/2023,tcheccuzzi5f,
Nathanil Margrett,197,1,9/11/2023,nmargrett5g,7/15/2023,nmargrett5g,
Maura Sabbins,198,1,7/10/2023,msabbins5h,8/21/2023,msabbins5h,
Roxi Loades,199,1,9/22/2023,rloades5i,12/13/2022,rloades5i,
Cosetta Cars,200,1,1/15/2023,ccars5j,9/6/2023,ccars5j,
Jennica Puckinghorne,201,1,8/23/2023,jpuckinghorne5k,12/13/2022,jpuckinghorne5k,
Chancey Marshfield,202,1,12/16/2022,cmarshfield5l,3/12/2023,cmarshfield5l,
Fiona Valens-Smith,203,1,12/24/2022,fvalenssmith5m,5/10/2023,fvalenssmith5m,
Elli Antoniades,204,1,6/12/2023,eantoniades5n,8/21/2023,eantoniades5n,
Janetta Osanne,205,1,1/28/2023,josanne5o,3/30/2023,josanne5o,
Odilia Arter,206,1,12/5/2022,oarter5p,3/29/2023,oarter5p,
Othelia Tremellan,207,1,4/23/2023,otremellan5q,8/30/2023,otremellan5q,
Paxon Holme,208,1,8/30/2023,pholme5r,12/25/2022,pholme5r,
Ingmar Gard,209,1,9/7/2023,igard5s,7/15/2023,igard5s,
Elga Hele,210,1,1/14/2023,ehele5t,10/20/2022,ehele5t,
Lauraine Cominotti,211,1,4/30/2023,lcominotti5u,11/11/2022,lcominotti5u,
Phebe Phinnessy,212,1,1/30/2023,pphinnessy5v,6/19/2023,pphinnessy5v,
Agneta Geldert,213,1,10/13/2022,ageldert5w,11/21/2022,ageldert5w,
Feliza Yegorov,214,1,10/2/2022,fyegorov5x,3/8/2023,fyegorov5x,
Ad Spat,215,1,3/17/2023,aspat5y,6/27/2023,aspat5y,
Koo Gerhold,216,1,10/31/2022,kgerhold5z,2/27/2023,kgerhold5z,
Bernie Fergyson,217,1,4/26/2023,bfergyson60,4/9/2023,bfergyson60,
Melody Fontenot,218,1,3/12/2023,mfontenot61,7/5/2023,mfontenot61,
Sukey Coffey,219,1,5/3/2023,scoffey62,10/5/2022,scoffey62,
Aura Hansel,220,1,11/24/2022,ahansel63,10/6/2022,ahansel63,
Manolo Boud,221,1,10/15/2022,mboud64,6/3/2023,mboud64,
Griff Warstall,222,1,11/10/2022,gwarstall65,9/8/2023,gwarstall65,
Sheff Gilchriest,223,1,3/11/2023,sgilchriest66,3/30/2023,sgilchriest66,
Darnell Grolmann,224,1,10/14/2022,dgrolmann67,5/5/2023,dgrolmann67,
Dotty Nelissen,225,1,6/29/2023,dnelissen68,1/5/2023,dnelissen68,
Maxie Hunte,226,1,6/19/2023,mhunte69,4/12/2023,mhunte69,
Jean Pellington,227,1,6/8/2023,jpellington6a,7/14/2023,jpellington6a,
Burl Ragless,228,1,12/8/2022,bragless6b,8/6/2023,bragless6b,
Aloisia Merlin,229,1,8/16/2023,amerlin6c,8/12/2023,amerlin6c,
Rosella Tabbernor,230,1,6/2/2023,rtabbernor6d,11/14/2022,rtabbernor6d,
Denny Brealey,231,1,7/13/2023,dbrealey6e,5/23/2023,dbrealey6e,
Stesha Draxford,232,1,5/24/2023,sdraxford6f,4/12/2023,sdraxford6f,
Luz Liggens,233,1,10/3/2022,lliggens6g,10/2/2022,lliggens6g,
Maximo Clewlowe,234,1,12/10/2022,mclewlowe6h,7/21/2023,mclewlowe6h,
Charlotta MacKonochie,235,1,11/16/2022,cmackonochie6i,7/28/2023,cmackonochie6i,
Barnett Dudderidge,236,1,12/24/2022,bdudderidge6j,6/12/2023,bdudderidge6j,
Karl Balogun,237,1,7/12/2023,kbalogun6k,12/19/2022,kbalogun6k,
Cazzie Gaskarth,238,1,8/14/2023,cgaskarth6l,8/16/2023,cgaskarth6l,
Aloysius Umbert,239,1,3/11/2023,aumbert6m,12/9/2022,aumbert6m,
Murdoch Grzelak,240,1,5/25/2023,mgrzelak6n,7/26/2023,mgrzelak6n,
Agretha Bourtoumieux,241,1,5/2/2023,abourtoumieux6o,9/11/2023,abourtoumieux6o,
Thacher Vigus,242,1,2/21/2023,tvigus6p,5/1/2023,tvigus6p,
Daffie Shinn,243,1,12/5/2022,dshinn6q,12/12/2022,dshinn6q,
Drucy Sogg,244,1,4/4/2023,dsogg6r,8/1/2023,dsogg6r,
Iseabal Tomkinson,245,1,3/19/2023,itomkinson6s,3/5/2023,itomkinson6s,
Alfi Bennedsen,246,1,6/29/2023,abennedsen6t,10/4/2022,abennedsen6t,
Flory Dorton,247,1,10/3/2022,fdorton6u,7/10/2023,fdorton6u,
Ardyce Sherwell,248,1,8/16/2023,asherwell6v,12/19/2022,asherwell6v,
Alli Petrashov,249,1,11/23/2022,apetrashov6w,2/3/2023,apetrashov6w,
Franny Phillott,250,1,1/29/2023,fphillott6x,8/26/2023,fphillott6x,
Xenia Gobert,251,1,10/25/2022,xgobert6y,2/2/2023,xgobert6y,
Doralynn Thormwell,252,1,10/25/2022,dthormwell6z,3/20/2023,dthormwell6z,
Courtnay Bapty,253,1,2/25/2023,cbapty70,5/7/2023,cbapty70,
Aimee Ridgedell,254,1,8/28/2023,aridgedell71,11/13/2022,aridgedell71,
Valerye Edney,255,1,6/23/2023,vedney72,5/1/2023,vedney72,
Hammad Ivanonko,256,1,10/11/2022,hivanonko73,1/1/2023,hivanonko73,
Koralle Paxman,257,1,11/5/2022,kpaxman74,3/23/2023,kpaxman74,
Eveline Collar,258,1,1/10/2023,ecollar75,12/14/2022,ecollar75,
Liz Ambrois,259,1,11/25/2022,lambrois76,5/11/2023,lambrois76,
Cordie Pawlicki,260,1,6/24/2023,cpawlicki77,4/2/2023,cpawlicki77,
Zacharia Pennington,261,1,5/23/2023,zpennington78,12/31/2022,zpennington78,
Mady Micheli,262,1,4/21/2023,mmicheli79,2/12/2023,mmicheli79,
Marcel Sliney,263,1,1/18/2023,msliney7a,2/15/2023,msliney7a,
Lisette Cale,264,1,3/21/2023,lcale7b,10/25/2022,lcale7b,
Pansy Abad,265,1,1/18/2023,pabad7c,5/15/2023,pabad7c,
Legra Saldler,266,1,5/20/2023,lsaldler7d,12/2/2022,lsaldler7d,
Meta Heintze,267,1,12/31/2022,mheintze7e,4/7/2023,mheintze7e,
Agnola Struis,268,1,6/29/2023,astruis7f,9/15/2023,astruis7f,
Giffie Norwell,269,1,6/4/2023,gnorwell7g,7/13/2023,gnorwell7g,
Karoly Cowie,270,1,12/9/2022,kcowie7h,6/8/2023,kcowie7h,
Niel MacInerney,271,1,9/19/2023,nmacinerney7i,10/25/2022,nmacinerney7i,
Harriet Fantin,272,1,6/24/2023,hfantin7j,9/30/2023,hfantin7j,
Mar Brugsma,273,1,6/11/2023,mbrugsma7k,8/19/2023,mbrugsma7k,
Elspeth Shapira,274,1,3/7/2023,eshapira7l,9/30/2023,eshapira7l,
Carleen MacAndie,275,1,3/13/2023,cmacandie7m,1/3/2023,cmacandie7m,
Crystie Borland,276,1,12/20/2022,cborland7n,3/15/2023,cborland7n,
Tuckie McLagain,277,1,4/16/2023,tmclagain7o,3/9/2023,tmclagain7o,
Mandy Jacmard,278,1,2/9/2023,mjacmard7p,5/8/2023,mjacmard7p,
Mortimer Pinwell,279,1,5/1/2023,mpinwell7q,7/21/2023,mpinwell7q,
Tait Dawidowicz,280,1,2/10/2023,tdawidowicz7r,1/7/2023,tdawidowicz7r,
Inna Teasdale-Markie,281,1,2/19/2023,iteasdalemarkie7s,12/2/2022,iteasdalemarkie7s,
Kinna MacPaik,282,1,1/27/2023,kmacpaik7t,8/12/2023,kmacpaik7t,
Rudiger Telezhkin,283,1,11/14/2022,rtelezhkin7u,10/30/2022,rtelezhkin7u,
Desmond Southern,284,1,12/6/2022,dsouthern7v,12/23/2022,dsouthern7v,
Dodi Burdoun,285,1,5/30/2023,dburdoun7w,10/11/2022,dburdoun7w,
Mikael Mogford,286,1,2/4/2023,mmogford7x,2/17/2023,mmogford7x,
Cami Fencott,287,1,1/9/2023,cfencott7y,6/22/2023,cfencott7y,
Caesar Belverstone,288,1,1/25/2023,cbelverstone7z,6/22/2023,cbelverstone7z,
Nannette Lammiman,289,1,4/10/2023,nlammiman80,6/7/2023,nlammiman80,
Esta Argo,290,1,8/3/2023,eargo81,10/11/2022,eargo81,
Kalvin O'Coskerry,291,1,4/11/2023,kocoskerry82,11/29/2022,kocoskerry82,
Alfy Hallifax,292,1,6/6/2023,ahallifax83,2/10/2023,ahallifax83,
Ryon Bulfield,293,1,9/4/2023,rbulfield84,10/8/2022,rbulfield84,
Jerrilee Le Strange,294,1,4/15/2023,jle85,1/22/2023,jle85,
Ashia Suter,295,1,3/26/2023,asuter86,10/30/2022,asuter86,
Darrelle Coddrington,296,1,2/23/2023,dcoddrington87,10/18/2022,dcoddrington87,
Rickard Hacket,297,1,2/17/2023,rhacket88,2/24/2023,rhacket88,
Charil Kinnoch,298,1,5/13/2023,ckinnoch89,2/28/2023,ckinnoch89,
Farlie Colvine,299,1,12/3/2022,fcolvine8a,3/17/2023,fcolvine8a,
Monica Moggach,300,1,12/15/2022,mmoggach8b,10/9/2022,mmoggach8b,
Kele Capaldo,301,1,8/14/2023,kcapaldo8c,3/20/2023,kcapaldo8c,
Opal Hoyer,302,1,12/13/2022,ohoyer8d,6/12/2023,ohoyer8d,
Warner Shewery,303,1,11/23/2022,wshewery8e,5/18/2023,wshewery8e,
Ernesto Gowanson,304,1,9/15/2023,egowanson8f,8/21/2023,egowanson8f,
Powell Braid,305,1,3/16/2023,pbraid8g,2/3/2023,pbraid8g,
Ermin Tedorenko,306,1,12/16/2022,etedorenko8h,6/25/2023,etedorenko8h,
Jeanne Klejna,307,1,2/21/2023,jklejna8i,6/29/2023,jklejna8i,
Corena Dobby,308,1,4/1/2023,cdobby8j,6/24/2023,cdobby8j,
Sharona Metcalf,309,1,5/10/2023,smetcalf8k,8/18/2023,smetcalf8k,
Reidar Broscombe,310,1,5/19/2023,rbroscombe8l,5/11/2023,rbroscombe8l,
Marcelle Jessopp,311,1,9/8/2023,mjessopp8m,11/1/2022,mjessopp8m,
Tris Plowman,312,1,11/27/2022,tplowman8n,6/1/2023,tplowman8n,
Carce Birmingham,313,1,12/19/2022,cbirmingham8o,11/23/2022,cbirmingham8o,
Janos End,314,1,5/22/2023,jend8p,12/9/2022,jend8p,
Katleen Messiter,315,1,9/19/2023,kmessiter8q,4/3/2023,kmessiter8q,
Ronnie Witchard,316,1,7/10/2023,rwitchard8r,11/25/2022,rwitchard8r,
Aleece Catherine,317,1,5/5/2023,acatherine8s,9/26/2023,acatherine8s,
Otes Heaford,318,1,6/2/2023,oheaford8t,10/2/2022,oheaford8t,
Betta Fairall,319,1,3/21/2023,bfairall8u,9/16/2023,bfairall8u,
Meredeth Cansdell,320,1,3/25/2023,mcansdell8v,9/11/2023,mcansdell8v,
Filmore Blomfield,321,1,8/27/2023,fblomfield8w,7/28/2023,fblomfield8w,
Frazier Collar,322,1,12/24/2022,fcollar8x,1/28/2023,fcollar8x,
Brew Burren,323,1,3/3/2023,bburren8y,6/16/2023,bburren8y,
Belva Hurley,324,1,5/29/2023,bhurley8z,12/18/2022,bhurley8z,
Gradey Acreman,325,1,9/17/2023,gacreman90,10/24/2022,gacreman90,
Marge Lott,326,1,12/24/2022,mlott91,6/19/2023,mlott91,
Venus Pllu,327,1,1/23/2023,vpllu92,2/10/2023,vpllu92,
Kyla Wakely,328,1,6/10/2023,kwakely93,9/19/2023,kwakely93,
Britteny Beardsall,329,1,9/14/2023,bbeardsall94,4/7/2023,bbeardsall94,
Larisa Brunroth,330,1,11/19/2022,lbrunroth95,7/1/2023,lbrunroth95,
Clerissa Jeandin,331,1,3/17/2023,cjeandin96,1/15/2023,cjeandin96,
Bird Hunday,332,1,3/6/2023,bhunday97,10/29/2022,bhunday97,
Roley Robrose,333,1,5/4/2023,rrobrose98,4/12/2023,rrobrose98,
Marijn Herculson,334,1,3/9/2023,mherculson99,1/20/2023,mherculson99,
Armstrong Jentle,335,1,3/17/2023,ajentle9a,4/11/2023,ajentle9a,
Gibby Schwandermann,336,1,4/5/2023,gschwandermann9b,1/14/2023,gschwandermann9b,
Gianna Gooderson,337,1,1/10/2023,ggooderson9c,12/10/2022,ggooderson9c,
Marjy Goucher,338,1,1/21/2023,mgoucher9d,1/20/2023,mgoucher9d,
Creigh Asplin,339,1,2/7/2023,casplin9e,5/10/2023,casplin9e,
Modestine Clows,340,1,2/8/2023,mclows9f,11/27/2022,mclows9f,
Katrinka Naseby,341,1,9/7/2023,knaseby9g,11/25/2022,knaseby9g,
Brocky Philler,342,1,9/5/2023,bphiller9h,2/4/2023,bphiller9h,
Janie Goldstein,343,1,6/15/2023,jgoldstein9i,10/6/2022,jgoldstein9i,
Riccardo Severns,344,1,1/28/2023,rseverns9j,12/29/2022,rseverns9j,
Lyda MacCarrane,345,1,1/27/2023,lmaccarrane9k,6/26/2023,lmaccarrane9k,
Adriane Ullock,346,1,12/8/2022,aullock9l,1/28/2023,aullock9l,
Bianca Choake,347,1,8/30/2023,bchoake9m,4/18/2023,bchoake9m,
Tine Overland,348,1,11/10/2022,toverland9n,7/15/2023,toverland9n,
Napoleon Cooling,349,1,2/1/2023,ncooling9o,8/8/2023,ncooling9o,
Debera Veare,350,1,4/16/2023,dveare9p,9/26/2023,dveare9p,
Abram Fansy,351,1,1/2/2023,afansy9q,6/12/2023,afansy9q,
Sherry Pride,352,1,8/2/2023,spride9r,10/30/2022,spride9r,
Ermengarde Wearing,353,1,11/17/2022,ewearing9s,3/19/2023,ewearing9s,
Giuditta Fosbraey,354,1,11/27/2022,gfosbraey9t,4/15/2023,gfosbraey9t,
Duffy Fydo,355,1,6/17/2023,dfydo9u,3/3/2023,dfydo9u,
Joanne Melior,356,1,7/19/2023,jmelior9v,4/21/2023,jmelior9v,
Normand Jephson,357,1,2/28/2023,njephson9w,7/31/2023,njephson9w,
Rhianna Osbaldstone,358,1,12/19/2022,rosbaldstone9x,5/15/2023,rosbaldstone9x,
Ludovika Amor,359,1,8/18/2023,lamor9y,5/22/2023,lamor9y,
Percy Scurfield,360,1,4/11/2023,pscurfield9z,5/20/2023,pscurfield9z,
Abigail Marvin,361,1,8/23/2023,amarvina0,3/2/2023,amarvina0,
Chrisse Dibdall,362,1,1/19/2023,cdibdalla1,12/22/2022,cdibdalla1,
Pansy Ferrarello,363,1,12/25/2022,pferrarelloa2,10/14/2022,pferrarelloa2,
Salli Huckerby,364,1,9/20/2023,shuckerbya3,5/9/2023,shuckerbya3,
Yardley Beake,365,1,1/15/2023,ybeakea4,11/4/2022,ybeakea4,
Glenna Quiddinton,366,1,3/25/2023,gquiddintona5,10/18/2022,gquiddintona5,
Ruprecht Beak,367,1,3/24/2023,rbeaka6,11/21/2022,rbeaka6,
Kellyann Frayling,368,1,1/25/2023,kfraylinga7,4/6/2023,kfraylinga7,
Ricardo Matousek,369,1,2/22/2023,rmatouseka8,5/8/2023,rmatouseka8,
Nadine Hexam,370,1,10/8/2022,nhexama9,11/10/2022,nhexama9,
Aeriell Hillin,371,1,5/10/2023,ahillinaa,4/8/2023,ahillinaa,
Frannie Murcott,372,1,1/2/2023,fmurcottab,9/10/2023,fmurcottab,
Zsazsa Keson,373,1,6/21/2023,zkesonac,7/16/2023,zkesonac,
Shamus Cuttler,374,1,2/27/2023,scuttlerad,3/27/2023,scuttlerad,
Emiline Romao,375,1,7/20/2023,eromaoae,9/10/2023,eromaoae,
Jania Kett,376,1,6/13/2023,jkettaf,1/27/2023,jkettaf,
Tye Belton,377,1,10/8/2022,tbeltonag,12/19/2022,tbeltonag,
Monique Meddemmen,378,1,6/18/2023,mmeddemmenah,3/23/2023,mmeddemmenah,
Kali Grooby,379,1,9/21/2023,kgroobyai,5/12/2023,kgroobyai,
Octavia McDuall,380,1,3/1/2023,omcduallaj,10/6/2022,omcduallaj,
Tyler Gulk,381,1,5/15/2023,tgulkak,4/5/2023,tgulkak,
Klement Tangye,382,1,10/28/2022,ktangyeal,11/20/2022,ktangyeal,
Zebulon Grangier,383,1,9/12/2023,zgrangieram,3/25/2023,zgrangieram,
Broderic Hayball,384,1,12/14/2022,bhayballan,6/26/2023,bhayballan,
Calida Doniso,385,1,4/15/2023,cdonisoao,4/7/2023,cdonisoao,
Corabel Eykelhof,386,1,7/18/2023,ceykelhofap,3/5/2023,ceykelhofap,
Benjy Pentecost,387,1,4/3/2023,bpentecostaq,2/23/2023,bpentecostaq,
Adolphe Lowseley,388,1,5/28/2023,alowseleyar,6/10/2023,alowseleyar,
Adeline Larvent,389,1,8/31/2023,alarventas,9/13/2023,alarventas,
Marlyn Zupa,390,1,7/23/2023,mzupaat,10/2/2022,mzupaat,
Daffie Irving,391,1,12/30/2022,dirvingau,6/5/2023,dirvingau,
Leonanie Wasling,392,1,10/29/2022,lwaslingav,3/4/2023,lwaslingav,
Philippine Marquese,393,1,2/20/2023,pmarqueseaw,4/20/2023,pmarqueseaw,
Krishna Duxbury,394,1,7/20/2023,kduxburyax,6/7/2023,kduxburyax,
Wainwright Mingaud,395,1,2/3/2023,wmingauday,8/20/2023,wmingauday,
Reagen Rampling,396,1,5/12/2023,rramplingaz,11/18/2022,rramplingaz,
Rusty Farrent,397,1,12/24/2022,rfarrentb0,1/30/2023,rfarrentb0,
Shelden Gunnell,398,1,8/7/2023,sgunnellb1,3/29/2023,sgunnellb1,
Yurik Ousley,399,1,6/22/2023,yousleyb2,3/27/2023,yousleyb2,
Francis Sobey,400,1,9/10/2023,fsobeyb3,4/19/2023,fsobeyb3,
Kandace Mitton,401,1,5/31/2023,kmittonb4,4/28/2023,kmittonb4,
Kristien Calvert,402,1,6/28/2023,kcalvertb5,9/3/2023,kcalvertb5,
Fabe Timpany,403,1,5/22/2023,ftimpanyb6,1/1/2023,ftimpanyb6,
Fredelia Guilford,404,1,5/17/2023,fguilfordb7,8/3/2023,fguilfordb7,
Renato Wishkar,405,1,5/30/2023,rwishkarb8,11/3/2022,rwishkarb8,
Sheeree Shakeshaft,406,1,3/5/2023,sshakeshaftb9,9/7/2023,sshakeshaftb9,
Minda Helliwell,407,1,9/24/2023,mhelliwellba,7/8/2023,mhelliwellba,
Lynett Moorcraft,408,1,12/25/2022,lmoorcraftbb,4/24/2023,lmoorcraftbb,
Clayson Wimlett,409,1,5/24/2023,cwimlettbc,9/11/2023,cwimlettbc,
Nathaniel Handrock,410,1,2/5/2023,nhandrockbd,2/21/2023,nhandrockbd,
Ravid McHarry,411,1,8/6/2023,rmcharrybe,2/4/2023,rmcharrybe,
Bernie Scorrer,412,1,7/28/2023,bscorrerbf,1/14/2023,bscorrerbf,
Sargent Pelling,413,1,3/26/2023,spellingbg,6/24/2023,spellingbg,
Ruddy Hruska,414,1,4/1/2023,rhruskabh,1/12/2023,rhruskabh,
Claudelle Qusklay,415,1,4/26/2023,cqusklaybi,2/1/2023,cqusklaybi,
Jeromy Glowacha,416,1,4/20/2023,jglowachabj,12/31/2022,jglowachabj,
Joella Mozzini,417,1,7/19/2023,jmozzinibk,11/19/2022,jmozzinibk,
Rodolph Lyttle,418,1,9/17/2023,rlyttlebl,9/26/2023,rlyttlebl,
Layton Filchagin,419,1,5/25/2023,lfilchaginbm,4/28/2023,lfilchaginbm,
Virgil Hattrick,420,1,1/30/2023,vhattrickbn,8/19/2023,vhattrickbn,
Malinde Damato,421,1,10/13/2022,mdamatobo,4/18/2023,mdamatobo,
Annnora Sidebottom,422,1,11/23/2022,asidebottombp,7/5/2023,asidebottombp,
Tristan Timson,423,1,3/11/2023,ttimsonbq,9/13/2023,ttimsonbq,
Collin Semaine,424,1,1/26/2023,csemainebr,11/6/2022,csemainebr,
Hobard McGaraghan,425,1,3/29/2023,hmcgaraghanbs,11/11/2022,hmcgaraghanbs,
Sukey Dungay,426,1,5/25/2023,sdungaybt,10/5/2022,sdungaybt,
Marysa Lamasna,427,1,10/9/2022,mlamasnabu,7/9/2023,mlamasnabu,
Colan Trippack,428,1,12/7/2022,ctrippackbv,6/14/2023,ctrippackbv,
Herminia Bremen,429,1,9/8/2023,hbremenbw,11/1/2022,hbremenbw,
Engracia Fippe,430,1,7/25/2023,efippebx,11/9/2022,efippebx,
Dena Coolson,431,1,6/4/2023,dcoolsonby,11/17/2022,dcoolsonby,
Emmanuel Mix,432,1,10/13/2022,emixbz,4/26/2023,emixbz,
Laurie Caldaro,433,1,9/5/2023,lcaldaroc0,1/23/2023,lcaldaroc0,
Imojean Lydiatt,434,1,4/6/2023,ilydiattc1,1/22/2023,ilydiattc1,
Perice Boobier,435,1,2/8/2023,pboobierc2,10/28/2022,pboobierc2,
Lilly Spuffard,436,1,3/20/2023,lspuffardc3,12/25/2022,lspuffardc3,
Carlin Walczynski,437,1,8/22/2023,cwalczynskic4,4/9/2023,cwalczynskic4,
Clerc Hurdiss,438,1,3/11/2023,churdissc5,2/7/2023,churdissc5,
Diana McQuilty,439,1,5/26/2023,dmcquiltyc6,5/4/2023,dmcquiltyc6,
Dwight Gooly,440,1,3/11/2023,dgoolyc7,7/31/2023,dgoolyc7,
Aluino Worts,441,1,2/3/2023,awortsc8,1/5/2023,awortsc8,
Delly Patry,442,1,7/14/2023,dpatryc9,2/8/2023,dpatryc9,
Essa Ornils,443,1,10/5/2022,eornilsca,11/14/2022,eornilsca,
Pierette Ivett,444,1,1/14/2023,pivettcb,4/13/2023,pivettcb,
Karin Thewys,445,1,11/14/2022,kthewyscc,2/28/2023,kthewyscc,
Leighton Hanmer,446,1,12/29/2022,lhanmercd,9/9/2023,lhanmercd,
Emeline Stachini,447,1,4/10/2023,estachinice,5/14/2023,estachinice,
Bary Tiltman,448,1,3/28/2023,btiltmancf,4/9/2023,btiltmancf,
Homerus Tumielli,449,1,6/3/2023,htumiellicg,7/26/2023,htumiellicg,
Mirabella Purves,450,1,8/6/2023,mpurvesch,2/25/2023,mpurvesch,
Avictor Luety,451,1,1/30/2023,aluetyci,9/22/2023,aluetyci,
Gottfried Tinan,452,1,4/2/2023,gtinancj,7/13/2023,gtinancj,
Anderson Ginsie,453,1,4/7/2023,aginsieck,4/15/2023,aginsieck,
Josephina Du Hamel,454,1,2/7/2023,jducl,11/7/2022,jducl,
Mallorie McInulty,455,1,6/13/2023,mmcinultycm,12/21/2022,mmcinultycm,
Krystyna Ilett,456,1,4/23/2023,kilettcn,3/14/2023,kilettcn,
Hamlin Merrick,457,1,3/13/2023,hmerrickco,3/21/2023,hmerrickco,
Salmon Brennan,458,1,2/11/2023,sbrennancp,11/30/2022,sbrennancp,
Katya Fatscher,459,1,4/5/2023,kfatschercq,6/28/2023,kfatschercq,
Theda Curnock,460,1,9/10/2023,tcurnockcr,3/29/2023,tcurnockcr,
Sheree Szimon,461,1,6/11/2023,sszimoncs,8/9/2023,sszimoncs,
Berthe Martyn,462,1,8/1/2023,bmartynct,11/30/2022,bmartynct,
Orsola Haisell,463,1,7/16/2023,ohaisellcu,11/15/2022,ohaisellcu,
Deva Cano,464,1,10/13/2022,dcanocv,2/23/2023,dcanocv,
Rudy Ellerman,465,1,4/15/2023,rellermancw,7/29/2023,rellermancw,
Nathanil Serridge,466,1,2/28/2023,nserridgecx,7/23/2023,nserridgecx,
Oswald Race,467,1,5/24/2023,oracecy,12/23/2022,oracecy,
Jaquelin Jellings,468,1,10/21/2022,jjellingscz,11/2/2022,jjellingscz,
Debor Reynoollds,469,1,8/4/2023,dreynoolldsd0,7/9/2023,dreynoolldsd0,
Isobel Shevlane,470,1,3/31/2023,ishevlaned1,12/3/2022,ishevlaned1,
Roselia Huddles,471,1,4/16/2023,rhuddlesd2,4/2/2023,rhuddlesd2,
Anthe Plascott,472,1,1/30/2023,aplascottd3,12/30/2022,aplascottd3,
Correy Argont,473,1,6/3/2023,cargontd4,3/13/2023,cargontd4,
Mei Glentz,474,1,3/12/2023,mglentzd5,12/12/2022,mglentzd5,
Emily Bader,475,1,12/27/2022,ebaderd6,9/25/2023,ebaderd6,
Cami Devil,476,1,9/26/2023,cdevild7,10/6/2022,cdevild7,
Cindi Burberry,477,1,5/14/2023,cburberryd8,7/20/2023,cburberryd8,
Misty Barras,478,1,10/29/2022,mbarrasd9,3/21/2023,mbarrasd9,
Yale Ide,479,1,1/27/2023,yideda,5/20/2023,yideda,
Friedrich McCheyne,480,1,6/13/2023,fmccheynedb,2/3/2023,fmccheynedb,
Sascha Fasey,481,1,4/16/2023,sfaseydc,5/23/2023,sfaseydc,
Jae Tuma,482,1,6/9/2023,jtumadd,9/16/2023,jtumadd,
Paco Polden,483,1,8/2/2023,ppoldende,11/11/2022,ppoldende,
Anette McKinnell,484,1,9/18/2023,amckinnelldf,7/17/2023,amckinnelldf,
Janaya Frostdyke,485,1,5/12/2023,jfrostdykedg,4/29/2023,jfrostdykedg,
Jana Estcot,486,1,12/23/2022,jestcotdh,9/19/2023,jestcotdh,
Arthur Yearby,487,1,5/4/2023,ayearbydi,7/13/2023,ayearbydi,
Blisse Nickolls,488,1,7/3/2023,bnickollsdj,3/14/2023,bnickollsdj,
Marne Tatlock,489,1,7/12/2023,mtatlockdk,9/22/2023,mtatlockdk,
Crystie Devanny,490,1,9/11/2023,cdevannydl,8/1/2023,cdevannydl,
Berti Decourcy,491,1,8/8/2023,bdecourcydm,1/28/2023,bdecourcydm,
Stella Oade,492,1,2/1/2023,soadedn,3/8/2023,soadedn,
Adolf Jordin,493,1,9/2/2023,ajordindo,3/7/2023,ajordindo,
Raddie Petric,494,1,11/2/2022,rpetricdp,9/22/2023,rpetricdp,
Kelcy Terran,495,1,5/2/2023,kterrandq,5/12/2023,kterrandq,
Philbert Levick,496,1,8/2/2023,plevickdr,8/24/2023,plevickdr,
Kira Nozzolii,497,1,12/14/2022,knozzoliids,5/26/2023,knozzoliids,
Allegra Patience,498,1,7/16/2023,apatiencedt,5/4/2023,apatiencedt,
Hermy Cheltnam,499,1,7/5/2023,hcheltnamdu,1/14/2023,hcheltnamdu,
Erich Willment,500,1,11/22/2022,ewillmentdv,11/20/2022,ewillmentdv,
Paul Broadnicke,501,1,8/27/2023,pbroadnickedw,12/5/2022,pbroadnickedw,
Marline Marston,502,1,11/25/2022,mmarstondx,2/22/2023,mmarstondx,
Drucy Gaskell,503,1,2/24/2023,dgaskelldy,10/2/2022,dgaskelldy,
Phillis Battany,504,1,8/23/2023,pbattanydz,9/12/2023,pbattanydz,
Christoper Ainscow,505,1,12/16/2022,cainscowe0,4/13/2023,cainscowe0,
Louisa Cussons,506,1,5/14/2023,lcussonse1,1/13/2023,lcussonse1,
Alexis Munehay,507,1,12/31/2022,amunehaye2,7/21/2023,amunehaye2,
Alden Reaman,508,1,5/5/2023,areamane3,2/20/2023,areamane3,
Lauri McKerlie,509,1,12/5/2022,lmckerliee4,7/7/2023,lmckerliee4,
Bibi Berkely,510,1,12/17/2022,bberkelye5,10/27/2022,bberkelye5,
Baxy de Grey,511,1,12/5/2022,bdee6,2/8/2023,bdee6,
Wolf Grindall,512,1,11/2/2022,wgrindalle7,7/9/2023,wgrindalle7,
Gypsy Littrell,513,1,9/27/2023,glittrelle8,6/18/2023,glittrelle8,
Dolf Farress,514,1,7/27/2023,dfarresse9,1/4/2023,dfarresse9,
Delcine Towlson,515,1,11/5/2022,dtowlsonea,8/29/2023,dtowlsonea,
Edgardo Jillins,516,1,7/22/2023,ejillinseb,1/20/2023,ejillinseb,
Sidonia Laverty,517,1,10/30/2022,slavertyec,9/23/2023,slavertyec,
George Held,518,1,12/17/2022,ghelded,7/22/2023,ghelded,
Fredra Wison,519,1,4/16/2023,fwisonee,4/17/2023,fwisonee,
Worthington Demoge,520,1,2/28/2023,wdemogeef,12/25/2022,wdemogeef,
Roldan Bruford,521,1,1/16/2023,rbrufordeg,10/6/2022,rbrufordeg,
Bradly Fley,522,1,10/14/2022,bfleyeh,10/22/2022,bfleyeh,
Aymer Krystek,523,1,8/19/2023,akrystekei,9/26/2023,akrystekei,
Bebe Middlewick,524,1,1/20/2023,bmiddlewickej,3/3/2023,bmiddlewickej,
Clemmy Payle,525,1,1/5/2023,cpayleek,5/6/2023,cpayleek,
Gregg Novak,526,1,3/31/2023,gnovakel,5/1/2023,gnovakel,
Sutherland Gillfillan,527,1,10/13/2022,sgillfillanem,5/2/2023,sgillfillanem,
Carolyn Druery,528,1,1/13/2023,cdrueryen,1/14/2023,cdrueryen,
Vere Fulmen,529,1,8/1/2023,vfulmeneo,1/29/2023,vfulmeneo,
Kitty Kaser,530,1,1/28/2023,kkaserep,10/10/2022,kkaserep,
Mariam Alyokhin,531,1,11/11/2022,malyokhineq,9/13/2023,malyokhineq,
Hurlee Divall,532,1,9/25/2023,hdivaller,11/2/2022,hdivaller,
Rebecka Agastina,533,1,3/17/2023,ragastinaes,10/31/2022,ragastinaes,
Jemmy Josefowicz,534,1,2/1/2023,jjosefowiczet,7/18/2023,jjosefowiczet,
Alis Conachy,535,1,9/14/2023,aconachyeu,8/18/2023,aconachyeu,
Philip Ledwitch,536,1,7/1/2023,pledwitchev,7/20/2023,pledwitchev,
Ray Massimo,537,1,6/2/2023,rmassimoew,6/3/2023,rmassimoew,
Giffie Cockren,538,1,8/31/2023,gcockrenex,1/26/2023,gcockrenex,
Diandra Blucher,539,1,9/24/2023,dblucherey,5/18/2023,dblucherey,
Lyssa Layman,540,1,12/24/2022,llaymanez,10/24/2022,llaymanez,
Buck Jeves,541,1,8/26/2023,bjevesf0,10/7/2022,bjevesf0,
Catie Colman,542,1,6/20/2023,ccolmanf1,12/24/2022,ccolmanf1,
Cornelius Redolfi,543,1,9/24/2023,credolfif2,3/1/2023,credolfif2,
Jaimie Van Daalen,544,1,9/25/2023,jvanf3,2/17/2023,jvanf3,
Remus Gover,545,1,10/20/2022,rgoverf4,4/10/2023,rgoverf4,
Gussi Sherrett,546,1,3/31/2023,gsherrettf5,7/16/2023,gsherrettf5,
Letti Dunlop,547,1,9/22/2023,ldunlopf6,11/16/2022,ldunlopf6,
Hedwig Slater,548,1,5/24/2023,hslaterf7,10/16/2022,hslaterf7,
Lorrie Jaan,549,1,3/19/2023,ljaanf8,11/14/2022,ljaanf8,
Don Kundert,550,1,1/12/2023,dkundertf9,8/2/2023,dkundertf9,
Raleigh Mallatratt,551,1,6/21/2023,rmallatrattfa,1/30/2023,rmallatrattfa,
Huntington Welham,552,1,5/14/2023,hwelhamfb,5/18/2023,hwelhamfb,
Virginie Wareing,553,1,5/31/2023,vwareingfc,7/4/2023,vwareingfc,
Joice Carolan,554,1,9/14/2023,jcarolanfd,5/30/2023,jcarolanfd,
Sybil Crippen,555,1,6/25/2023,scrippenfe,6/23/2023,scrippenfe,
Samara Szymanowicz,556,1,7/12/2023,sszymanowiczff,10/18/2022,sszymanowiczff,
Valeda Bleddon,557,1,7/28/2023,vbleddonfg,9/18/2023,vbleddonfg,
Jerome Jolley,558,1,10/26/2022,jjolleyfh,10/2/2022,jjolleyfh,
Jerry Gelderd,559,1,5/27/2023,jgelderdfi,5/20/2023,jgelderdfi,
Irwin Pendleberry,560,1,7/16/2023,ipendleberryfj,10/4/2022,ipendleberryfj,
Irvine Merwe,561,1,5/19/2023,imerwefk,5/21/2023,imerwefk,
Maximilianus Juszczak,562,1,12/20/2022,mjuszczakfl,3/11/2023,mjuszczakfl,
Myra Pinch,563,1,1/26/2023,mpinchfm,3/6/2023,mpinchfm,
Mathilda De Carteret,564,1,8/8/2023,mdefn,2/2/2023,mdefn,
Barbee De Simone,565,1,12/31/2022,bdefo,10/8/2022,bdefo,
Jemmie Oake,566,1,9/29/2023,joakefp,10/1/2023,joakefp,
Chickie Kleingrub,567,1,2/13/2023,ckleingrubfq,6/19/2023,ckleingrubfq,
Alaine Ramirez,568,1,12/26/2022,aramirezfr,7/14/2023,aramirezfr,
Tracy Guillerman,569,1,2/6/2023,tguillermanfs,1/2/2023,tguillermanfs,
Hillier Belderson,570,1,1/25/2023,hbeldersonft,11/6/2022,hbeldersonft,
Kore Murdy,571,1,2/13/2023,kmurdyfu,5/26/2023,kmurdyfu,
Regina Fancy,572,1,7/12/2023,rfancyfv,9/26/2023,rfancyfv,
Hamil Ianilli,573,1,1/1/2023,hianillifw,10/5/2022,hianillifw,
Lucila Capsey,574,0,5/28/2023,lcapseyfx,9/24/2023,lcapseyfx,
Spencer Lints,575,0,11/23/2022,slintsfy,12/12/2022,slintsfy,
Carolyn Elacoate,576,0,5/23/2023,celacoatefz,10/7/2022,celacoatefz,
Rawley Cutbush,577,0,11/18/2022,rcutbushg0,12/4/2022,rcutbushg0,
Roley Cunnell,578,0,10/28/2022,rcunnellg1,7/4/2023,rcunnellg1,
Morly Glasgow,579,0,7/8/2023,mglasgowg2,4/8/2023,mglasgowg2,
Garnette Petrovic,580,0,9/10/2023,gpetrovicg3,7/3/2023,gpetrovicg3,
Junette Gomery,581,0,10/3/2022,jgomeryg4,7/22/2023,jgomeryg4,
My Danielou,582,0,9/1/2023,mdanieloug5,12/16/2022,mdanieloug5,
Reine Rosengren,583,0,2/28/2023,rrosengreng6,10/7/2022,rrosengreng6,
Kerrie Polley,584,0,12/15/2022,kpolleyg7,3/28/2023,kpolleyg7,
Michael Hazeldene,585,0,5/2/2023,mhazeldeneg8,8/8/2023,mhazeldeneg8,
Katha Zanicchi,586,0,6/3/2023,kzanicchig9,11/9/2022,kzanicchig9,
Drugi Lill,587,0,4/21/2023,dlillga,3/29/2023,dlillga,
Pablo Beardow,588,0,4/28/2023,pbeardowgb,7/9/2023,pbeardowgb,
Tiffie Keets,589,0,3/10/2023,tkeetsgc,2/17/2023,tkeetsgc,
Nobe Pilkinton,590,0,4/29/2023,npilkintongd,6/6/2023,npilkintongd,
Nita Bampforth,591,0,8/7/2023,nbampforthge,11/8/2022,nbampforthge,
Fae Schaffler,592,0,10/17/2022,fschafflergf,2/16/2023,fschafflergf,
Ailina Butterwick,593,0,11/27/2022,abutterwickgg,3/21/2023,abutterwickgg,
Ambrosio Daouze,594,0,5/28/2023,adaouzegh,6/16/2023,adaouzegh,
Yurik Magnus,595,0,1/8/2023,ymagnusgi,3/28/2023,ymagnusgi,
Ludwig Enbury,596,0,2/23/2023,lenburygj,3/8/2023,lenburygj,
Sloan Kull,597,0,3/12/2023,skullgk,11/21/2022,skullgk,
Tommie Doman,598,0,4/24/2023,tdomangl,2/25/2023,tdomangl,
Christine Lauderdale,599,0,8/6/2023,clauderdalegm,10/20/2022,clauderdalegm,
Prescott Tripean,600,0,11/16/2022,ptripeangn,5/21/2023,ptripeangn,
Ronnie Barthelmes,601,0,12/4/2022,rbarthelmesgo,12/8/2022,rbarthelmesgo,
Boyd Biddwell,602,0,5/20/2023,bbiddwellgp,2/16/2023,bbiddwellgp,
Cirillo Hanbidge,603,0,1/23/2023,chanbidgegq,10/20/2022,chanbidgegq,
Lorelle Beathem,604,0,4/19/2023,lbeathemgr,11/27/2022,lbeathemgr,
Tessi Sotheby,605,0,11/12/2022,tsothebygs,4/9/2023,tsothebygs,
Melody Meadus,606,0,12/30/2022,mmeadusgt,3/29/2023,mmeadusgt,
Virgilio Bambrough,607,0,10/26/2022,vbambroughgu,9/13/2023,vbambroughgu,
Jamill Georgius,608,0,9/30/2023,jgeorgiusgv,5/10/2023,jgeorgiusgv,
Doralynne Camsey,609,0,7/29/2023,dcamseygw,10/16/2022,dcamseygw,
Clerkclaude Ghidini,610,0,2/9/2023,cghidinigx,2/19/2023,cghidinigx,
Kaylee Tuffley,611,0,3/11/2023,ktuffleygy,12/19/2022,ktuffleygy,
Atlanta Larderot,612,0,10/5/2022,alarderotgz,10/20/2022,alarderotgz,
Nye MacCallion,613,0,6/7/2023,nmaccallionh0,7/24/2023,nmaccallionh0,
Rosalia Sone,614,0,10/31/2022,rsoneh1,6/30/2023,rsoneh1,
Gordan Dundredge,615,0,4/25/2023,gdundredgeh2,1/14/2023,gdundredgeh2,
Jonie Sturt,616,0,11/20/2022,jsturth3,7/19/2023,jsturth3,
Kendell Larway,617,0,6/26/2023,klarwayh4,7/24/2023,klarwayh4,
Nestor McCumesky,618,0,5/1/2023,nmccumeskyh5,2/14/2023,nmccumeskyh5,
Aeriell Lardnar,619,0,8/2/2023,alardnarh6,7/31/2023,alardnarh6,
Torrance Pidgen,620,0,9/15/2023,tpidgenh7,6/18/2023,tpidgenh7,
Tana Blunt,621,0,4/23/2023,tblunth8,12/13/2022,tblunth8,
Trudie Anster,622,0,4/16/2023,tansterh9,2/4/2023,tansterh9,
Kellia Cafe,623,0,11/25/2022,kcafeha,4/4/2023,kcafeha,
Morly Thurling,624,0,10/4/2022,mthurlinghb,8/12/2023,mthurlinghb,
Tamera Matessian,625,0,11/12/2022,tmatessianhc,7/13/2023,tmatessianhc,
Cesare Morford,626,0,8/19/2023,cmorfordhd,12/2/2022,cmorfordhd,
Gerick Raiman,627,0,7/11/2023,graimanhe,7/12/2023,graimanhe,
Davidde Belchamp,628,0,4/28/2023,dbelchamphf,11/2/2022,dbelchamphf,
Harcourt Henke,629,0,11/24/2022,hhenkehg,10/4/2022,hhenkehg,
Brigid Seabrocke,630,0,7/12/2023,bseabrockehh,8/15/2023,bseabrockehh,
Homere Eades,631,0,1/27/2023,headeshi,3/22/2023,headeshi,
Marlo Thurlbourne,632,0,10/8/2022,mthurlbournehj,11/19/2022,mthurlbournehj,
Lucienne Lambert,633,0,6/5/2023,llamberthk,6/3/2023,llamberthk,
Tony Machon,634,0,2/18/2023,tmachonhl,10/24/2022,tmachonhl,
Penn Brockest,635,0,7/1/2023,pbrockesthm,5/29/2023,pbrockesthm,
Willi Thews,636,0,8/29/2023,wthewshn,1/25/2023,wthewshn,
Pace Broomfield,637,0,3/1/2023,pbroomfieldho,9/23/2023,pbroomfieldho,
Romeo Counsell,638,0,5/18/2023,rcounsellhp,5/26/2023,rcounsellhp,
Tarrah McLarty,639,0,3/20/2023,tmclartyhq,5/1/2023,tmclartyhq,
Fae Palmby,640,0,8/2/2023,fpalmbyhr,1/28/2023,fpalmbyhr,
Amalea Kelwick,641,0,9/29/2023,akelwickhs,9/13/2023,akelwickhs,
Lotti Vick,642,0,6/17/2023,lvickht,9/2/2023,lvickht,
Archaimbaud Davidek,643,0,11/21/2022,adavidekhu,5/15/2023,adavidekhu,
Morten Crayker,644,0,12/1/2022,mcraykerhv,9/13/2023,mcraykerhv,
Eada Jelf,645,0,11/7/2022,ejelfhw,3/7/2023,ejelfhw,
Lanette Bortoloni,646,0,8/26/2023,lbortolonihx,7/2/2023,lbortolonihx,
Julee Huckin,647,0,8/26/2023,jhuckinhy,3/16/2023,jhuckinhy,
Dennis Clayson,648,0,2/16/2023,dclaysonhz,12/25/2022,dclaysonhz,
Daveen Mulcahy,649,0,8/30/2023,dmulcahyi0,3/12/2023,dmulcahyi0,
Axe Whyborne,650,0,8/27/2023,awhybornei1,3/5/2023,awhybornei1,
Philis O'Griffin,651,0,1/8/2023,pogriffini2,8/30/2023,pogriffini2,
Aeriela Frick,652,0,9/12/2023,africki3,10/31/2022,africki3,
Winonah Fetherstone,653,0,2/9/2023,wfetherstonei4,6/22/2023,wfetherstonei4,
Ced Howard - Gater,654,0,10/23/2022,chowardi5,12/3/2022,chowardi5,
Willy Pinsent,655,0,7/14/2023,wpinsenti6,12/29/2022,wpinsenti6,
Burch Bradfield,656,0,9/28/2023,bbradfieldi7,8/28/2023,bbradfieldi7,
Janek Harries,657,0,3/31/2023,jharriesi8,7/5/2023,jharriesi8,
Orlando Cordy,658,0,6/8/2023,ocordyi9,1/3/2023,ocordyi9,
Solly Toffoloni,659,0,1/12/2023,stoffoloniia,6/2/2023,stoffoloniia,
Haven Poytheras,660,0,4/22/2023,hpoytherasib,11/22/2022,hpoytherasib,
Adela Piatto,661,0,8/28/2023,apiattoic,1/25/2023,apiattoic,
Nadia Orht,662,0,5/22/2023,norhtid,1/19/2023,norhtid,
Frederich Fitchen,663,0,4/9/2023,ffitchenie,2/5/2023,ffitchenie,
Joice Lodden,664,0,9/29/2023,jloddenif,8/19/2023,jloddenif,
Laurena Iannitti,665,0,10/27/2022,liannittiig,5/8/2023,liannittiig,
Shawna Ickowicz,666,0,1/1/2023,sickowiczih,9/1/2023,sickowiczih,
Garik Carrabot,667,0,1/16/2023,gcarrabotii,7/1/2023,gcarrabotii,
Alford Gilbride,668,0,12/21/2022,agilbrideij,8/23/2023,agilbrideij,
Jule Winger,669,0,1/5/2023,jwingerik,10/12/2022,jwingerik,
Carolus Prisk,670,0,2/20/2023,cpriskil,8/19/2023,cpriskil,
Chelsea Aizik,671,0,12/30/2022,caizikim,6/8/2023,caizikim,
Gilbert O'Shields,672,0,2/15/2023,goshieldsin,11/5/2022,goshieldsin,
Davin Churchard,673,0,6/21/2023,dchurchardio,4/28/2023,dchurchardio,
Giacopo Shearstone,674,0,2/8/2023,gshearstoneip,8/31/2023,gshearstoneip,
Antoni Faulder,675,0,2/4/2023,afaulderiq,11/9/2022,afaulderiq,
Kassia Cashmore,676,0,7/31/2023,kcashmoreir,10/25/2022,kcashmoreir,
Sayre Gammie,677,0,9/28/2023,sgammieis,5/3/2023,sgammieis,
Pierette Parkhouse,678,0,6/19/2023,pparkhouseit,2/3/2023,pparkhouseit,
Dasi Trussman,679,0,9/6/2023,dtrussmaniu,8/1/2023,dtrussmaniu,
Kathy Test,680,0,2/13/2023,ktestiv,3/16/2023,ktestiv,
Shelley Penhalewick,681,0,1/17/2023,spenhalewickiw,1/14/2023,spenhalewickiw,
Tiffi Pauletti,682,0,9/3/2023,tpaulettiix,9/5/2023,tpaulettiix,
Richmond Fidele,683,0,11/6/2022,rfideleiy,1/27/2023,rfideleiy,
Donia Gonsalo,684,0,10/17/2022,dgonsaloiz,6/19/2023,dgonsaloiz,
Marlane Glencros,685,0,7/9/2023,mglencrosj0,12/22/2022,mglencrosj0,
Mohandas Ambler,686,0,1/9/2023,mamblerj1,5/16/2023,mamblerj1,
Melisandra Tween,687,0,5/31/2023,mtweenj2,7/22/2023,mtweenj2,
Cyndia Covil,688,0,6/28/2023,ccovilj3,8/4/2023,ccovilj3,
Edee Bartolommeo,689,0,2/10/2023,ebartolommeoj4,4/11/2023,ebartolommeoj4,
Kissie Tomasutti,690,0,12/24/2022,ktomasuttij5,3/28/2023,ktomasuttij5,
Whittaker Bawden,691,0,8/27/2023,wbawdenj6,5/1/2023,wbawdenj6,
Garrard Minillo,692,0,7/6/2023,gminilloj7,11/5/2022,gminilloj7,
Derrik Ashfield,693,0,2/25/2023,dashfieldj8,6/26/2023,dashfieldj8,
Lotte MacSkeagan,694,0,4/27/2023,lmacskeaganj9,7/9/2023,lmacskeaganj9,
Silvana Paslow,695,0,10/21/2022,spaslowja,4/16/2023,spaslowja,
Rustin Dillinton,696,0,9/14/2023,rdillintonjb,10/24/2022,rdillintonjb,
Waverley Ortsmann,697,0,6/12/2023,wortsmannjc,7/26/2023,wortsmannjc,
Adiana Mintrim,698,0,2/15/2023,amintrimjd,3/9/2023,amintrimjd,
Drake Yter,699,0,2/19/2023,dyterje,4/19/2023,dyterje,
Ophelia McBrier,700,0,5/12/2023,omcbrierjf,6/13/2023,omcbrierjf,
Heda Espinho,701,0,7/15/2023,hespinhojg,8/19/2023,hespinhojg,
Jasen Filippucci,702,0,8/20/2023,jfilippuccijh,5/3/2023,jfilippuccijh,
Shelley Sibson,703,0,9/28/2023,ssibsonji,8/8/2023,ssibsonji,
Vittoria Poulton,704,0,4/25/2023,vpoultonjj,1/12/2023,vpoultonjj,
Charley Bozward,705,0,4/1/2023,cbozwardjk,11/27/2022,cbozwardjk,
Ephrem Saing,706,0,6/15/2023,esaingjl,1/18/2023,esaingjl,
Alfi Farncomb,707,0,8/24/2023,afarncombjm,9/23/2023,afarncombjm,
Danyette Collinwood,708,0,10/2/2022,dcollinwoodjn,6/6/2023,dcollinwoodjn,
Franklyn Nurny,709,0,11/4/2022,fnurnyjo,1/5/2023,fnurnyjo,
Betteanne Behne,710,0,1/8/2023,bbehnejp,10/25/2022,bbehnejp,
Antonietta Cattini,711,0,8/7/2023,acattinijq,5/26/2023,acattinijq,
Eldon Holberry,712,0,7/26/2023,eholberryjr,6/5/2023,eholberryjr,
Jeanine Hawtry,713,0,3/12/2023,jhawtryjs,5/18/2023,jhawtryjs,
Cordelia Slides,714,0,2/17/2023,cslidesjt,6/3/2023,cslidesjt,
Heather Puttrell,715,0,1/18/2023,hputtrellju,2/5/2023,hputtrellju,
Crin Madelin,716,0,5/11/2023,cmadelinjv,11/25/2022,cmadelinjv,
Vinny Edgar,717,0,2/14/2023,vedgarjw,9/12/2023,vedgarjw,
Tait Velti,718,0,7/7/2023,tveltijx,9/19/2023,tveltijx,
Granger Conachy,719,0,7/27/2023,gconachyjy,2/13/2023,gconachyjy,
Pen Hindrick,720,0,10/14/2022,phindrickjz,6/17/2023,phindrickjz,
Nils Keeney,721,0,3/20/2023,nkeeneyk0,10/18/2022,nkeeneyk0,
Byran Zettler,722,0,8/2/2023,bzettlerk1,11/9/2022,bzettlerk1,
Ad Bavister,723,0,9/13/2023,abavisterk2,6/12/2023,abavisterk2,
Kati Edmeads,724,0,9/4/2023,kedmeadsk3,11/29/2022,kedmeadsk3,
Harcourt O' Dornan,725,0,10/3/2022,hok4,9/11/2023,hok4,
Claudius Colston,726,0,6/1/2023,ccolstonk5,6/17/2023,ccolstonk5,
Chelsie Beeson,727,0,8/29/2023,cbeesonk6,3/12/2023,cbeesonk6,
Francklyn Plumptre,728,0,8/25/2023,fplumptrek7,4/27/2023,fplumptrek7,
Oliy Meltetal,729,0,6/24/2023,omeltetalk8,5/17/2023,omeltetalk8,
Siward Bugg,730,0,10/25/2022,sbuggk9,11/15/2022,sbuggk9,
Sibilla Castellaccio,731,0,11/19/2022,scastellaccioka,6/13/2023,scastellaccioka,
Cleve Culcheth,732,0,11/12/2022,cculchethkb,1/12/2023,cculchethkb,
Hallie Kolyagin,733,0,1/28/2023,hkolyaginkc,6/2/2023,hkolyaginkc,
Nicol Tapsfield,734,0,8/9/2023,ntapsfieldkd,6/6/2023,ntapsfieldkd,
Martie Gillam,735,0,12/22/2022,mgillamke,6/19/2023,mgillamke,
Ariella Crosgrove,736,0,1/4/2023,acrosgrovekf,8/22/2023,acrosgrovekf,
Noach D'Aulby,737,0,9/27/2023,ndaulbykg,12/29/2022,ndaulbykg,
Neale Radage,738,0,4/5/2023,nradagekh,11/4/2022,nradagekh,
Janeva Grogan,739,0,12/19/2022,jgroganki,2/22/2023,jgroganki,
Allyn Rumming,740,0,1/20/2023,arummingkj,12/25/2022,arummingkj,
Doroteya Toppin,741,0,11/13/2022,dtoppinkk,3/27/2023,dtoppinkk,
Dennie Sinson,742,0,5/16/2023,dsinsonkl,4/19/2023,dsinsonkl,
Ashia Hubbucke,743,0,4/16/2023,ahubbuckekm,8/13/2023,ahubbuckekm,
Corissa Oke,744,0,10/27/2022,cokekn,4/20/2023,cokekn,
Oliy Lethem,745,0,6/16/2023,olethemko,1/8/2023,olethemko,
Enrichetta Erett,746,0,11/19/2022,eerettkp,2/10/2023,eerettkp,
Winna Styche,747,0,9/25/2023,wstychekq,11/21/2022,wstychekq,
Ferris McMorland,748,0,2/22/2023,fmcmorlandkr,12/25/2022,fmcmorlandkr,
Clywd Birkinshaw,749,0,10/22/2022,cbirkinshawks,5/4/2023,cbirkinshawks,
Ewan Kinker,750,0,8/5/2023,ekinkerkt,3/14/2023,ekinkerkt,
Carter Newcome,751,0,5/1/2023,cnewcomeku,12/2/2022,cnewcomeku,
Lonnie Aveson,752,0,10/28/2022,lavesonkv,3/13/2023,lavesonkv,
Aveline Lince,753,0,6/8/2023,alincekw,1/25/2023,alincekw,
Starla Tavner,754,0,5/31/2023,stavnerkx,11/4/2022,stavnerkx,
Leonidas Lyvon,755,0,12/7/2022,llyvonky,3/24/2023,llyvonky,
Luca Filer,756,0,2/8/2023,lfilerkz,12/19/2022,lfilerkz,
Inesita Upshall,757,0,11/22/2022,iupshalll0,12/3/2022,iupshalll0,
Nanete Honniebal,758,0,1/14/2023,nhonnieball1,8/19/2023,nhonnieball1,
Delano Bater,759,0,3/27/2023,dbaterl2,2/22/2023,dbaterl2,
Rolfe Bellham,760,0,5/9/2023,rbellhaml3,8/1/2023,rbellhaml3,
Dehlia Ayshford,761,0,1/4/2023,dayshfordl4,5/6/2023,dayshfordl4,
Coretta McAsgill,762,0,4/8/2023,cmcasgilll5,2/11/2023,cmcasgilll5,
Sofie Froggatt,763,0,9/12/2023,sfroggattl6,7/11/2023,sfroggattl6,
Valery Tattersdill,764,0,1/17/2023,vtattersdilll7,9/22/2023,vtattersdilll7,
Samuele Kulis,765,0,1/14/2023,skulisl8,12/18/2022,skulisl8,
Patrice Scandrite,766,0,10/29/2022,pscandritel9,6/14/2023,pscandritel9,
Kai Solland,767,0,4/17/2023,ksollandla,8/12/2023,ksollandla,
Claudie Stott,768,0,11/20/2022,cstottlb,1/21/2023,cstottlb,
Zacharia Grinsted,769,0,12/20/2022,zgrinstedlc,8/25/2023,zgrinstedlc,
Mureil Ambler,770,0,1/5/2023,mamblerld,2/16/2023,mamblerld,
Naoma Ellsbury,771,0,1/11/2023,nellsburyle,11/24/2022,nellsburyle,
Samson Pirnie,772,0,7/16/2023,spirnielf,12/21/2022,spirnielf,
Saul Bleasdille,773,0,4/22/2023,sbleasdillelg,1/23/2023,sbleasdillelg,
Franky Millmoe,774,0,1/16/2023,fmillmoelh,6/4/2023,fmillmoelh,
Nat Edghinn,775,0,11/24/2022,nedghinnli,5/22/2023,nedghinnli,
Godfree Statham,776,0,10/25/2022,gstathamlj,5/20/2023,gstathamlj,
Horatio Howkins,777,0,1/13/2023,hhowkinslk,3/30/2023,hhowkinslk,
Alexandro Potticary,778,0,12/18/2022,apotticaryll,5/23/2023,apotticaryll,
Loria Ruston,779,0,10/29/2022,lrustonlm,8/31/2023,lrustonlm,
Marj Gopsell,780,0,3/16/2023,mgopsellln,2/16/2023,mgopsellln,
Callida Lee,781,0,9/27/2023,cleelo,8/13/2023,cleelo,
Caldwell Gardiner,782,0,5/23/2023,cgardinerlp,4/11/2023,cgardinerlp,
Batholomew Jervoise,783,0,12/6/2022,bjervoiselq,5/19/2023,bjervoiselq,
Chrysa Gabbetis,784,0,4/4/2023,cgabbetislr,8/22/2023,cgabbetislr,
Leda Startin,785,0,12/31/2022,lstartinls,7/14/2023,lstartinls,
Hans Bick,786,0,1/1/2023,hbicklt,8/23/2023,hbicklt,
Gnni Shields,787,0,6/8/2023,gshieldslu,1/24/2023,gshieldslu,
Terrijo Knoller,788,0,7/1/2023,tknollerlv,11/29/2022,tknollerlv,
Boony Dallyn,789,0,6/30/2023,bdallynlw,9/16/2023,bdallynlw,
Mora Juggins,790,0,4/27/2023,mjugginslx,3/3/2023,mjugginslx,
Ralph Espinho,791,0,4/28/2023,respinholy,3/30/2023,respinholy,
Sena Proud,792,0,11/3/2022,sproudlz,11/3/2022,sproudlz,
Hyacinthia Sherbrook,793,0,6/16/2023,hsherbrookm0,6/14/2023,hsherbrookm0,
Ashia Fernandes,794,0,11/29/2022,afernandesm1,9/9/2023,afernandesm1,
Becka Bembrick,795,0,12/25/2022,bbembrickm2,7/23/2023,bbembrickm2,
Karalynn Holcroft,796,0,6/6/2023,kholcroftm3,4/23/2023,kholcroftm3,
Bordie Scedall,797,0,6/22/2023,bscedallm4,2/3/2023,bscedallm4,
Erik Ceney,798,0,11/20/2022,eceneym5,11/26/2022,eceneym5,
Trixi Landeaux,799,0,6/23/2023,tlandeauxm6,2/1/2023,tlandeauxm6,
Laurette Gawthorpe,800,0,5/14/2023,lgawthorpem7,1/24/2023,lgawthorpem7,
Gayla Allibone,801,0,8/1/2023,gallibonem8,7/15/2023,gallibonem8,
Meryl Crickmer,802,0,8/24/2023,mcrickmerm9,4/29/2023,mcrickmerm9,
Noelle Benzi,803,0,10/15/2022,nbenzima,4/6/2023,nbenzima,
Traci Hillan,804,0,2/2/2023,thillanmb,5/28/2023,thillanmb,
Minnie Cutchey,805,0,4/19/2023,mcutcheymc,1/14/2023,mcutcheymc,
Iona Adenet,806,0,12/28/2022,iadenetmd,8/15/2023,iadenetmd,
Fedora Dignan,807,0,5/11/2023,fdignanme,7/21/2023,fdignanme,
Rollin Gostall,808,0,12/13/2022,rgostallmf,3/6/2023,rgostallmf,
Christabel Dedham,809,0,12/8/2022,cdedhammg,12/10/2022,cdedhammg,
Astra Knight,810,0,6/8/2023,aknightmh,4/10/2023,aknightmh,
Torr Yearnes,811,0,4/25/2023,tyearnesmi,10/15/2022,tyearnesmi,
Karalee Auty,812,0,2/16/2023,kautymj,5/24/2023,kautymj,
Korie Simonnet,813,0,3/4/2023,ksimonnetmk,10/13/2022,ksimonnetmk,
Selestina Stern,814,0,5/26/2023,ssternml,8/9/2023,ssternml,
Etty Naul,815,0,12/5/2022,enaulmm,1/29/2023,enaulmm,
Pamella Brahms,816,0,4/3/2023,pbrahmsmn,4/2/2023,pbrahmsmn,
Shannon Gartin,817,0,1/26/2023,sgartinmo,5/14/2023,sgartinmo,
Gail Giuroni,818,0,9/9/2023,ggiuronimp,8/17/2023,ggiuronimp,
Helge Kasting,819,0,1/9/2023,hkastingmq,1/27/2023,hkastingmq,
Billi Lloyds,820,0,5/16/2023,blloydsmr,6/12/2023,blloydsmr,
Shelagh Merveille,821,0,1/2/2023,smerveillems,2/3/2023,smerveillems,
Glory Lidster,822,0,4/15/2023,glidstermt,3/15/2023,glidstermt,
Ilse Caldairou,823,0,12/22/2022,icaldairoumu,8/11/2023,icaldairoumu,
Wanids Click,824,0,8/1/2023,wclickmv,2/17/2023,wclickmv,
Dore Winham,825,0,11/12/2022,dwinhammw,4/15/2023,dwinhammw,
Hayden Gilleson,826,0,7/10/2023,hgillesonmx,5/17/2023,hgillesonmx,
Erik Lambird,827,0,4/4/2023,elambirdmy,8/8/2023,elambirdmy,
Gunilla Meighan,828,0,10/25/2022,gmeighanmz,6/15/2023,gmeighanmz,
Joell Bolitho,829,0,11/29/2022,jbolithon0,1/14/2023,jbolithon0,
Hilly La Batie,830,0,11/16/2022,hlan1,7/26/2023,hlan1,
Dolores Kyme,831,0,7/27/2023,dkymen2,1/25/2023,dkymen2,
Cariotta Rowley,832,0,12/16/2022,crowleyn3,9/15/2023,crowleyn3,
Nev State,833,0,6/11/2023,nstaten4,11/11/2022,nstaten4,
Elsie Stigers,834,0,4/22/2023,estigersn5,12/3/2022,estigersn5,
Eadith McGawn,835,0,4/20/2023,emcgawnn6,8/12/2023,emcgawnn6,
Milt Heaven,836,0,9/12/2023,mheavenn7,10/23/2022,mheavenn7,
Georgy Goligly,837,0,4/17/2023,ggoliglyn8,7/31/2023,ggoliglyn8,
Brita Thow,838,0,11/7/2022,bthown9,7/11/2023,bthown9,
Alexandra Bellward,839,0,4/14/2023,abellwardna,10/8/2022,abellwardna,
Prue Larrie,840,0,9/24/2023,plarrienb,11/7/2022,plarrienb,
Wendie Stutte,841,0,3/10/2023,wstuttenc,8/12/2023,wstuttenc,
Katalin Sprackling,842,0,5/8/2023,kspracklingnd,6/15/2023,kspracklingnd,
Allina Brownbridge,843,0,8/26/2023,abrownbridgene,8/22/2023,abrownbridgene,
Mechelle De Filippi,844,0,3/10/2023,mdenf,1/29/2023,mdenf,
Falkner Cheesman,845,0,10/10/2022,fcheesmanng,5/15/2023,fcheesmanng,
Henderson Towne,846,0,12/31/2022,htownenh,3/17/2023,htownenh,
Sally Larmet,847,0,8/23/2023,slarmetni,2/15/2023,slarmetni,
Yank Shills,848,0,5/30/2023,yshillsnj,11/27/2022,yshillsnj,
Dion Blackaller,849,0,6/25/2023,dblackallernk,4/2/2023,dblackallernk,
Abigael Brome,850,0,11/1/2022,abromenl,12/29/2022,abromenl,
Ollie O' Loughran,851,0,7/30/2023,oonm,11/14/2022,oonm,
Letizia Farge,852,0,9/21/2023,lfargenn,10/11/2022,lfargenn,
Helsa Sawtell,853,0,8/21/2023,hsawtellno,12/19/2022,hsawtellno,
Gus Fairlie,854,0,12/5/2022,gfairlienp,1/26/2023,gfairlienp,
Tammie Grindall,855,0,5/28/2023,tgrindallnq,7/2/2023,tgrindallnq,
Mickie England,856,0,11/25/2022,menglandnr,10/19/2022,menglandnr,
Mark Nowland,857,0,5/6/2023,mnowlandns,2/8/2023,mnowlandns,
Angelique Aleevy,858,0,4/1/2023,aaleevynt,6/10/2023,aaleevynt,
Leroi Ing,859,0,5/7/2023,lingnu,12/14/2022,lingnu,
Marjory Campos,860,0,9/28/2023,mcamposnv,1/15/2023,mcamposnv,
Percy De Metz,861,0,6/2/2023,pdenw,3/21/2023,pdenw,
Dalis Espinas,862,0,9/24/2023,despinasnx,12/15/2022,despinasnx,
Clarinda O'Brian,863,0,10/24/2022,cobrianny,2/25/2023,cobrianny,
Ax Hallbord,864,0,2/5/2023,ahallbordnz,11/24/2022,ahallbordnz,
Joseph Reppaport,865,0,8/17/2023,jreppaporto0,3/23/2023,jreppaporto0,
Marrilee Perago,866,0,4/4/2023,mperagoo1,7/14/2023,mperagoo1,
Minette Clothier,867,0,9/20/2023,mclothiero2,12/5/2022,mclothiero2,
Aleta Ducrow,868,0,7/22/2023,aducrowo3,2/27/2023,aducrowo3,
Aldin Antalffy,869,0,1/13/2023,aantalffyo4,4/27/2023,aantalffyo4,
Jeffry Phibb,870,0,6/16/2023,jphibbo5,12/19/2022,jphibbo5,
Allyce Blandford,871,0,10/15/2022,ablandfordo6,10/2/2022,ablandfordo6,
Cristina Fennelow,872,0,2/12/2023,cfennelowo7,11/17/2022,cfennelowo7,
Sarita Creak,873,0,7/3/2023,screako8,3/31/2023,screako8,
Esteban Paskerful,874,0,4/27/2023,epaskerfulo9,1/15/2023,epaskerfulo9,
Joaquin Wilkisson,875,0,7/18/2023,jwilkissonoa,4/30/2023,jwilkissonoa,
Ulises Tullot,876,0,6/25/2023,utullotob,6/9/2023,utullotob,
Curt Gowar,877,0,1/10/2023,cgowaroc,7/1/2023,cgowaroc,
Isak Gehrels,878,0,11/22/2022,igehrelsod,1/15/2023,igehrelsod,
Nikolas Cason,879,0,4/22/2023,ncasonoe,7/18/2023,ncasonoe,
Odella Arnott,880,0,1/14/2023,oarnottof,2/8/2023,oarnottof,
Cord McGann,881,0,1/5/2023,cmcgannog,2/20/2023,cmcgannog,
Bent Semaine,882,0,6/28/2023,bsemaineoh,3/5/2023,bsemaineoh,
Northrop Jurgensen,883,0,7/29/2023,njurgensenoi,2/11/2023,njurgensenoi,
Lisa Drury,884,0,5/30/2023,ldruryoj,10/30/2022,ldruryoj,
Leta Haugg,885,0,5/14/2023,lhauggok,6/11/2023,lhauggok,
Gretchen Verrillo,886,0,4/20/2023,gverrillool,3/22/2023,gverrillool,
Melinda Asmus,887,0,4/19/2023,masmusom,1/26/2023,masmusom,
Vernon Scuffham,888,0,6/10/2023,vscuffhamon,9/14/2023,vscuffhamon,
Sorcha Hazlegrove,889,0,12/9/2022,shazlegroveoo,7/11/2023,shazlegroveoo,
Freddie Rockwill,890,0,11/23/2022,frockwillop,8/26/2023,frockwillop,
Drud Coleson,891,0,5/28/2023,dcolesonoq,3/19/2023,dcolesonoq,
Mignonne Weatherley,892,0,9/5/2023,mweatherleyor,8/3/2023,mweatherleyor,
Weston Malimoe,893,0,7/21/2023,wmalimoeos,1/24/2023,wmalimoeos,
Tades Dunkinson,894,0,1/27/2023,tdunkinsonot,10/23/2022,tdunkinsonot,
Randi Rubury,895,0,12/6/2022,rruburyou,2/20/2023,rruburyou,
Harriott Burgisi,896,0,7/14/2023,hburgisiov,4/25/2023,hburgisiov,
Durante Alexandrou,897,0,7/2/2023,dalexandrouow,12/22/2022,dalexandrouow,
Jeanna Bartels,898,0,8/19/2023,jbartelsox,12/29/2022,jbartelsox,
Aylmer Stoker,899,0,3/16/2023,astokeroy,1/21/2023,astokeroy,
Trix Handes,900,0,10/30/2022,thandesoz,5/8/2023,thandesoz,
Andras Norree,901,0,4/18/2023,anorreep0,11/24/2022,anorreep0,
Mannie Fould,902,0,3/5/2023,mfouldp1,4/1/2023,mfouldp1,
Joya Pendrey,903,0,9/11/2023,jpendreyp2,5/8/2023,jpendreyp2,
Cally Swayne,904,0,3/30/2023,cswaynep3,1/25/2023,cswaynep3,
Donia Crispin,905,0,7/11/2023,dcrispinp4,9/18/2023,dcrispinp4,
Jeffy McDill,906,0,10/12/2022,jmcdillp5,12/21/2022,jmcdillp5,
Isidor Drabble,907,0,1/24/2023,idrabblep6,4/28/2023,idrabblep6,
Mervin Aslum,908,0,8/14/2023,maslump7,5/30/2023,maslump7,
Jeniece Francello,909,0,1/20/2023,jfrancellop8,6/14/2023,jfrancellop8,
Catie Bartram,910,0,12/13/2022,cbartramp9,11/12/2022,cbartramp9,
Lindy Armal,911,0,11/6/2022,larmalpa,12/11/2022,larmalpa,
Lissie Esselen,912,0,5/27/2023,lesselenpb,1/22/2023,lesselenpb,
Gibby Randals,913,0,6/20/2023,grandalspc,2/18/2023,grandalspc,
Kitti Honacker,914,0,8/26/2023,khonackerpd,5/13/2023,khonackerpd,
Woodie MacGaughie,915,0,1/12/2023,wmacgaughiepe,7/30/2023,wmacgaughiepe,
Diann Pellamonuten,916,0,8/30/2023,dpellamonutenpf,7/11/2023,dpellamonutenpf,
Reece Schoenleiter,917,0,4/3/2023,rschoenleiterpg,9/13/2023,rschoenleiterpg,
Eldredge Botten,918,0,4/27/2023,ebottenph,3/1/2023,ebottenph,
Susanna Thoumasson,919,0,8/15/2023,sthoumassonpi,7/3/2023,sthoumassonpi,
Jeddy Tivnan,920,0,8/9/2023,jtivnanpj,2/12/2023,jtivnanpj,
Quillan Pimlett,921,0,10/2/2022,qpimlettpk,3/25/2023,qpimlettpk,
Dalton Kitchin,922,0,11/16/2022,dkitchinpl,1/18/2023,dkitchinpl,
Ade Kenewell,923,0,1/7/2023,akenewellpm,3/4/2023,akenewellpm,
Cherise Arboine,924,0,10/27/2022,carboinepn,7/12/2023,carboinepn,
Valdemar Hanmer,925,0,4/20/2023,vhanmerpo,12/28/2022,vhanmerpo,
Allard Bonney,926,0,2/28/2023,abonneypp,12/29/2022,abonneypp,
Tremaine Brunt,927,0,9/20/2023,tbruntpq,3/13/2023,tbruntpq,
Vanna McMenamy,928,0,8/6/2023,vmcmenamypr,3/21/2023,vmcmenamypr,
Angelita Rizzardo,929,0,7/28/2023,arizzardops,10/13/2022,arizzardops,
Nisse Driver,930,0,12/10/2022,ndriverpt,5/14/2023,ndriverpt,
Abbe Jehu,931,0,12/21/2022,ajehupu,10/8/2022,ajehupu,
Maddalena Gallager,932,0,8/20/2023,mgallagerpv,9/16/2023,mgallagerpv,
Venus Lattka,933,0,12/2/2022,vlattkapw,12/20/2022,vlattkapw,
Almeda Amberger,934,0,9/29/2023,aambergerpx,3/31/2023,aambergerpx,
Arley Ecob,935,0,6/30/2023,aecobpy,11/13/2022,aecobpy,
Stephie Sibborn,936,0,8/19/2023,ssibbornpz,8/29/2023,ssibbornpz,
Almeta Scargill,937,0,8/1/2023,ascargillq0,6/19/2023,ascargillq0,
Mohandis Yakolev,938,0,11/25/2022,myakolevq1,7/2/2023,myakolevq1,
Griffin Yellowley,939,0,3/14/2023,gyellowleyq2,8/15/2023,gyellowleyq2,
Elysia Kerss,940,0,3/23/2023,ekerssq3,5/24/2023,ekerssq3,
Damara Perigeaux,941,0,12/18/2022,dperigeauxq4,12/8/2022,dperigeauxq4,
Joel Happel,942,0,12/6/2022,jhappelq5,5/8/2023,jhappelq5,
Tobie Cranfield,943,0,6/19/2023,tcranfieldq6,4/15/2023,tcranfieldq6,
Enos Pembridge,944,0,5/25/2023,epembridgeq7,2/25/2023,epembridgeq7,
Stafford Cane,945,0,3/16/2023,scaneq8,6/13/2023,scaneq8,
Amabel O'Lagen,946,0,10/30/2022,aolagenq9,11/10/2022,aolagenq9,
Gilles Quinet,947,0,12/18/2022,gquinetqa,12/10/2022,gquinetqa,
Noami Edmand,948,0,8/18/2023,nedmandqb,3/5/2023,nedmandqb,
Hayden Struss,949,0,1/8/2023,hstrussqc,4/7/2023,hstrussqc,
Jere Newband,950,0,2/19/2023,jnewbandqd,5/20/2023,jnewbandqd,
Thorvald Garrick,951,0,5/8/2023,tgarrickqe,8/19/2023,tgarrickqe,
Stephie Roelofsen,952,0,3/12/2023,sroelofsenqf,12/10/2022,sroelofsenqf,
Fidelity Franzetti,953,0,5/31/2023,ffranzettiqg,9/6/2023,ffranzettiqg,
Dean De la Barre,954,0,10/20/2022,ddeqh,3/2/2023,ddeqh,
Irena Sherer,955,0,8/4/2023,ishererqi,7/29/2023,ishererqi,
Malinda Hutchcraft,956,0,11/9/2022,mhutchcraftqj,11/3/2022,mhutchcraftqj,
Sayre Blenkensop,957,0,4/5/2023,sblenkensopqk,11/25/2022,sblenkensopqk,
Yance Whelband,958,0,3/31/2023,ywhelbandql,9/7/2023,ywhelbandql,
Tiler Paule,959,0,12/26/2022,tpauleqm,1/22/2023,tpauleqm,
Clary Jordine,960,0,10/5/2022,cjordineqn,5/15/2023,cjordineqn,
Tammie Carlaw,961,0,8/6/2023,tcarlawqo,4/30/2023,tcarlawqo,
Micky Edgeson,962,0,12/26/2022,medgesonqp,11/18/2022,medgesonqp,
Alfreda Duckers,963,0,10/20/2022,aduckersqq,1/12/2023,aduckersqq,
Wadsworth Gibbens,964,0,5/14/2023,wgibbensqr,10/9/2022,wgibbensqr,
Rafaela Acarson,965,0,3/20/2023,racarsonqs,1/28/2023,racarsonqs,
Arline Pardoe,966,0,7/22/2023,apardoeqt,12/25/2022,apardoeqt,
Britni Schruur,967,0,8/19/2023,bschruurqu,3/1/2023,bschruurqu,
Rochester Binder,968,0,4/7/2023,rbinderqv,3/30/2023,rbinderqv,
Agnese Exrol,969,0,5/13/2023,aexrolqw,8/30/2023,aexrolqw,
Madlin McGraw,970,0,5/1/2023,mmcgrawqx,4/16/2023,mmcgrawqx,
Tadd McCarter,971,0,7/31/2023,tmccarterqy,1/14/2023,tmccarterqy,
Daffi McGrudder,972,0,9/21/2023,dmcgrudderqz,1/30/2023,dmcgrudderqz,
Sarita Everson,973,0,2/17/2023,seversonr0,10/7/2022,seversonr0,
Clemmie Maseyk,974,0,2/21/2023,cmaseykr1,9/15/2023,cmaseykr1,
Holly Siberry,975,0,4/15/2023,hsiberryr2,1/8/2023,hsiberryr2,
Niel Dengate,976,0,6/7/2023,ndengater3,11/12/2022,ndengater3,
Miran Wyndham,977,0,6/27/2023,mwyndhamr4,10/21/2022,mwyndhamr4,
Kin Cahn,978,0,10/21/2022,kcahnr5,5/1/2023,kcahnr5,
Rochette Loadman,979,0,7/8/2023,rloadmanr6,2/28/2023,rloadmanr6,
Melony Beers,980,0,5/7/2023,mbeersr7,10/18/2022,mbeersr7,
Rosella Rubinovici,981,0,5/12/2023,rrubinovicir8,7/27/2023,rrubinovicir8,
Mora Semiraz,982,0,1/28/2023,msemirazr9,10/23/2022,msemirazr9,
Stacy Cottle,983,0,10/3/2022,scottlera,1/29/2023,scottlera,
Rachelle Campsall,984,0,10/30/2022,rcampsallrb,12/27/2022,rcampsallrb,
Doralyn Tozer,985,0,10/6/2022,dtozerrc,11/18/2022,dtozerrc,
Frederico McCauley,986,0,2/28/2023,fmccauleyrd,12/4/2022,fmccauleyrd,
Gregory Manz,987,0,4/15/2023,gmanzre,5/16/2023,gmanzre,
Doy Seligson,988,0,1/7/2023,dseligsonrf,3/30/2023,dseligsonrf,
Brendis Crisford,989,0,7/26/2023,bcrisfordrg,7/31/2023,bcrisfordrg,
Lona Giggs,990,0,8/1/2023,lgiggsrh,2/12/2023,lgiggsrh,
Petra Carlet,991,0,10/30/2022,pcarletri,8/26/2023,pcarletri,
Emory Tape,992,0,11/23/2022,etaperj,10/10/2022,etaperj,
Carroll Sowley,993,0,5/14/2023,csowleyrk,8/8/2023,csowleyrk,
Reggie Tomlett,994,0,6/15/2023,rtomlettrl,10/3/2022,rtomlettrl,
Jami Gladdor,995,0,10/9/2022,jgladdorrm,11/8/2022,jgladdorrm,
Corena Pitblado,996,0,2/2/2023,cpitbladorn,7/25/2023,cpitbladorn,
Padget Pandya,997,0,10/15/2022,ppandyaro,3/8/2023,ppandyaro,
Crystie Dempsey,998,0,11/15/2022,cdempseyrp,11/15/2022,cdempseyrp,
Dolly Dawley,999,0,5/17/2023,ddawleyrq,12/27/2022,ddawleyrq,
Druci Relton,1000,0,3/25/2023,dreltonrr,12/18/2022,dreltonrr,
