userName,password,active,createDate,createdBy,lastUpdate,lastUpdateBy
mwhitehouse0,bL3/v#Uet43,1,10/26/2022,mtamsett0,3/2/2023,rklulik0
vvanweedenburg1,aK9>/sAb2!kJnM~F,1,7/16/2023,cikin1,5/27/2023,vrobben1
uwhiteson2,iB0+ngBx_HXlg,1,6/28/2023,ainchley2,7/2/2023,rmccrackan2
dscay3,lU6=p<amLk,1,10/26/2022,aabrahami3,11/8/2022,smckibbin3
jwalles4,uE0\XfgY\(<kE6H\,1,8/8/2023,nnesby4,8/1/2023,jtanser4
isucre5,gC6`nfywrUEY'ZS/,1,2/19/2023,aolive5,5/13/2023,mgorry5
naddess6,lN6\tfnT{+Y,1,3/10/2023,kwinkett6,5/23/2023,palessandretti6
rceaser7,aS5.i<>>,1,6/8/2023,dgaule7,9/28/2023,jmeaney7
cduckit8,"yI1!""7g{mMP9K3*",1,3/18/2023,jmcclymond8,2/7/2023,cfulloway8
kcuthbertson9,"oW5#@(SaYpi,tv'e",1,7/30/2023,chalegarth9,8/9/2023,qloraine9
lmercera,cR1'NV!v%pr,1,7/10/2023,kbraisbya,10/16/2022,cangella
fsepeyb,tF9.rDw#a@8,1,4/9/2023,kbernardeaub,4/18/2023,mvittorib
sroskillyc,xL9|q#bd?>6,1,2/14/2023,nphayrec,12/25/2022,gsentenc
aakettd,yH6<tA$/&d,1,5/24/2023,csnufflebottomd,8/28/2023,asangwined
kcaugheye,"dT4.n,#<()",1,4/9/2023,tbranchete,2/23/2023,acandeline
pwhaphamf,"iI5&q""BiiPT",1,7/22/2023,ojaffraf,4/3/2023,jveref
lliddicoatg,"iA3,jP{Z\",1,11/8/2022,jledstoneg,2/17/2023,bflellog
ccobboldh,aP4/Z.*_82KQ4,1,12/12/2022,edayshh,5/18/2023,avanichkinh
ayteri,cS9@dTta51EI=N`s,1,2/1/2023,wdowyeri,5/13/2023,espellardi
cazemaj,bZ6$.G#|nPaR>s4f,1,12/25/2022,cdacresj,6/10/2023,dmunnsj
aplayerk,pX3!nMTk`_HQbmZ7,1,5/24/2023,dmorrillyk,12/30/2022,sdondonk
amccarryl,pT4/1'3nGh#,1,4/14/2023,rourryl,10/25/2022,apelel
sconeaum,gQ5_Kc+cgR(E*F,1,11/19/2022,aflowerm,3/29/2023,dportugalm
fblinmann,bG0$!d#12asGXY,1,11/12/2022,rcalwelln,10/3/2022,dpaolillon
nashingdeno,qN3>j94C,1,7/26/2023,yreamano,4/8/2023,mpearceyo
hflugerp,"zC9,JW7YSL6<zfk",1,11/4/2022,cbarnhillp,7/1/2023,mjeanninp
elinsleyq,gJ4#YUPd19$C,1,6/26/2023,crhucroftq,11/7/2022,dblancheq
bschwanderr,uB1'v7a$Ox3{ri,1,11/20/2022,bheinschker,7/3/2023,rjeayesr
cmcleans,yJ7)~Yd~',1,8/9/2023,ohaynes,6/16/2023,ebanes
tglossopt,xM3<f(LEVX+PN,1,11/24/2022,ledsont,9/19/2023,rcorradengot
lprallu,vL5>SNUpfv,1,3/27/2023,rpresseru,10/14/2022,cmaltsteru
plightbownev,xT5+<u@4lN,1,2/28/2023,grosendahlv,11/7/2022,vbettev
moakenfullw,nE2|~@*m9**~0,1,4/12/2023,lcornessw,9/17/2023,credwinw
gfryersx,oO5<OiJynT.%GWrI,1,9/23/2023,nailmerx,12/18/2022,vfooterx
elarrady,"zI1.I>aH""",1,1/21/2023,eshawyery,3/28/2023,abowersy
lkarpfenz,fD2_B~b&<\C\Q/M8,1,7/4/2023,dlarcherz,11/23/2022,bzecchiiz
jkener10,gL3|Ky?d_<O,1,2/27/2023,mduxbarry10,12/5/2022,awetherhead10
cgrennan11,wN6?'`t~l`2/W=1E,1,11/18/2022,gstoyles11,7/3/2023,sselbach11
lbadcock12,hZ7_U4ia,1,2/17/2023,agimson12,2/12/2023,amingey12
lperkin13,"iS4',4Z5~+",1,7/10/2023,emackain13,12/3/2022,mguild13
ahazard14,"rF9}q""lc}aN""ac9.",1,8/8/2023,cshawcross14,8/22/2023,tmcnae14
zbonehill15,nA1=Cn@1=u>As+h',1,10/26/2022,jprendergrast15,4/11/2023,tbeaten15
tgiannasi16,"uY1""Fo&jx7",1,3/8/2023,aatto16,7/20/2023,cbutfield16
igiron17,vC0\=.TZsA(4D,1,6/10/2023,fschaumann17,8/28/2023,dleyes17
rpaulucci18,"yC1=q\m{s}""*",1,12/31/2022,rlebrum18,10/24/2022,fsalaman18
noconnell19,gH8!2mCxK,1,8/22/2023,ghatterslay19,6/30/2023,tdacosta19
hgrocutt1a,yM6|Yge/,1,11/5/2022,rwaberer1a,4/15/2023,amauditt1a
blowdiane1b,"sK6""D`jQ0hU%V}",1,4/20/2023,akilfoyle1b,10/21/2022,ngrierson1b
kwogdon1c,"rX1""4,>qJ|Y",1,5/26/2023,hkermon1c,5/21/2023,ohinchcliffe1c
agoodlad1d,cF3&F>*\?w,1,11/19/2022,selderkin1d,12/15/2022,wverdey1d
dmccreadie1e,"wC0,E!@_~R7jrIzI",1,6/20/2023,tjoder1e,11/27/2022,fvalenssmith1e
gbignal1f,nV5<`|h#lvsDD,1,3/2/2023,tioselevich1f,3/16/2023,fsucre1f
sloudian1g,pZ9}+DySqo,1,5/11/2023,rgrimsdike1g,12/12/2022,jgarford1g
snavarre1h,cJ0=hOT|@O,1,4/7/2023,bdany1h,11/29/2022,bdeguise1h
tscholl1i,"pX4<OFa#nm6,U%",1,8/29/2023,bturtle1i,7/22/2023,emarchington1i
joshields1j,"mI3,1!K1dpQKP4J",1,12/20/2022,slockett1j,4/15/2023,kcator1j
hmariotte1k,jY8=ixqi~X{?cI,1,10/18/2022,dglidder1k,12/18/2022,hreddecliffe1k
lcortes1l,cG5#v*oTGnL,1,6/16/2023,cmarkushkin1l,2/10/2023,ctremain1l
carent1m,cK2%ij%X/t_z,1,12/29/2022,ldesmond1m,5/12/2023,jshinner1m
hrodenborch1n,"zD3+G""i_,",1,11/18/2022,sitzhak1n,4/12/2023,cgronowe1n
rstanislaw1o,tH9+_P18$<4bU27~,1,6/26/2023,bburleton1o,4/12/2023,lmcelrea1o
lcoverdale1p,"gI8@gJ,Ue{e9}",1,3/29/2023,mmcdade1p,11/21/2022,jmulqueen1p
rhaversum1q,vU4.|pd9i'vRg2g,1,5/20/2023,mmates1q,5/3/2023,cnovotni1q
tstieger1r,gR4}r0MVPgsC,1,12/10/2022,dlindner1r,5/31/2023,cbarnardo1r
ppinnington1s,fT8?U(A*Zt?,1,1/7/2023,sstow1s,12/27/2022,dgalletley1s
wscripture1t,jD2%wW&4_U*kL,1,8/2/2023,igraben1t,12/9/2022,dgilffilland1t
ttapson1u,gX8/9AXu*,1,9/6/2023,dbaron1u,3/14/2023,dballeine1u
lmitchelmore1v,eT5~fON$3gM{?#r,1,5/21/2023,bmclese1v,6/7/2023,tklinck1v
bhallbord1w,lH0>9W4k*F$s90e,1,10/9/2022,rdrewry1w,12/3/2022,tstirland1w
tstillman1x,"wM8`RNN""pc$Q",1,2/20/2023,pmassingham1x,6/10/2023,wlempertz1x
sjirick1y,fZ1}<d{p7G,1,12/20/2022,hmaslen1y,6/30/2023,cpickavant1y
rprue1z,mG1><W1+b0c`3M?*,1,8/13/2023,vbadman1z,5/6/2023,dgockeler1z
dyielding20,eW4+UYoP9,1,7/25/2023,lcafferky20,11/11/2022,asquibbes20
lpladen21,mP8.RDzN{,1,1/30/2023,rstivers21,11/28/2022,dfauning21
mdrissell22,"rN3(WLt""k{JTg",1,10/24/2022,spanchen22,3/23/2023,lthome22
jborgne23,"uD8,qIgoi",1,12/16/2022,snana23,8/13/2023,cdalliston23
ocroneen24,tQ0~Q`wI&JuY#<,1,10/12/2022,dmenelaws24,9/13/2023,nkalkhoven24
cibotson25,yQ0%a2FSULFz,1,9/7/2023,aevesque25,2/23/2023,jdowry25
ftabord26,"fV4&,CMT5*W",1,3/13/2023,jhoys26,4/14/2023,bwellbank26
snelligan27,qJ3}|O+f/j8,1,10/31/2022,mdumphreys27,2/17/2023,jwhacket27
hdwelley28,yA7<#Y8sma5v8,1,12/26/2022,hwhyte28,5/4/2023,tscutchings28
hwittering29,fQ9.FGQMyOy%A?D<,1,7/27/2023,llias29,10/16/2022,mlantuff29
gspurier2a,"rR9'""eNM",1,1/28/2023,vgrichukhanov2a,6/30/2023,dganforth2a
escrowston2b,cF2*zRW35KqAnv_,1,12/21/2022,bbertouloume2b,7/29/2023,bcarlesi2b
vcowitz2c,zR4>%e!e$@K0X,1,3/11/2023,lvasyukov2c,11/17/2022,ptillard2c
apollok2d,"nD9=,@k_",1,4/13/2023,ssnelman2d,10/9/2022,gcritchell2d
jyacobsohn2e,vX1!kPi#xg,1,6/3/2023,rhuthart2e,2/8/2023,kbulger2e
bduell2f,pS8!U.Vr=cw8s?,1,12/14/2022,tkytley2f,6/6/2023,fdozdill2f
mpiscopo2g,"dW5""d<%T(4&|q",1,3/24/2023,wvedenyakin2g,2/23/2023,rditts2g
pwhatham2h,oQ4?kq~/U,1,7/11/2023,aoliffe2h,10/31/2022,jpetrakov2h
tcornock2i,hB1*'PA/8LXQ,1,9/29/2023,dtebald2i,11/6/2022,wbleaden2i
ljonas2j,cR2%CjB$,1,2/25/2023,covendon2j,8/28/2023,lpoluzzi2j
cgarth2k,"vG1#)Vjj,kd=",1,1/23/2023,afery2k,4/15/2023,dscafe2k
gpickerill2l,"sR3,aTCNTMW\cVD",1,2/22/2023,fdowd2l,1/31/2023,ameardon2l
cspinage2m,"wW1,E{(N",1,10/21/2022,sdechastelain2m,7/6/2023,hhaton2m
jsefton2n,hW0{'lvB,1,9/3/2023,dgilbanks2n,11/10/2022,hsweeten2n
mparadis2o,"sV9&s={""`",1,12/27/2022,acassey2o,5/21/2023,hstefi2o
nthorndycraft2p,aB0+h!zqJ4RY.,1,9/14/2023,cmcphillips2p,8/24/2023,vbolesma2p
nlethem2q,lO7_u@3Hh,1,8/14/2023,jmullins2q,12/21/2022,lseckom2q
hcamps2r,"eF9'I0x""2r(q",1,3/21/2023,psanham2r,5/13/2023,sswetenham2r
elehr2s,cW2`?8HQkH,1,6/18/2023,lsnasdell2s,7/30/2023,mlorent2s
blangabeer2t,aL1<+gDh66{3,1,9/2/2023,hpappin2t,4/30/2023,nadie2t
emacchaell2u,yO9.D6Hz,1,4/23/2023,tchoudhury2u,10/11/2022,edossantos2u
pdavenhill2v,iB4>@z}0Hn.2XXc2,1,12/10/2022,awinkell2v,1/14/2023,tlabb2v
rnissle2w,kF7.zlr{T|qF=v,1,6/4/2023,bpounds2w,5/1/2023,twythill2w
bpawelczyk2x,xI7(qU{vOrV(,1,10/20/2022,hsigsworth2x,3/17/2023,ccrisall2x
jahlin2y,oP7!_?sxA>oW,1,12/23/2022,dantonelli2y,3/12/2023,atrahearn2y
jpaszak2z,tA0&XMR{di!ki,1,4/11/2023,tdaines2z,5/14/2023,sbrearley2z
grubinivitz30,hU6{OKP8NNYC}{p,1,7/31/2023,amonketon30,9/24/2023,jlown30
nwharton31,tG7%lO8R.&b/`,1,2/9/2023,mpitbladdo31,2/16/2023,acalderbank31
jrosenwald32,tT5/vS@?,1,4/16/2023,nvakhrushin32,8/20/2023,cmyatt32
jcolebrook33,cS9?g_1K.H,1,11/27/2022,hfihelly33,10/4/2022,wmingame33
esemken34,nJ0~+~v~h',1,11/19/2022,apacher34,2/11/2023,mramelet34
lbeddow35,bO6+~TRCo,1,2/16/2023,wstokell35,8/3/2023,hcamlin35
priggey36,vU7$p/E3Oo+<,1,2/7/2023,akochel36,4/7/2023,ogrimsdith36
rarrigucci37,vI2{2egw}o,1,7/30/2023,kmckim37,7/13/2023,mambrosoni37
lmelwall38,"iJ6~p,#raI/yMqH",1,2/11/2023,gpinckard38,5/2/2023,vmeasures38
sgadesby39,rK5#+dI72<Gj,1,10/22/2022,slindner39,10/23/2022,dradenhurst39
rdanilovitch3a,"yV2,/JKFQf\",1,7/27/2023,dsmallshaw3a,8/4/2023,ipattisson3a
nwhanstall3b,"gZ4.31dc,mw",1,12/16/2022,afilshin3b,1/12/2023,mpreist3b
oburdikin3c,"rV1~>)OHq""@Ax",1,1/31/2023,tbradshaw3c,5/18/2023,fbewlay3c
ssinncock3d,iJ6!q&erT,1,4/14/2023,gnono3d,8/13/2023,mthreadgill3d
tbramham3e,"kD2~B|oG2,N1RtOT",1,7/14/2023,tdulany3e,12/26/2022,rrandall3e
fmalloy3f,"yW6*kz&,NTj",1,1/1/2023,rreyes3f,11/28/2022,dgrason3f
rmacian3g,"eC9@nK3(,Rmr}xh",1,6/23/2023,kalderwick3g,9/7/2023,lredhead3g
mwhiteland3h,mJ9&2D<At,1,11/8/2022,imillichip3h,7/18/2023,gdebell3h
gabisetti3i,"rM5)t""6p",1,6/22/2023,bskelhorn3i,3/2/2023,mstarling3i
sjennrich3j,nP4`+)xeqVP{/w,1,5/22/2023,ajozsef3j,6/21/2023,lrobjant3j
eforker3k,"nC5,VJy*OTxsA",1,1/30/2023,bduckit3k,11/15/2022,hgrindell3k
bpeche3l,"hO1?J'%yZO,T~{zg",1,5/1/2023,lgemlbett3l,1/10/2023,loshiels3l
eloudian3m,bN6_=XW#/1>,1,6/29/2023,rhedling3m,7/15/2023,kdoggart3m
etamplin3n,cT0?D\I|<6mVU,1,2/15/2023,lmcdermottrow3n,11/8/2022,rfardy3n
tsimco3o,mG0#SMbl=0_1d,1,10/27/2022,gchazelle3o,7/7/2023,abolesma3o
kcombes3p,kW8~3`6>p%Lhs3q,1,5/30/2023,deighteen3p,7/21/2023,rglencros3p
ldansie3q,nP8`$xM}\RVq,1,10/6/2022,esainteau3q,3/11/2023,wfilip3q
kuphill3r,"tE7,v/|sR\78v!",1,8/9/2023,vstutter3r,12/17/2022,mmeadows3r
twrigley3s,"xC9,z538",1,3/7/2023,evallerine3s,5/4/2023,btwinbrow3s
tlieber3t,"cE5>?h#mR,L",1,3/23/2023,alyptratt3t,1/27/2023,fperri3t
efrankis3u,lW8\{K9@)Uo(Q,1,8/12/2023,elonsbrough3u,12/8/2022,rlagden3u
msea3v,wB0\swNA,1,4/26/2023,lmcghee3v,11/24/2022,cpiscopiello3v
eacosta3w,fQ3!*?cSgX,1,10/26/2022,twarrior3w,3/12/2023,cwathen3w
lhuston3x,cL8/{m)~tCTh37G,1,5/1/2023,pmckew3x,4/2/2023,mhalson3x
sgisburne3y,tE0=16wDj6h=,1,10/4/2022,lbarnhill3y,8/18/2023,pferrarini3y
fbaroch3z,jH2~N<cXt!pq_=,1,2/17/2023,dredmore3z,8/23/2023,dlawrence3z
rboyn40,gY1$rTeGS<Sl,1,10/15/2022,rbernt40,7/26/2023,jgreiswood40
wharce41,hT5)_89Y>E}A3k,1,7/13/2023,tgiovannelli41,9/24/2023,skedslie41
mcrebbin42,bY4>JM2k,1,11/23/2022,sferries42,12/28/2022,mfedder42
bcanner43,yU4|HP2ep,1,10/20/2022,spetofi43,6/19/2023,cverheijden43
wdole44,"rC8.&""&,t{c",1,1/12/2023,adaintith44,9/4/2023,ssnodin44
wcudbertson45,"jF4!{w$,qiIQ""a",1,11/11/2022,asegoe45,5/2/2023,pgarwell45
lratnage46,oJ1$rf)_|8jy,1,5/1/2023,bmassie46,8/14/2023,ppaddell46
fmichelle47,xB3/@C_86N!,1,5/9/2023,afreddi47,4/21/2023,lgatlin47
psimonato48,dD5{q?PuM,1,9/22/2023,kmably48,2/25/2023,kber48
jgarrique49,dH1|eTXO&q'',1,3/5/2023,bhubane49,8/6/2023,gblabey49
knottle4a,yN5\s{cB9b_n,1,12/4/2022,jarnaez4a,1/23/2023,rsevior4a
afazakerley4b,mG4'.2Gd&7_c{q5,1,4/17/2023,mtowhey4b,6/18/2023,gcelloni4b
sgoodayle4c,rJ5'6KNz|`YW1a,1,6/4/2023,sjoint4c,1/14/2023,brobeiro4c
sjewer4d,rD3~DT*Y,1,4/28/2023,obeaze4d,12/26/2022,jashtonhurst4d
dpentland4e,iO5)FAd%j.aHB,1,6/26/2023,hcrissil4e,6/1/2023,amolines4e
cstooke4f,uG8&P2DL=z)t,1,5/31/2023,tsizland4f,10/11/2022,aflamank4f
kwesley4g,"bN1|Obj""lv",1,1/11/2023,apotts4g,12/19/2022,eremon4g
pgourlay4h,"sB1<~aUMb,G'Yv",1,9/21/2023,fcallam4h,9/22/2023,wrawet4h
dvaud4i,"pK9?$wg0""i",1,9/27/2023,sgude4i,3/5/2023,kcluff4i
asimmon4j,oO8*6`({4,1,11/3/2022,dbaline4j,2/10/2023,acoleshill4j
vfetterplace4k,vZ5!'MNYz%o,1,7/24/2023,strye4k,10/29/2022,tjeanon4k
knichol4l,cD1?vBjT,1,10/26/2022,plimpertz4l,3/30/2023,lbeaman4l
racey4m,jM9%1)oJ,1,3/29/2023,acamps4m,2/14/2023,mmatyushenko4m
eodyvoie4n,"yS3""jhZar",1,8/11/2023,ipovele4n,9/6/2023,snineham4n
llanaway4o,dB8|SrIONV,1,3/3/2023,atran4o,4/22/2023,ddumpleton4o
fcrowche4p,"oX2+=D""|nPe@PV",1,7/7/2023,elaidlow4p,11/30/2022,drabbitts4p
sdudbridge4q,"sT5+STR""(bSC",1,6/22/2023,agold4q,6/7/2023,tizod4q
lflatley4r,"vA4""X*+BIG",1,7/3/2023,aanney4r,1/2/2023,ncastro4r
bcorps4s,nE3!K(8W,1,1/14/2023,iolpin4s,4/26/2023,eglanister4s
tgallo4t,wN7{iCuq)Rj,1,10/28/2022,slowensohn4t,3/5/2023,fbudnik4t
lstlouis4u,iO3<c*}`L%U*+&6&,1,4/16/2023,oscogings4u,11/25/2022,ktregoning4u
clince4v,wY2+dt|sck#nev,1,2/21/2023,afero4v,7/1/2023,wgiannasi4v
kchanders4w,cH5<`RyD,1,3/26/2023,mbawme4w,3/17/2023,temmott4w
agoodrick4x,"uK4!G$8EqsyOH~,\",1,6/2/2023,enoriega4x,5/28/2023,nreiling4x
pugoni4y,uK5|/W3<Rk|1s3Kq,1,5/25/2023,bboulde4y,2/24/2023,sredgewell4y
cmahaffey4z,fF5/dpNYsil~uhz,1,2/10/2023,seliyahu4z,9/27/2023,rbautiste4z
blydall50,rE0${7W0n.g8)k_A,1,9/1/2023,kbeels50,12/14/2022,agreenslade50
cgoullee51,vX9%Bs}o,1,6/9/2023,tbarmby51,8/1/2023,dkenington51
lharriott52,kI1$GDY#,1,8/26/2023,kcolyer52,11/21/2022,hcrimpe52
alanglais53,jV0!RLl@J/21&PEp,1,8/16/2023,lblakden53,6/26/2023,trunchman53
agoggin54,rZ2'Pzy'9/{uJ.kb,1,11/17/2022,nwesley54,2/22/2023,mbeevors54
msaywell55,"cO3_""DYG>F@d",1,10/26/2022,nhuddlestone55,8/19/2023,taleksashin55
bcaplen56,vQ6=C(c2(XCn,1,4/8/2023,drothery56,3/31/2023,igonzalvo56
cchallin57,qC0{<EVE',1,1/20/2023,cnisco57,4/14/2023,mpourveer57
kshadrach58,aZ5&{Hcj+/ka,1,2/5/2023,dgoldring58,9/8/2023,gmattack58
cbeames59,"lO3+=D0""",1,2/2/2023,gelcoux59,5/13/2023,drodgerson59
jharm5a,hN1?FcHmwtWPi$,1,7/11/2023,asmeuin5a,12/27/2022,smacmaster5a
elambe5b,pQ6~S2(sI|k&ngq,1,7/17/2023,rjuzek5b,12/28/2022,nbrisard5b
sshoemark5c,hE7{#5*Lx/r9/Y\?,1,2/2/2023,mlatan5c,4/11/2023,goldridge5c
sjob5d,rR0<1(')WdH0=A,1,7/25/2023,carnaudon5d,11/14/2022,mconichie5d
gaudenis5e,pS3/6G>|?5o@JMT,1,10/18/2022,mveness5e,1/16/2023,bkoenraad5e
bdrummer5f,"yI0|Fi~""={",1,1/2/2023,djerrolt5f,7/8/2023,wamoss5f
jfransson5g,wZ7!)QBK~?<j,1,2/13/2023,vandriulis5g,8/31/2023,isaladine5g
bstubbins5h,bM2*6<=),1,9/10/2023,ldebell5h,8/5/2023,vbullers5h
hwombwell5i,gL1@VwB9|m,1,6/1/2023,wkolak5i,7/10/2023,tcalvie5i
swiltshier5j,bW5?9@SksIb,1,9/28/2023,frayson5j,3/6/2023,rkeningley5j
dpotticary5k,"nH1>,.)@M",1,9/7/2023,gjervoise5k,3/4/2023,efrenzel5k
cklisch5l,uE4_X1Db>,1,11/4/2022,glongfellow5l,1/25/2023,uscholar5l
fcarslake5m,mM5/rr|A@@\,1,5/17/2023,gstamp5m,4/6/2023,cyarr5m
dgiacomello5n,rW5/Q%K=?,1,6/7/2023,grutherford5n,3/13/2023,cattenborough5n
bchallens5o,eD0?18i4|NmWL_eG,1,1/17/2023,erutty5o,3/10/2023,abrafferton5o
bcescot5p,"pG1,Nd'ZW#N?",1,1/29/2023,bhouldcroft5p,3/30/2023,kjanos5p
lsteuhlmeyer5q,aW2@6CK1Lg2,1,3/7/2023,kdrinkhall5q,2/6/2023,scoverly5q
dpulteneye5r,oO0'DByU=~,1,11/4/2022,plampart5r,1/19/2023,rcomizzoli5r
evittet5s,cP6#dss#gee,1,5/24/2023,cdobrowski5s,3/13/2023,dvallance5s
mstuddeard5t,"oF6""Hu`z44",1,8/29/2023,fcrepel5t,11/16/2022,tmaccole5t
tgabbatt5u,lT9)+C6~g'+d!,1,9/26/2023,jkas5u,11/27/2022,tkew5u
mlacaze5v,wU6%+5f(,1,9/23/2023,lpane5v,8/2/2023,tbelch5v
mfrancklin5w,"cI0(""LMrwEoL,u?4",1,2/21/2023,jchopping5w,6/11/2023,mbaiyle5w
abusch5x,jU5+E\RalTpUW',1,6/29/2023,tivoshin5x,7/26/2023,sguidelli5x
cwrench5y,hN8_Ac.Xj/!,1,7/18/2023,sdarrigone5y,3/29/2023,bgrishukov5y
gdillingston5z,xM3`EF*v+%1h,1,1/23/2023,ewinsborrow5z,4/14/2023,aplewright5z
pharesnaip60,xL4!m<`ki6,1,8/26/2023,cteanby60,9/20/2023,mtheml60
lsimco61,"wS7""=7O)|",1,3/20/2023,jcuttler61,10/2/2022,ldiruggiero61
lgotmann62,wR1.}gq~L'UX*/J,1,3/30/2023,nswane62,3/30/2023,abickerstaffe62
aprecious63,oV4\&_BR=*W!8@3,1,2/22/2023,miacovini63,6/24/2023,bstredder63
rbrandhardy64,wT7+aU#w<@5v,1,7/8/2023,pclashe64,12/7/2022,afalkus64
bchristou65,wK4_O@&QHAN_,1,6/18/2023,smillan65,11/24/2022,ghoyer65
ldaulton66,"wL1.#Nv,u+SzxXX",1,6/4/2023,ngaffer66,1/30/2023,mcastagne66
bmcgrath67,tN8+$@ZQMk_W@~,1,6/1/2023,labell67,6/18/2023,jgirsch67
rgarforth68,"aV3~Z5DOj3,sm",1,5/18/2023,rbattill68,5/19/2023,ddurno68
caird69,bS5<Ij3zm!W'D,1,7/27/2023,fsheehan69,10/30/2022,rdougal69
xbuxcy6a,lJ0?xZ5ewSlM,1,10/11/2022,bgilling6a,5/9/2023,ocairns6a
ghanning6b,tQ6_a*~gyicZ9/7<,1,8/21/2023,fdallas6b,4/23/2023,aniblock6b
mkenner6c,xC8?GO0\v,1,12/20/2022,cbeyne6c,4/16/2023,bbranwhite6c
lmunkley6d,xG1|drA#<>wP}p,1,4/17/2023,llatore6d,2/20/2023,jwilshire6d
rambrodi6e,"tK4/awM),",1,3/15/2023,ymarcos6e,3/4/2023,nfigge6e
rmoreing6f,dC1_\0<Q1,1,2/8/2023,rvergine6f,11/18/2022,mwebben6f
bbuckie6g,qM0\fH.{9Uv,1,1/30/2023,amcshirrie6g,9/22/2023,pmcauley6g
gbrixey6h,"uC0,X?sUIbRf",1,10/21/2022,rshama6h,1/13/2023,keaster6h
kcrutch6i,lR2|D6<kZ\/x,1,3/11/2023,fjacob6i,5/12/2023,ggreves6i
gstuckley6j,yI6|x)Ny,1,3/2/2023,tsoutherell6j,7/30/2023,lpoizer6j
jkyte6k,"dG9""u2n=,@5",1,12/7/2022,fheckner6k,4/7/2023,cyakunin6k
bpabelik6l,eC8.E)R9#oL6efnc,1,10/9/2022,ttipens6l,1/2/2023,iknotte6l
krubinek6m,"cO4+5D(`+|Zq0T~""",1,9/24/2023,cbernardino6m,1/26/2023,ganstee6m
crooze6n,zJ0`Ci&%rAd,1,2/15/2023,mduckett6n,12/19/2022,dlewsy6n
mguyon6o,uX0=l/#Hh<Wx0,1,7/25/2023,mgiampietro6o,8/5/2023,swing6o
fwhitmarsh6p,"sQ0""Ukx)wQa4}U",1,6/10/2023,aluther6p,4/15/2023,mlightning6p
uhuckerbe6q,"mK5!MR""mC+OB1+",1,10/23/2022,esabben6q,12/4/2022,mduhamel6q
cmcgairl6r,"jQ3,,(X#",1,11/16/2022,fweber6r,1/23/2023,flancaster6r
rverdy6s,cK7(1lgD|G,1,1/6/2023,astorey6s,8/26/2023,ggommes6s
nmeese6t,"xM3""pwX#,g?wD",1,9/27/2023,mannakin6t,7/12/2023,ddeguise6t
tpudden6u,gK6*YOBp2H,1,1/2/2023,lzanardii6u,12/9/2022,glownsbrough6u
rcheeney6v,"jT8~o6F{zS,",1,11/1/2022,wriccardi6v,4/6/2023,sdash6v
syannikov6w,iH0~GD2#Or|8T%\,1,6/19/2023,znehls6w,10/18/2022,hballendine6w
cmatterface6x,gU5@|IORsWfqi,1,3/20/2023,mackrill6x,12/22/2022,bsacase6x
cdomenichini6y,cG1|hi#\GSlV,1,6/3/2023,nrealff6y,4/6/2023,afaldoe6y
bmitchenson6z,eE1`0aLotH%C,1,6/6/2023,odewinton6z,6/28/2023,cavrahamy6z
pgreber70,gY3+3t9DlW(?,1,8/21/2023,tosharry70,9/8/2023,lolland70
dpryer71,"jE4}=0GEB`!,5NHB",1,4/7/2023,dcastelain71,6/22/2023,tselborne71
zblundell72,"kO6~WIY,u.L",1,10/1/2023,blafee72,11/26/2022,aheritege72
mwhyffen73,fY0(EwT/h7V,1,7/9/2023,cquincey73,11/8/2022,mary73
cbiford74,yC9|8|TrrD>2jt9,1,2/24/2023,cfarrer74,5/6/2023,lmuddle74
rbuchanan75,vJ1?62lZ,1,3/16/2023,dgorring75,1/25/2023,mgalley75
opendleberry76,bH3}V&ZN,1,6/27/2023,nvignaux76,4/1/2023,rbortolotti76
bstooke77,aW9#YLP&rqz4}|Lg,1,6/6/2023,tchamp77,9/1/2023,adive77
cwhittlesee78,aO5|i'w/U},1,4/15/2023,sglencros78,12/10/2022,ctookey78
erotter79,"iL5,_7|CVypO,Ogv",1,12/5/2022,aworks79,6/6/2023,nglasspoole79
hcarman7a,gW9$8=d~D+)TJ,1,9/16/2023,tcarvell7a,2/15/2023,ckitt7a
jmcmurtyr7b,pS2)upR93lEN,1,6/18/2023,edeavin7b,12/4/2022,adyneley7b
fmichiel7c,iR1.m7%1%mgNAO5,1,3/26/2023,kingliss7c,9/3/2023,scassel7c
kloggie7d,"fH9$pI*jaR!~""Ww",1,2/16/2023,wdeniso7d,4/20/2023,jmedland7d
npeerless7e,fA5~+l%4n.H02E,1,1/12/2023,hvinall7e,7/28/2023,csoldi7e
jwann7f,"qT3~!Tym@0H,GZGq",1,5/27/2023,bstuttman7f,6/30/2023,ekindle7f
ttarburn7g,cL0*ENVB,1,2/22/2023,ogrimsdale7g,6/24/2023,tlumsdall7g
mfawley7h,yU7=2DH~os,1,7/9/2023,jfurlonge7h,7/19/2023,amanwell7h
ksavaage7i,nI0/kmL`Cx5QB1m,1,3/8/2023,ngovett7i,2/25/2023,fdufore7i
msharvell7j,"eQ1,f1C4q%",1,6/22/2023,mmirando7j,7/20/2023,yfishleigh7j
dsilkston7k,"iP5''/d""d5/yeGSe",1,2/6/2023,vbrewett7k,4/9/2023,lmilner7k
npetrushka7l,iE4#My'l{fn,1,8/22/2023,bhuntington7l,1/15/2023,dwormstone7l
jduplan7m,dN1@CBj!M+c',1,11/2/2022,gskull7m,10/22/2022,rcurmi7m
arottcher7n,"hR1""VZf1",1,7/31/2023,rmccomb7n,6/9/2023,jwanell7n
ltuffs7o,"aU9.hlbaGp,$",1,4/23/2023,mchoat7o,7/14/2023,aoxx7o
cstuddeard7p,iX9&0lpi,1,11/18/2022,lklimentyev7p,4/20/2023,kjulyan7p
egarlett7q,yZ1(*~Lmin.os,1,11/8/2022,lwiddison7q,4/1/2023,mwankel7q
blabatie7r,iT5?Ezc7u!,1,10/7/2022,dmeasen7r,10/19/2022,mkuhnwald7r
arichard7s,lB2.t6bK{h,1,11/28/2022,crobertet7s,3/3/2023,rwilletts7s
bshout7t,"gN0,IY\#wB""",1,6/2/2023,rlittrik7t,1/9/2023,mcossem7t
mstyles7u,eM1}.2JB\?c,1,8/18/2023,wduckett7u,8/15/2023,edarrach7u
barnopp7v,uI8/&XSx,1,2/23/2023,sjoyner7v,3/31/2023,stompkiss7v
ddjokic7w,qJ7@\5Q5&gD,1,11/22/2022,jsalvati7w,10/12/2022,ftothe7w
bcunniffe7x,tE7<r.Ci,1,12/4/2022,csalmond7x,6/9/2023,tdrohane7x
kduffell7y,pG2+<Z<cWnz`7\@H,1,8/22/2023,lwitcher7y,2/25/2023,lmcevay7y
drosellini7z,lY7>kA?(j),1,3/29/2023,lbredes7z,9/30/2023,rwloch7z
qjeandon80,uA5?UiIn_LY(@,1,5/29/2023,ljerdein80,9/24/2023,mbrodhead80
ataber81,lV0'*l0x,1,1/20/2023,tockenden81,6/16/2023,uwyre81
qkaubisch82,"eL2*k%87@,k",1,12/16/2022,ccurteis82,2/24/2023,hcansdale82
jtibbs83,fO8/9e)|ugsH,1,2/27/2023,gmccarthy83,10/27/2022,lpearcy83
mcorteis84,pQ9~p|DLg5HYs,1,3/22/2023,ttasseler84,4/27/2023,ybooler84
ctaylorson85,oW5>1Q`7,1,3/24/2023,cgolde85,2/24/2023,dwaiting85
oglanton86,eL2>r#OhoV+GdDC,1,10/7/2022,sscrauniage86,4/17/2023,balanbrooke86
bchamberlain87,mQ8&'1n8vTC>(qU,1,6/1/2023,ablount87,2/24/2023,solyfant87
csonley88,kH2|t23k5#/g,1,3/17/2023,aheinz88,4/21/2023,dbirrell88
atace89,xJ5+A=s`,1,5/22/2023,mlambrick89,12/25/2022,acrotch89
wandriuzzi8a,xN4(8icr26\,1,3/29/2023,fbenneton8a,3/4/2023,rsalman8a
gpeaseman8b,rM8%btslUl(kN,1,7/1/2023,lmirando8b,4/1/2023,ghabgood8b
bbelcham8c,fS7$gKz/8s4O+,1,8/6/2023,rlancastle8c,9/20/2023,vschoales8c
cmarquand8d,fN5+LK6/@t=9t.I,1,11/10/2022,dstych8d,5/26/2023,skliesl8d
jenden8e,dA9*Twse.n,1,2/27/2023,tvowles8e,7/29/2023,ahardistry8e
gfairhead8f,kT2?9k)wlx,1,9/23/2023,njeeves8f,6/11/2023,lwroe8f
ckleinplac8g,mP7}jF`IIE,1,12/29/2022,oranscomb8g,5/14/2023,jmaypole8g
wbranche8h,zK9\cS)Hz,1,6/13/2023,csissel8h,2/16/2023,ifardon8h
sripley8i,bL7%WK?Y?\\w8,1,3/14/2023,hgovini8i,1/26/2023,fmaudling8i
nkellet8j,oT8|vil0<tca&xy#,1,5/25/2023,jflowerden8j,12/1/2022,lshellcross8j
ephil8k,"nT9,\h#yp/9=",1,12/6/2022,ecunniffe8k,7/17/2023,sabade8k
mneesham8l,sF3$fS~V,1,2/27/2023,cbonnin8l,6/20/2023,cbuffham8l
npay8m,vB7'Hia*z1_Rk,1,10/19/2022,lorgel8m,10/26/2022,ngray8m
dsuddards8n,"qT8,GF`o/",1,1/20/2023,emillership8n,1/19/2023,vballintyne8n
cblincko8o,"lL1""9Ua*U$5""""su",1,12/26/2022,jraitie8o,11/21/2022,rvondrasek8o
orignall8p,bL7`jb#f,1,4/6/2023,mcresswell8p,9/29/2023,nerley8p
kfrantzeni8q,"bR6""wZ,U$5Pc",1,10/30/2022,wpetrelluzzi8q,7/18/2023,cbuer8q
hdanks8r,zM9)pz!i.PZ`*p?!,1,9/25/2023,wchalmers8r,1/29/2023,hmckelloch8r
senion8s,zK1>uAUa,1,7/31/2023,neles8s,11/19/2022,bboots8s
scomiam8t,jP6?_)T~+,1,5/30/2023,gbellas8t,2/21/2023,agoodlatt8t
slackington8u,qW7?44VdEZ0,1,5/21/2023,kgolagley8u,4/9/2023,dedler8u
tklein8v,"eT4,Ok=?87/z/Qn#",1,11/17/2022,apawel8v,11/10/2022,tgascard8v
mlebbon8w,pQ3$J?C',1,5/29/2023,apasse8w,8/27/2023,emagner8w
abrideoke8x,bF4\T?r$BuaF,1,4/8/2023,wklyner8x,10/22/2022,pdigg8x
panthon8y,gD1@*.PK7>dQR<>S,1,6/15/2023,lhillburn8y,5/11/2023,jsokell8y
cshevelin8z,xL8?D/=/X_@,1,12/27/2022,ewaine8z,7/21/2023,blowdiane8z
bglasard90,sH3_h9}H,1,9/24/2023,arendbaek90,5/25/2023,sbulcroft90
jgrealish91,pI7>yaOwnD,1,10/23/2022,cgranleese91,1/25/2023,ttomaselli91
mjodrelle92,"xA5!9d\_8""gCLtJ$",1,5/25/2023,vbagnell92,4/16/2023,eguerrieri92
gangliss93,"aN5}?zSQ\,",1,1/26/2023,mtruscott93,3/15/2023,herangy93
smailes94,"aJ4,`2.$",1,5/16/2023,aklebes94,7/5/2023,tclere94
jneal95,zA7&K7flL%fZFYLL,1,1/4/2023,pskurray95,5/21/2023,jmaudlen95
nduffield96,jX0{A$)ylsV2F8,1,5/12/2023,ehodgin96,8/11/2023,nviccary96
cpollastro97,"eT8_q""7+iKbhB",1,6/13/2023,kbutterfield97,9/1/2023,iwoodhouse97
rbaszkiewicz98,uX2{W)ib*cfg9M,1,7/20/2023,rmckeighen98,12/24/2022,prainbow98
jtotman99,"qB0\i2MA|5lp$,",1,2/8/2023,vstanbridge99,5/20/2023,lhumbey99
mgutans9a,eV4(YPIryb#EcUa,1,9/29/2023,kharrowell9a,4/3/2023,cterrill9a
dbartlomiej9b,nE4!*j5)+gb!6=,1,8/8/2023,ppennicard9b,8/9/2023,agodfroy9b
glaskey9c,wV8)3BAtaB,1,1/5/2023,jcrisford9c,11/24/2022,gbohlje9c
theugle9d,"eC4)KO""~$bQ(Zee",1,9/26/2023,ascafe9d,2/21/2023,jwillcock9d
eblenkinsopp9e,hM3)j3RY|S*l{(e,1,3/15/2023,tcicchinelli9e,9/26/2023,gacosta9e
abarringer9f,zN3\Bm1oP2o5JOm2,1,3/17/2023,dtremelling9f,9/26/2023,cdodd9f
abarchrameev9g,sR7|A6DSq687V,1,7/23/2023,gdobby9g,9/19/2023,gjanaud9g
bmclucas9h,"wI0{(@v,ds""cU",1,3/3/2023,sslogrove9h,6/7/2023,fhubble9h
cluckwell9i,uR4}f3*V0}$=+jVt,1,10/17/2022,tburness9i,9/11/2023,rfernie9i
cbraithwait9j,"mW8)nYY\,dojJua{",1,11/8/2022,ddavet9j,5/6/2023,jramirez9j
wyushkin9k,"wL1""1?{jT",1,2/8/2023,dwillavize9k,5/18/2023,glitchmore9k
kmcginny9l,uZ6\KRt{a>ECnlN,1,2/28/2023,blittefair9l,8/4/2023,kfaro9l
fberni9m,wD8{9ngQ%,1,7/7/2023,kfrancesch9m,7/22/2023,lrotte9m
aheggie9n,dU8}~0/mPs{Qw7}C,1,10/9/2022,opartleton9n,7/29/2023,plesek9n
kpearcy9o,jB2'%f}OJkT.k,1,8/7/2023,efendt9o,8/25/2023,pskittrell9o
afernandes9p,jN9#v9$A01W,1,7/26/2023,ktegeller9p,1/24/2023,mprendeville9p
eharnes9q,cY7<0X{<aa*My9vT,1,2/19/2023,adowzell9q,3/9/2023,msrawley9q
lalgar9r,"lY0{""9pITJG'QG",1,1/5/2023,ndybell9r,4/13/2023,tandreasen9r
cdrivers9s,oL7$eiG*?%m*Rd.k,1,12/27/2022,gpinnell9s,7/28/2023,bmiddle9s
knicholls9t,aJ1'kwR/{Y<3.c$z,1,2/11/2023,rshewsmith9t,12/2/2022,dmapother9t
bstollsteimer9u,aY7&\pFP,1,4/30/2023,nfewell9u,12/17/2022,rocooney9u
lgaydon9v,qF8}!doA|pN<,1,9/20/2023,jogrowgane9v,2/11/2023,kmacgilrewy9v
averrechia9w,cD9)f'LTyp2MzGG,1,8/13/2023,dibbott9w,7/4/2023,trego9w
dcappell9x,"mQ2<""1W@7?Ac*Q",1,7/10/2023,cwickendon9x,11/15/2022,ngrenter9x
jgrindall9y,uA2$&v0Qt/1a,1,9/6/2023,clangley9y,8/21/2023,rmanwaring9y
lstlouis9z,"cL2+U0+vBuEv4""",1,7/31/2023,ccoldrick9z,11/9/2022,hbadgers9z
avaulsa0,mQ6~99L5i,1,10/16/2022,bbanksa0,1/17/2023,iiannelloa0
mpellmana1,qZ1_.{K&zkJ07eue,1,12/24/2022,ocalwella1,12/3/2022,kreaneya1
meeftinga2,tU1|c_DQ,1,5/17/2023,zhearthfielda2,12/2/2022,lsouthalla2
adecrusea3,kN9(t}f+,1,8/20/2023,kilsleya3,10/4/2022,tspaulea3
jhecknera4,lB9|LKdX%c6,1,8/1/2023,ceaclea4,10/31/2022,rcanetea4
jmclanea5,yX6/8@tBwX,1,2/4/2023,gdannohla5,6/27/2023,schristenea5
dcollara6,lA8'MpC~CaL\cWH,1,9/6/2023,gaisha6,10/26/2022,blewsleya6
scadwalladera7,wR9?\H+Ox>m>F!t,1,6/17/2023,odregana7,6/6/2023,fbeedlea7
bfaussetta8,xI4.`{z*u>v!{_,1,6/14/2023,iglisanea8,6/10/2023,bbullina8
asilcocka9,zX8)rh/Cj.,1,9/1/2023,jfaltskoga9,11/26/2022,mraggetta9
mweightaa,wX9}ajUP.T(@bQ|,1,9/2/2023,jgomezaa,1/12/2023,mbredburyaa
druffellab,vV0|Zj\!ds,1,3/21/2023,mzuanazziab,4/27/2023,rstowgillab
mwindersac,zN6|3$Zh%iz,1,7/14/2023,alonghorneac,12/27/2022,cbeadnellac
bdematteiad,oZ6.6h}TQ,1,6/27/2023,cmeanyad,4/23/2023,blemasneyad
afittesae,"uC6,V'!6DM4?t\_X",1,11/6/2022,gbeverae,7/10/2023,rfrickeyae
fwiszniewskiaf,kN8?HUXfYO,1,12/11/2022,mgaskarthaf,1/20/2023,apaulataf
kklinckag,nF7)vI#kt,1,6/17/2023,mlethlayag,1/15/2023,ssponerag
ostuehmeierah,"lY8,Icwv.)PvEw",1,6/3/2023,xgallehawkah,3/5/2023,santatah
jgladerai,zU5}.CU>_eNyrR,1,1/16/2023,lcammiemileai,2/6/2023,mgorvinai
msandeveraj,rR1{ZfY'82|,1,4/10/2023,bsarfassaj,4/26/2023,ljacobsaj
ivanichkovak,gV6*$\g1{jK,1,12/11/2022,kmacnairak,10/16/2022,agisburnak
bruttgersal,aB0+<{WQCfr,1,8/9/2023,ksowerbyal,7/19/2023,crotheryal
bwynnam,yV4&X?(&A,1,10/15/2022,ltesham,4/9/2023,flubertiam
lbigginan,fO8.ez?tACs~m/M,1,8/30/2023,maskwithan,4/19/2023,rmeadusan
cgardenao,wA4#pJxYnr?{F(F,1,11/1/2022,ddunsfordao,12/6/2022,llarsao
pgosslingap,"zD0|P""\`N}kQ",1,9/15/2023,draspelap,1/11/2023,bjeevesap
charmestonaq,"zO3*M3,`1#",1,3/28/2023,gstephensonaq,12/6/2022,prowcliffeaq
mpardyar,dS6<Ns0NPvX,1,11/5/2022,mkilloughar,3/5/2023,mshearmurar
pcarwithimas,xH6~09.p.dR?sK3|,1,4/24/2023,mflavelleas,11/22/2022,ysymmersas
lgwinnettat,uW6|Y?TfJ,1,5/26/2023,gwarrickat,8/7/2023,pllorenteat
tclewleyau,xP1|Z1=7,1,7/8/2023,hmuffenau,3/27/2023,cbortonau
gwardaleav,jH7|E9cmo,1,8/13/2023,kbertieav,7/14/2023,mbattelleav
kofarrellaw,sJ2+2/{@g1,1,5/23/2023,nwaldramaw,4/28/2023,cryleyaw
agligorijevicax,pG9}&&%QYU,1,3/18/2023,cloosemoreax,7/10/2023,ncozinsax
ipregalay,mU5/g'8)B,1,4/13/2023,aaingeray,1/25/2023,cdumingoay
joteagueaz,mY0/j80lfNeU,1,6/12/2023,aphilbrookaz,8/18/2023,klarteraz
pslightb0,nY6$c*cS,1,8/16/2023,vbignoldb0,4/29/2023,tcritchardb0
sdeverehuntb1,"aA2>""<2|_XjGMy",1,3/30/2023,tayrtonb1,6/27/2023,gbaptistab1
rnewbyb2,qQ2$O80uDEbn,1,10/16/2022,jsiggb2,6/13/2023,mknowlerb2
blamprechtb3,tU3`CUEf'b',1,11/25/2022,hdavorenb3,12/21/2022,amcphillimeyb3
jdelgardillob4,hK5'MGcn9,1,3/2/2023,svongrollmannb4,5/17/2023,lmilnesb4
lbarizeretb5,mH9%0AsQ>XB,1,11/20/2022,sscarisbrickb5,2/11/2023,hvalentinettib5
aspurrettb6,gA7&7MQp8pdi,1,2/8/2023,praycroftb6,11/13/2022,hshinglerb6
rzimab7,jR2*oCf\29X\`Gq,1,11/23/2022,ebaxstareb7,8/25/2023,mpurpleb7
aaughtieb8,"yT9}_tD',hQB",1,9/9/2023,tgeggusb8,12/20/2022,mlayb8
czorenb9,nB2`>0X<>eVDRy,1,12/11/2022,jpiersb9,6/24/2023,gdanilishinb9
ibetterissba,mS0$LO0ME5MK8p,1,8/1/2023,acatmullba,7/15/2023,ksivesba
ycavaneybb,sH8_Q\GB+o!mQ,1,5/30/2023,gbottrellbb,3/5/2023,amalatalantbb
ebernetbc,gG7>79YN,1,5/25/2023,jhorsfieldbc,7/2/2023,rbaybuttbc
jklynbd,wO7+}GC(M07Q}Gm,1,12/29/2022,pfraniakbd,5/22/2023,mhoflerbd
spedlinghambe,xY5%49@P@=XW6<Ab,1,7/16/2023,gvinaube,5/15/2023,lbiddlebe
cfinesbf,hQ7@BkM.H%ckZ~,1,11/5/2022,amuslimbf,9/18/2023,mdosdalebf
jjowseybg,iY4/GJRHKdk,1,1/1/2023,icasottibg,12/30/2022,dfoddenbg
gmerwoodbh,hA7`Vn6Qu,1,9/21/2023,kpoldenbh,1/17/2023,tscroxtonbh
mlethardybi,iB7_=.WKI,1,1/18/2023,cdelvesbi,7/2/2023,edablebi
jbeaneybj,mJ9'lVec+Ms5,1,5/11/2023,psollandbj,8/14/2023,amchughbj
ftosspellbk,gO8_VMlkG/t,1,2/11/2023,tbrockhousebk,1/6/2023,bbricknellbk
mkrzysztofiakbl,tD1.1?s$.%&o4ep,1,6/7/2023,ndenmeadbl,12/6/2022,odeevesbl
pstrickbm,mP7>4Ms3`.BG),1,2/13/2023,eeubankbm,4/26/2023,achisholmbm
ecammackbn,oL5'A_F3&.!,1,12/10/2022,ddashkovichbn,3/2/2023,rthorbonbn
dyakebovichbo,zY6@Rj&.xTC*G,1,5/4/2023,gspareybo,4/9/2023,cgracebo
gwincklesbp,lU9%Ay#RteQ/t,1,2/6/2023,vgillogleybp,6/23/2023,mbraksperbp
sinsullbq,vJ0>Mg4a@vFUi#0,1,4/14/2023,gmussobq,12/29/2022,bwainmanbq
ahuccabybr,qK7!6(%w,1,11/30/2022,mrobertobr,9/3/2023,mcasselybr
lpatmorebs,iR9_A#&z}zph,1,6/18/2023,swarkupbs,4/23/2023,echecchetellibs
mgocherbt,pY4@rWk.,1,10/9/2022,bmabbebt,3/24/2023,klakerbt
hwellardbu,bI6=0($T/n,1,7/30/2023,ltrumanbu,10/14/2022,mivancevicbu
sharhoffbv,aT0%Y1(#W,1,10/19/2022,atinlinebv,9/13/2023,creevebv
rmcilwainebw,jQ2=CI=BTO1|.t,1,12/27/2022,vlanahanbw,8/30/2023,rtrappebw
clohanbx,"cK6@!b.m""V""",1,8/22/2023,zhegleybx,5/7/2023,gkubachbx
vlarouxby,jN4=.wGx3S=|,1,9/1/2023,swerrettby,3/30/2023,jaluby
anewartebz,gG3+_dSXUn,1,12/19/2022,mbrassingtonbz,1/20/2023,heleybz
bpiffec0,"nU7/uKV1,xzz)h",1,11/20/2022,rtreadgallc0,12/8/2022,mphillpotc0
pdebooc1,oK9=568S\Eb},1,3/17/2023,acatherallc1,9/15/2023,mmaccathayc1
teassomc2,eF8$aoR`0M!,1,1/13/2023,nwandlessc2,4/26/2023,ggodonc2
demerinec3,"jA8<5S{{Jm0e,",1,1/26/2023,rtrustriec3,2/6/2023,orodenhurstc3
tcreanyc4,"oD4\Ztb%""Y%O%",1,12/6/2022,grainerc4,12/21/2022,cdoc4
gkleinzweigc5,fV6\4T_T,1,5/1/2023,atownerc5,2/2/2023,jmuddimerc5
bshoweringc6,lO1*SFz*7Wl{nH,1,8/13/2023,mfidgeonc6,8/23/2023,eguidic6
mhannc7,oS9`yX7U,1,9/5/2023,grosenbargc7,9/18/2023,lduminic7
lelloyc8,wH2=X8.@/0/'_~,1,12/3/2022,smcgoniglec8,6/2/2023,mpiscullic8
bsangrac9,kA5*&G@Y<m{hk,1,1/18/2023,gskitterelc9,1/17/2023,fkeatesc9
csebrightca,tK6?)8lVA.}k1M,1,11/21/2022,pwytheca,4/12/2023,zparnallca
klongforthcb,qV5+RdXe>,1,10/25/2022,amahycb,10/9/2022,qtydemancb
dskonecc,"tT0)5K6@!6""tk~",1,9/1/2023,vrenzinicc,2/1/2023,jallsocc
mbelfragecd,uV8~TER_S,1,12/28/2022,skimmerlingcd,1/27/2023,cvaudrecd
dmordyce,nV4<#Pu\,1,5/17/2023,kcullince,6/16/2023,mpitrassoce
sescottcf,hY0.8%9dlR,1,11/3/2022,ddestouchecf,7/20/2023,kirvincf
imorrisoncg,nL3~4bhL,1,8/12/2023,fvonderemptencg,4/27/2023,lcassleycg
cmargettsch,cT6?2u*Lm2,1,10/4/2022,ahoyesch,9/10/2023,dcristoforettich
esutheranci,"xF3$!6J{E`>wi,w{",1,4/5/2023,tsteetci,8/12/2023,samiableci
tlindrooscj,"sY9""=o&v9h,",1,1/19/2023,lwhitehousecj,9/4/2023,psambercj
wfisherck,hN3{PUT7T,1,4/22/2023,gpeplayck,10/20/2022,ebowtonck
dfreezercl,hS5?{WC#Rs,1,1/12/2023,rmazellacl,11/2/2022,kmatchellcl
lbartlomiejczykcm,cK1%ehanWVc.7C2C,1,12/12/2022,ablaneycm,8/29/2023,aconkiecm
nplumbleycn,"wN3""*<&RU.~",1,7/13/2023,cpetrashovcn,4/28/2023,bsimcocn
tbevarco,rZ8<.ei~(,1,12/19/2022,fmcilmorowco,3/26/2023,flukianovichco
aginnetycp,"gQ8,vHQTtz""~",1,11/27/2022,ebabbcp,4/30/2023,gpleumancp
mwenzelcq,"yM2}rF,D",1,7/13/2023,kklarzynskicq,8/4/2023,apeirazzicq
krowncr,"dW3""jV#GiU'&",1,4/21/2023,amcanecr,10/12/2022,wmanolovcr
ffurneauxcs,qR3/0=m0y4`t,1,6/9/2023,dwardercs,3/12/2023,umorloncs
cheliotct,"gE2""n#/Izvm/$",1,9/24/2023,dbriscoct,1/30/2023,wmerklect
phillingcu,yV2@/BI>7,1,1/31/2023,llyndscu,12/19/2022,tgilpillancu
creiglarcv,bZ1!Ovq33,1,10/19/2022,aboltoncv,12/21/2022,gslowgrovecv
elupartocw,gS7*eu3inV*9s,1,1/14/2023,myearnscw,5/20/2023,kchallincw
ffolkerdcx,cO3`9ax&t,1,3/24/2023,sleachmancx,10/15/2022,sgarmeycx
dkonertcy,iI0(UfB?QB1e,1,12/26/2022,traveaucy,1/27/2023,cdelhantycy
dbatteycz,"hN3{ehHd3d<""3U",1,7/22/2023,mwaplecz,12/3/2022,sobradaincz
rmattecotd0,xS7*rH}HrpL`Yp~e,1,7/4/2023,mgebbyd0,12/15/2022,dtoderinid0
gdowalld1,qQ4#QX}hPhyj`j~,1,8/21/2023,vvillaretd1,2/18/2023,bchesnutd1
oportwaind2,qN7?#IA}#,1,2/10/2023,edehnd2,8/23/2023,elexad2
jstonesd3,rU0{sV#?H,1,7/18/2023,wbrilld3,8/7/2023,fbrocklehurstd3
adavenhilld4,"tT4></Px@!""kd",1,3/4/2023,vemeneyd4,4/27/2023,dhayllerd4
druskind5,"cM9}"")uwM?L",1,7/22/2023,bbacklerd5,4/21/2023,spilgerd5
agorglerd6,qL1&DZR69ZHC3$,1,6/9/2023,skunneked6,8/29/2023,hivanchenkovd6
ashadfourthd7,pK5_P&yaeCtblL,1,9/2/2023,jeddiesd7,7/22/2023,dverdyd7
csherborned8,aV3\Aw5zdZgn$pz,1,8/31/2023,abreend8,5/10/2023,akidd8
phunnabled9,"kZ6/nFz""CJd2TR",1,4/17/2023,rnewburnd9,6/1/2023,tsurgenerd9
elampaertda,qC6!vszhK|6%\j+,1,9/8/2023,vluquetda,9/22/2023,zsitfordda
ncadelldb,aV0!8CBm)D,1,5/31/2023,ehannamdb,2/16/2023,rwadmandb
tciccodc,yP2~{rYxVD/PLU,1,8/27/2023,crickardsdc,2/25/2023,tfitzharrisdc
ajacsondd,bK6*af*i,1,1/29/2023,hmartschkedd,5/20/2023,gempsondd
phayerde,oB4`ypPP*7pd+,1,5/16/2023,cdealtryde,4/30/2023,mbrucksteinde
barentdf,"hX4""'SfonI(Ium'",1,7/21/2023,cdilsdf,1/20/2023,jguiverdf
kstandelldg,sG7'2723bO,1,8/25/2023,lbergstranddg,3/17/2023,jmapledooredg
dhaggerstonedh,"vH2+"".xb@t",1,8/18/2023,sklimtdh,8/27/2023,jslimondh
mrexdi,jU6}!Z$W&ZHHah',1,1/13/2023,fpicheforddi,7/24/2023,mnataliedi
gloffheaddj,pF4')+Sh$,1,10/12/2022,thentzedj,5/18/2023,scodlindj
jlukacsdk,pN5%V$edr$,1,11/22/2022,gmcguckendk,10/4/2022,mscurrydk
amcarthurdl,"xT1,5MJCs",1,11/25/2022,eblockleydl,10/20/2022,gtallowdl
bdugalldm,qP8$m2!+&mV,1,9/3/2023,jhazaeldm,11/11/2022,dhellindm
rmurrigansdn,qN0#*b~j!<bEgRec,1,7/10/2023,rcopnelldn,12/14/2022,tsirkettdn
moldeydo,"kP9""@@Gx{NmM*aQy",1,6/13/2023,tleoparddo,2/27/2023,mpetowdo
sdubbindp,"zU6_""%`dw""PNn",1,10/21/2022,dhedaudp,7/25/2023,alinkdp
gkleuerdq,tZ0<9964)qJl1rGb,1,9/29/2023,eblackebydq,9/21/2023,mluckingsdq
wphillcockdr,bB9#'B\8hzwp`,1,11/24/2022,dweichdr,12/31/2022,aemelinedr
lcokerds,qV6*?`&H$,1,8/4/2023,bhamberstoneds,1/30/2023,hcrossinghamds
mhrusdt,iW2.Iy~qZ,1,10/27/2022,bhurlestondt,9/13/2023,ccicuttodt
npeevordu,"rO0`X%X,/2r",1,6/25/2023,cpuckinghornedu,1/18/2023,jbutfielddu
jlanceleydv,mX4%Ic{L\H6k,1,1/29/2023,kstrethilldv,9/12/2023,klongmiredv
umeedw,eI0)9Gqu,1,7/16/2023,nsadrydw,9/29/2023,fraimandw
rtebbittdx,oA1/9wMY,1,9/16/2023,iprewdx,3/8/2023,kdibbsdx
fromayndy,iO9/8Ly`,1,8/25/2023,hbertiedy,7/1/2023,rromerildy
kbiforddz,wU9{U{7/RE$X},1,1/17/2023,mroglieridz,7/8/2023,sfrankedz
mflemente0,tN0`wVU#aqz,1,10/25/2022,cmosse0,9/4/2023,kdefreynee0
gmckirtone1,yQ6$BrssSo\)S,1,9/12/2023,edrinkalee1,7/4/2023,nforshawe1
jgravenelle2,sS4?5AZ+gME\8!8W,1,1/18/2023,bhaddackse2,10/4/2022,smccloughline2
ydimelowe3,mA7)D&J'x,1,2/17/2023,dswafielde3,9/28/2023,kciccoe3
ldaniaue4,sB2>Zocbbly,1,11/14/2022,ksloegravee4,10/28/2022,jfullerlovee4
ahaste5,xO3>{ZP(yJf,1,9/21/2023,mcobsone5,1/3/2023,ttatchelle5
rbrevitte6,uG6_h5X&zr3,1,9/7/2023,kjerdeine6,2/20/2023,mloweye6
tskocrofte7,dP1/t4x\b.?ZG,1,12/5/2022,tmoate7,11/15/2022,kdurbine7
cjeffreye8,"aD2/62Y,Lv",1,12/27/2022,rbrittlese8,5/21/2023,ilithcowe8
pmcneillye9,fW1<g3z9B~f>/Fb,1,1/24/2023,fbiasottie9,5/31/2023,mlecointee9
omilksopea,iE0_YjVtBSNu{m+U,1,8/22/2023,moviseea,11/2/2022,dsidonea
gechallieeb,"lY5,|h<E0+12",1,12/21/2022,ehucquarteb,2/21/2023,lglennieeb
oyaneevec,iC7'.cra,1,7/18/2023,fsandesec,10/29/2022,aromeoec
iweineed,dD7\gKY$X,1,10/25/2022,lphillipsed,5/11/2023,sreglered
ofiguraee,"sC1,l\8_,E6dAI#",1,7/26/2023,icrightonee,4/5/2023,mdanglee
lwhifenef,lM3)vUvX5I,1,2/17/2023,hguiceef,10/31/2022,vbampkinef
rfosseeg,cS8{FaS)2>o',1,9/28/2023,tmaccallioneg,4/22/2023,rbattereg
swarykeh,zS5'0>6$4@.+4R@f,1,4/15/2023,fstubbingseh,4/5/2023,pbettisoneh
mcorradeschiei,"aF2,Kiic",1,11/27/2022,btordiffeei,1/12/2023,jbillsonei
hdeandisieej,oQ7'A6yC({=PwN,1,11/21/2022,ohorleyej,1/17/2023,bclearsej
mgirkinsek,sK2.w@Y+UjPS!(@_,1,3/17/2023,scowdroyek,8/1/2023,tblackallek
kgetleyel,tY8(>|(hnRZ9P6?!,1,7/13/2023,gbarrouxel,9/30/2023,osentenel
edorkenem,uP4&~B8PT|9D,1,4/15/2023,ptrowbridgeem,9/19/2023,nblackabyem
kclelleen,nO9&@}?*NdWg5,1,6/30/2023,afearnsen,5/4/2023,agowlanden
pcodlingeo,vL8{$Y}lh|mqY1!n,1,5/6/2023,agarfiteo,7/14/2023,fpettegreeeo
ecramphornep,zX4<{LZO(,1,6/22/2023,lrubinfeldep,3/9/2023,bsingletonep
gwollereq,"jM5""b&7H",1,1/4/2023,gmcdugaleq,3/4/2023,mmargretteq
ybrimilcombeer,mP0_?X=I$,1,3/8/2023,bprobacker,11/9/2022,etregonnaer
afayrees,"sD9}+f,X2F",1,3/10/2023,gfarreyes,5/2/2023,rkynettes
hsennet,rR2|JoU1,1,6/6/2023,hdorninet,12/23/2022,ghallet
rpardaleu,gC5\)3qu|Ug.t3R2,1,8/28/2023,ybarrabealeeu,2/11/2023,itonereu
ckitchinghamev,hF1>2XgC,1,5/14/2023,sellinsev,7/26/2023,wjohnesev
mbiggenew,oA5{vi'.+&L#cw@,1,12/7/2022,spembleew,9/11/2023,efreerew
khaskeyex,bU2='e&\,1,5/19/2023,shenkmannex,11/16/2022,sgoningex
hockliney,jF6'd~A?)*m+L,1,12/24/2022,hallbrookey,2/24/2023,ftickleey
ehelsbyez,lU1\PXvKS,1,3/6/2023,omanthroppeez,11/8/2022,rhickinbottomez
bbroomhallf0,pD7@@?K>h`jRE,1,5/16/2023,bdomleof0,5/25/2023,sfolkf0
mtesaurof1,"qR1!T&vwVq`,VtE",1,9/2/2023,hlancashiref1,9/5/2023,fcumberlandf1
abalchenf2,sR7.{ohOim(EF|69,1,12/22/2022,mspacief2,9/2/2023,eralfef2
hpontefractf3,iK8('dlN,1,1/3/2023,gnettlef3,9/18/2023,dsummergillf3
bghilksf4,wY5`g>s5cH,1,4/17/2023,ilovemoref4,7/21/2023,vbembridgef4
clundonf5,tC7\sNu.N,1,12/3/2022,pjudronf5,4/5/2023,vreasonf5
mmcdonaldf6,wP3`DmAPiOjpTc|/,1,5/14/2023,aladbrookf6,12/14/2022,vfloresf6
aredsellf7,xK3(VImS#$3VvzH,1,4/10/2023,nwhymarkf7,3/7/2023,fjarmainef7
cmarchf8,fC2)sL$fo@vh2x,1,2/22/2023,dkennedyf8,7/29/2023,jseamarkef8
goakleyf9,lR0{BN?amt,1,11/11/2022,crobjentsf9,11/29/2022,desselinf9
mraspisonfa,sZ3(&XUTmPsO*,1,11/18/2022,stravissfa,10/3/2022,psleefa
csyddonfb,"lY7`>XsLo)A,",1,12/21/2022,gosgordbyfb,12/26/2022,mgellyfb
kbrelsfordfc,sG6\bU!Rzz,1,11/2/2022,pcarnilianfc,8/8/2023,ftrevancefc
ddeboyfd,"xA0/F@1R.W,ew",1,12/23/2022,jbottrellfd,6/14/2023,cmixterfd
jlosebiefe,mZ8/|n2SUc)?vR,1,11/15/2022,nmyrtlefe,8/1/2023,kpettsfe
ocollardff,kD4{Pdj?G0,1,3/20/2023,lshemmingff,5/23/2023,rknapperff
wmulbryfg,"cR4?ZOkWSnOJ""vm",1,6/7/2023,znergerfg,5/2/2023,ucubleyfg
mgoodrickefh,iE8{7O$$do7dp,1,5/7/2023,lchecklinfh,5/14/2023,moruanefh
lattreyfi,zX6)4X7M7K4C,1,5/4/2023,dfinnemorefi,3/31/2023,aofieldfi
mbinehamfj,jA6`y>F`T1O9FHc1,1,11/15/2022,lkettonfj,12/31/2022,eendersbyfj
codeveyfk,"dX5)c5Vd,z",1,5/20/2023,bmilthorpefk,2/8/2023,dsleanyfk
tblewfl,"wF2_l(n1,CrY8nV",1,10/8/2022,nmoyesfl,8/13/2023,smagnarfl
teliassonfm,oK4|lQm6xD,1,5/25/2023,lstutelyfm,10/4/2022,mhanselmannfm
dmitchamfn,yX8}}=<nur,1,1/18/2023,nabbesfn,7/7/2023,mfeathersfn
uwarltonfo,cA6&<&D{1S,1,9/25/2023,kovitzfo,5/6/2023,phollylandfo
bclaybournefp,iY8(gD5y4T,1,2/12/2023,fchingfp,6/10/2023,jlawteyfp
mpaprotnyfq,"vI2""$S0/",1,2/20/2023,kspancockfq,8/21/2023,troycroftfq
kgirodierfr,eM0/PKWXh/*_~USi,1,2/14/2023,chakerfr,12/23/2022,tmclernonfr
amcgahernfs,tK2{V25vZFBU&,1,1/23/2023,snicholasfs,3/2/2023,clashleyfs
cclaitonft,sM0|=Jd3j,1,8/26/2023,lcrozierft,7/20/2023,vbeerft
flongsonfu,jJ3?HN6xc<qpzV,1,4/18/2023,lskaifedingerthorpefu,8/11/2023,lmccaughanfu
cprickettfv,uZ5)Gn{(!|~Zz,1,6/16/2023,bkyntonfv,6/20/2023,dshevlanefv
mconnaughtonfw,lN7__%#(,1,5/14/2023,bbuntfw,7/5/2023,pledesfw
ndohrmannfx,oQ9?)y792_K,0,6/29/2023,kkyndredfx,7/11/2023,tkeadyfx
csaycefy,"gO5#,5.cS5_I",0,8/6/2023,sgarstangfy,4/19/2023,kbilbyfy
rlowdwellfz,wB7/7Wnf`qbT,0,11/19/2022,bdodswellfz,6/26/2023,ybynoldfz
plynasg0,nT5`.phii,0,1/28/2023,ggristg0,11/22/2022,tsheadg0
jbartleetg1,yS8)=Jk`X_9z/O7>,0,10/22/2022,hliddardg1,5/27/2023,mcolbertsong1
rkilleg2,oF0<f*MOB~/),0,3/30/2023,gmaffuccig2,12/10/2022,ssouthouseg2
ncalbaitheg3,"tW6""+rGm6QD_",0,10/12/2022,cmummg3,11/18/2022,singlishg3
mmcgrailg4,wQ1*_=dvle%d%+{7,0,1/29/2023,egering4,11/4/2022,ehowling4
bizkovitzg5,pD6}JzCCTM8,0,4/15/2023,lgolderg5,2/10/2023,jfouldg5
tbidgodg6,"rD8""r?.j6XGl`CT",0,10/5/2022,eprowtingg6,6/6/2023,jharridayg6
wconnerg7,xD0'?}pUKuCOO$+,0,2/8/2023,rlamperdg7,12/18/2022,jwinsomeg7
gkitchersideg8,"hB8!Q9G,{TW4T#u,",0,3/26/2023,rlassellg8,5/31/2023,emcpheeg8
kdiniscog9,"dX7,vkK{iQhauL|",0,4/20/2023,rcleaverg9,3/22/2023,lcartmailg9
dbabbsga,tO4_L=pi,0,5/31/2023,kchaperlinga,10/23/2022,mvolantega
bseabournegb,"xD0*q""4(e",0,3/14/2023,priseleygb,11/14/2022,dswinneygb
nblazegc,mK8/?`{c*\e,0,12/17/2022,ssimionatogc,8/6/2023,icantillongc
fdepaepegd,dM7*H?il%NLOo'w,0,6/1/2023,tdombrellgd,12/11/2022,wconaboygd
kfittisge,"yB9,O,SYT",0,6/5/2023,jbontinege,4/11/2023,eradbournege
mdimicgf,zB1)Hw8jk(wF#M,0,9/15/2023,agodsongf,12/6/2022,rhatchergf
dgreenrodgg,zV3&43Z>R\IA)>b,0,6/28/2023,sbaxstairgg,12/8/2022,kcornhillgg
ghalsongh,bL7@l4VkrPX,0,11/12/2022,omaghullgh,10/14/2022,ocooksongh
tgradleygi,"gP7""0)e?ia)A",0,2/15/2023,tstroodgi,11/13/2022,hpoegi
lkingsnodegj,"xT2|#k/""",0,2/23/2023,atrinkegj,8/29/2023,bauthersgj
swhitrodgk,iG8(Twr}w,0,4/16/2023,tduddinggk,6/29/2023,rdomokosgk
npedrozzigl,nA9.Baf#u,0,10/8/2022,kbeneygl,8/13/2023,kiacominigl
zjeangm,"oZ2@Nf'0U2*zs""a",0,2/21/2023,hvannsgm,4/22/2023,oabelesgm
zhalletgn,cN4+iVg9,0,3/10/2023,ashevlangn,9/17/2023,rallbutgn
rdurwardgo,mW1&#+?bW#S?d5,0,8/19/2023,jshipstongo,9/30/2023,dmeechergo
wluebbertgp,rE5|vJ/A,0,6/19/2023,mroddickgp,3/26/2023,rsmothgp
bmarflittgq,"zI4,xhy?z4XkY=Q",0,6/21/2023,fgodiergq,7/9/2023,orevingtongq
ebirrellgr,rC1*PQ|Gi)O<,0,4/12/2023,dburgessgr,2/21/2023,pfairfoullgr
cspirags,hL5#Q@GIH%~}L\YP,0,9/8/2023,bcockshutgs,9/10/2023,mmcclounangs
dorigingt,"uU2,CKDns2KM",0,7/22/2023,lmerrittgt,4/25/2023,lclynmansgt
bzarfatigu,vV7$&qFY1m/!Q3!Y,0,1/15/2023,hhaydongu,9/9/2023,jguerriergu
mbasillongv,dA3}hlb7,0,3/20/2023,ccampbellgv,6/4/2023,vmaffinigv
agalileegw,dE1`yy_>T,0,9/12/2023,ubernthgw,4/30/2023,afullergw
pyitzhakofgx,yS2{GPx7Esp,0,6/14/2023,kcollingwoodgx,10/26/2022,ebeagriegx
apottesgy,"jR8""82jsVR",0,7/14/2023,kokenfoldgy,6/12/2023,hwallsgy
jcullitygz,dB2/iu%Uis{XB50,0,3/9/2023,pdurrellgz,8/8/2023,dcartmailgz
abonessh0,"dL9|X!39>@W90>""",0,4/16/2023,mbrawsonh0,11/4/2022,kbazellh0
mpyserh1,qE7_4KC8.,0,3/14/2023,sscowenh1,12/3/2022,ihedgesh1
wsammarsh2,gM1&~Apn\@ac.n,0,12/6/2022,hbreslauh2,1/24/2023,dpeaceyh2
stourleh3,"dW3/#+/N`,sT",0,2/10/2023,mcornallh3,11/14/2022,lbeateyh3
fparamorh4,rK5#dAVm&Tyz9P$,0,11/19/2022,mliptrodh4,5/3/2023,lfulkesh4
ctouhigh5,dX0{42Rpgz&&,0,3/10/2023,kbolgerh5,9/30/2023,mronchih5
rmattionih6,jF4/`5xAEd{#4C@,0,8/15/2023,cromandh6,8/2/2023,hpurdomh6
bdeamayah7,wH6>kaf2,0,7/7/2023,vchiltonh7,3/14/2023,mgibbonsh7
pgildingh8,"tL5/,vTj}zlaedQC",0,4/4/2023,carendsenh8,8/2/2023,pcouthh8
cblunsdenh9,"tW3?JU,F|iOyf",0,8/3/2023,rworlockh9,5/4/2023,astaintonskinnh9
estonallha,xO4)U>(4oF`C75,0,8/29/2023,cegleofgermanyha,6/1/2023,lwoolensha
jhannhb,eS7(7Wv(,0,3/29/2023,lcoldridgehb,10/27/2022,esaundershb
kgeranthc,vM1=uaL?nWqeG,0,9/3/2023,banslowhc,1/20/2023,hmcrannellhc
jdallowayhd,"dH9`~E!U,*JO",0,5/1/2023,abrazenerhd,4/9/2023,mfishleyhd
vfeldmushe,zP1<OP5'l/,0,8/23/2023,nyeolandhe,12/14/2022,tarnoldihe
vlovinghf,"mE4#,jk'(cWR'",0,8/27/2023,rconybearhf,1/23/2023,cfantehf
ihaimeshg,aD9*J)w&QG+,0,5/15/2023,afranssenhg,7/30/2023,ngrimsteadhg
ccopperwaitehh,dF7{UHSS~aD3>~Zr,0,1/22/2023,ccomellinihh,8/31/2023,dpithcockhh
uwaberhi,yN9@T~}`,0,7/12/2023,kfagghi,9/4/2023,kflintiffhi
jabatehj,"kW2""RhE?4`I<",0,7/14/2023,vclemashj,2/14/2023,tsweetmanhj
sbriamohk,aG5+kR{k)c,0,11/30/2022,kgemletthk,11/4/2022,mdjokovichk
hmilnerhl,qM3%>@q1ry`9,0,10/18/2022,tairdhl,11/14/2022,bsanshl
aigounethm,cJ4>Y.F1cYWDN)_Y,0,10/31/2022,ebrogionihm,8/15/2023,dmorsonhm
vcristolhn,hI3!k=$R,0,1/23/2023,apochonhn,12/30/2022,rcansfieldhn
wpitcaithlyho,cD0/OZ$~Ay*|}!,0,3/20/2023,gchatterisho,5/26/2023,dmonnellyho
amarianhp,nI4`<~`+koD&><,0,1/18/2023,jwhittenhp,4/5/2023,wduleyhp
jwaddiehq,zW3{U$7phTT3,0,8/17/2023,whandrahanhq,9/15/2023,eerwinhq
jprobeyhr,"hY1'9+x""TpJ1!cWN",0,12/11/2022,lmandifieldhr,7/31/2023,clynaghhr
dbroadfieldhs,"dT0~,i|T42AB)",0,7/15/2023,asheenhs,5/2/2023,lelvenhs
asimonelht,mM1~P3X?},0,7/15/2023,mcheesemanht,2/23/2023,ddiackht
ssmithehu,fR9)spfLRL,0,4/21/2023,cklimpthu,7/3/2023,afairhamhu
astrafenhv,"bZ2%Zz,+XfjeF",0,6/24/2023,jchrystalhv,2/3/2023,recclestonhv
rblumhw,vQ8'#<!4,0,2/25/2023,lduffriehw,3/5/2023,lhaileyhw
wminchinhx,jJ3|5TLh,0,9/12/2023,bdenleyhx,4/3/2023,hmelrosshx
dasplandhy,qM9`!RxDydu,0,6/29/2023,adrinkalehy,10/18/2022,astilemanhy
csibbaldhz,"uA1,$JW6{=kt93!T",0,7/2/2023,kbassamhz,6/6/2023,kgutanshz
dungereri0,"uZ6""N`?e",0,12/17/2022,vailsburyi0,4/20/2023,bshippeyi0
skingei1,jN0'Uc2j#ea2B,0,2/26/2023,mglandi1,12/4/2022,szanassii1
whakewelli2,"fX8=/4,'+pO\=",0,11/3/2022,jtiddyi2,1/4/2023,ckolisi2
rsealei3,aY8~{!lHwW~9SE'o,0,2/25/2023,npoacheri3,12/29/2022,ustriplingi3
fwhatei4,hZ9(pwf~h*,0,2/28/2023,eanderli4,5/23/2023,jpericoi4
pelpheei5,"nW3+_8""nF{H78O",0,1/11/2023,tklezmskii5,6/15/2023,vmackilli5
bkohleri6,"bT1#.%#Yw+7`f""n",0,8/2/2023,bruckledgei6,12/23/2022,ldoughertyi6
bbisterfeldi7,kR0}dNoYM',0,9/17/2023,ctimsi7,3/19/2023,kstribblingi7
grapsoni8,vG7>z#z6DMlGq,0,8/15/2023,krodderi8,6/26/2023,rmailei8
ctownsendi9,"yB5&%""U""V",0,1/16/2023,rmelloii9,2/25/2023,cfayi9
eeisenbergia,wV0|LL6h,0,12/7/2022,myewdallia,10/24/2022,aaldamia
sduhamib,rF8?@6U!sktow,0,7/28/2023,yshanklandib,1/7/2023,arosenib
lsawreyic,cO9<h)k&8Uq~,0,12/6/2022,rwhelanic,11/29/2022,zadamskiic
pgriceid,jX2}p~c|#Zo,0,12/29/2022,ebainsid,1/8/2023,cmcgeffenid
rmagnerie,"zT2""#NUZ<*+ne@{",0,10/17/2022,pcoastie,5/16/2023,gwolstencroftie
lbernardezif,"mC8!""Msu3R",0,12/16/2022,snorkettif,1/4/2023,apicknettif
ookkerig,"mZ2@vHgV6nQA,R<",0,11/7/2022,bwicksteadig,2/8/2023,mbanaszewskiig
lfishbournih,xM3?w=OlN#qS&\x0,0,11/29/2022,cphippenih,12/1/2022,cachesonih
agravettii,qX3&Dc*Q8#,0,7/31/2023,dradbondii,12/15/2022,ifilkovii
biveij,wZ0*rIr+7,0,1/3/2023,fdumberellij,3/15/2023,afickenij
mpenrethik,aB7&zQ2Geue827Au,0,6/3/2023,olawmanik,3/15/2023,kklemmtik
agerholdil,"pJ8,Uc&W,a$S`&PN",0,11/18/2022,flafondil,6/24/2023,chaworthil
hpinnickim,rZ0=b)y88K~8_,0,1/18/2023,mkittimanim,9/12/2023,whesseim
cmaplesdenin,"oN3@u8<g""fJ211",0,11/16/2022,ssheeresin,12/2/2022,smacpeakein
dmathivonio,kD0)WYG}hooL/Ic,0,3/19/2023,atraffordio,11/10/2022,daspinalio
mwinsperip,"oI2{""A<o",0,8/5/2023,ebartolomeoip,11/11/2022,sbiskupip
btomasoniiq,"jU3#1wP/W,l&T",0,3/17/2023,khaggataiq,2/1/2023,hjosefiq
rhaslehurstir,oM7?MYwU!Q4QK,0,4/3/2023,wventomir,9/4/2023,gdreppir
syansonsis,"hX3'`+M(6aV,Ek$!",0,9/21/2023,ecarslakeis,1/6/2023,athomassetis
dhealeyit,gM7+WcTy11.'81)r,0,4/16/2023,molmanit,8/30/2023,bdacthit
klillfordiu,"rX8_ZzbcH,=",0,4/30/2023,pvilliersiu,4/12/2023,winggalliu
rkarlikiv,mD0(Vg{uVP)o+,0,3/11/2023,kcrewdsoniv,9/26/2023,tpanasiv
nmackaigiw,"iM5*4Sb8""+za",0,10/27/2022,hhymoriw,10/5/2022,ayewdelliw
jscutterix,"cR5,Mq_O>*",0,9/2/2023,rilchenkoix,5/27/2023,arappix
tshewaniy,wE3&gSOp,0,12/1/2022,dgrunwalliy,7/21/2023,doheaneyiy
abremeniz,eT9?%0iy8Pn6S,0,1/25/2023,bbartoszekiz,1/15/2023,pboreiz
lcheekej0,jI3`HbKpW,0,4/24/2023,bscarisbrickj0,6/26/2023,cscottrellj0
aalamj1,"qE7{""m@C3f|td*D",0,1/16/2023,rpettegrej1,1/12/2023,gbabstj1
pacresj2,zT6_m(l06bD,0,2/22/2023,asheahanj2,8/15/2023,npotteridgej2
dambrosej3,hG2!sLibW$>u6j,0,3/4/2023,vfeldbrinj3,8/31/2023,wpammentj3
baxlebyj4,kE3_i3gP},0,3/14/2023,pdellascalaj4,8/22/2023,dyarkerj4
colivierj5,lV7(M`vHcL}B\get,0,9/23/2023,aoverlowj5,3/31/2023,afudgej5
tpattenj6,aN7#Z}mq#imG,0,5/7/2023,nconnechiej6,12/9/2022,srubelj6
aciccarelloj7,kM3*Pp4)u,0,4/7/2023,cohalloranj7,9/4/2023,nwealthallj7
vbradej8,gY9<Jb_A,0,4/4/2023,jbrownsettj8,8/27/2023,akleinej8
rbraunthalj9,mP4~R%sYGaB%,0,6/14/2023,smclewdj9,10/31/2022,havonj9
eothickja,sH9?kBNxGR|QGZoR,0,1/6/2023,jlebromja,2/9/2023,hjochensja
bizaacjb,"hY6|Yk,YCif=",0,5/14/2023,sfindlayjb,1/6/2023,mbidwelljb
tthackrayjc,oR7(nNx_hO,0,1/15/2023,gennewjc,5/23/2023,cbullickjc
eaisthorpejd,"lN5\?,1Q'#",0,8/29/2023,asouthanjd,1/13/2023,kscarffjd
tkoeppkeje,iV0&ro4_YHf.u.6,0,8/7/2023,ckinninje,4/13/2023,cbohjeje
lnorthgravesjf,iY6\3c_uo`P8g,0,2/18/2023,hroutleyjf,12/14/2022,dsantinojf
lmaccurtainjg,"pU6%""nT""8|<4",0,12/8/2022,cgallehockjg,11/27/2022,cmilljg
basherjh,pD9.<li3)9iqw,0,5/21/2023,tmaccorleyjh,12/8/2022,htrolleyjh
catheisji,kS0)iot!+i,0,12/29/2022,cdagleasji,9/23/2023,lcurseyji
aevesquejj,aX1/Gkg2,0,11/23/2022,mmccreedyjj,5/15/2023,reuljj
tsimcoxjk,xD7{`ky~BU#hP~,0,5/6/2023,dvonderdelljk,11/17/2022,mmatyushkinjk
vtrevanjl,fD6(TcS0jBI~H~,0,3/7/2023,dinstonejl,4/1/2023,speekevoutjl
rculbardjm,"oH0~XF.K,U.&t",0,10/16/2022,whunnawilljm,9/2/2023,ipietruszewiczjm
apolleyejn,xA8_p</Hp),0,3/28/2023,nswepsonjn,7/7/2023,lmacparlandjn
btacklejo,tY3<zSWVg>&6cAh,0,2/19/2023,hmackainjo,4/25/2023,ahadinghamjo
ghinstridgejp,hD1!{tOjViM?{,0,9/20/2023,kharmarjp,9/14/2023,mjannjp
scarswelljq,jI3'0RJ'EoPX,0,7/1/2023,cpoznanjq,3/1/2023,etheodorisjq
wnibleyjr,wW0=tE}PN|lF%htp,0,10/2/2022,ctrappejr,2/24/2023,mdarridonjr
dscholigjs,"cX2{8#R?<),(<",0,10/15/2022,ryarmouthjs,5/22/2023,dphippjs
acordesjt,dG0<vFVl9zbof7,0,8/25/2023,rtrembleyjt,4/10/2023,rgravestonjt
tspierju,kO4_eC/=n7_>r=,0,8/29/2023,agilluleyju,6/13/2023,cbedissju
kpedderjv,"sE6,,.DPOz?{!",0,10/28/2022,jbuckettjv,10/4/2022,bmoreinujv
gclearejw,zE2(jW~<_r*,0,11/15/2022,bgallopjw,6/29/2023,wwormstonejw
cgarfitjx,uJ9_duP.,0,6/27/2023,bmcgraejx,11/22/2022,aramesjx
cbegleyjy,tD5?Kelf,0,9/21/2023,melstobjy,5/1/2023,pniccolsjy
nblunsenjz,"qK1<jSu*Z,",0,7/21/2023,oaldermanjz,10/30/2022,echristoffersenjz
edewolfek0,xN4>GQsa)L~$x$,0,1/2/2023,lbyek0,11/5/2022,aferrarik0
lgoosnellk1,"kK4?cOh,tG+xZ""'F",0,11/13/2022,tbaumaierk1,11/1/2022,rmcgraithk1
mdurdank2,"eC3}jX,Ux",0,2/21/2023,ntabramk2,5/13/2023,cknappenk2
lsnuggk3,zI0=E7bkA<K#rk,0,8/11/2023,modgersk3,2/21/2023,mslydek3
rklainmank4,cY8}g!_bcfq27y,0,12/4/2022,devesquek4,11/10/2022,bswallwellk4
lcrollak5,aD0>nK#w,0,12/14/2022,kmcilriachk5,12/19/2022,fbaxsterk5
llaymank6,uS9)A\G_yb2$,0,1/22/2023,asandeyk6,3/15/2023,ttesseymank6
fomullaneyk7,hY3{!iaqdFmH88r,0,7/9/2023,gtounk7,12/11/2022,ltheobaldk7
uoffink8,"aK3/XRi\(EN""",0,5/15/2023,cjerdank8,12/13/2022,ksimonittok8
dsawlek9,"dT9'=Sy<UUpF""L",0,3/16/2023,atightk9,12/13/2022,ccordonk9
ghobbleka,zU6{{'loXfZ,0,7/5/2023,wwetherellka,1/20/2023,acheverska
hwinkellkb,vK6@9#H/GjM6${<D,0,9/16/2023,eminchentonkb,10/17/2022,mkingmankb
jgianullikc,xG4=!mk|}M,0,6/8/2023,kwilkeskc,11/10/2022,ptrynorkc
mclementskd,sV3%9U=V>LE\!,0,10/3/2022,rferrekd,7/25/2023,gdakhovkd
hkornyakovke,"aG5,Im2W}2_AED0",0,5/20/2023,mjovanovicke,7/19/2023,lmccarverke
kheatonkf,tX6=9yu0,0,7/23/2023,paddionisiokf,10/22/2022,lraoulkf
chamiltonkg,kD8'cTxo'zk4,0,5/9/2023,psackettkg,8/3/2023,lstaddenkg
dbrisardkh,xE4+|!/#Vasi7,0,12/21/2022,ahantuschkh,5/20/2023,cdiverkh
kwinserki,gS9@g5m3+~}P,0,2/4/2023,ctroyki,2/25/2023,pattewellki
bphillpskj,yG2}V+Qgi,0,8/23/2023,hchevolleaukj,11/30/2022,mpardikj
llatchmorekk,hR7.Wr&?}W}yMZ9P,0,5/10/2023,cspillardkk,7/3/2023,ogallatlykk
ejosephsenkl,iD7$N\&*4RW/P2vT,0,11/14/2022,eharowerkl,10/4/2022,gkingabykl
sredholekm,"vU4,rB{""w/BOx+",0,11/15/2022,spetrenkm,10/26/2022,cmacgeaneykm
mmowlamkn,jP8%X'3Rd(,0,2/24/2023,cdeluekn,10/19/2022,gstangroomkn
slabetko,"oT7#Z.m6z@+,h/B",0,9/29/2023,cdampierko,12/7/2022,gfairmanko
istayneskp,xX1~27=<YR@vU,0,2/27/2023,cerrolkp,3/10/2023,achittendenkp
sjosselkq,nC2<tnWohYlJid,0,6/3/2023,mdianokq,10/30/2022,aoffieldkq
bdendlekr,gE0?>XhD<eVZmIgd,0,1/1/2023,msouthwardkr,3/19/2023,rjennekr
tgeffenks,dK6)~1BPnww,0,5/11/2023,hhorribineks,2/24/2023,snuccitelliks
ucastiellokt,"fF5#T5V@,m",0,7/18/2023,obykt,8/10/2023,mcoathupkt
ggraundissonku,yO4*i/uInt,0,1/28/2023,aigounetku,4/1/2023,lgwynku
tkahlerkv,"fQ8~P,rfa.",0,10/29/2022,bkeattchkv,2/10/2023,btroppmannkv
bdyaskw,yS0%ys\tlV,0,12/20/2022,clemerlekw,11/26/2022,cchurcherkw
hunworthkx,"wI5""gqo`.",0,1/3/2023,tkayskx,2/20/2023,bchanningkx
tivachyovky,"qQ8!}dRizg@=Zy@,",0,1/1/2023,titscovitzky,6/5/2023,mwickinsky
rbonhamkz,"nS6|UC,6iup7A?L#",0,6/25/2023,bcastanoskz,12/22/2022,rmaccrawkz
keadyl0,"pG4>#We1,P",0,10/16/2022,qwolfitl0,9/1/2023,dmackeeverl0
vvedntyevl1,kZ8(N`LX|={d3,0,4/7/2023,anutteyl1,5/21/2023,aoddboyl1
wgrishkovl2,bQ0%gtoS&c'apz,0,4/7/2023,ktomasl2,1/27/2023,sguidonel2
aruggierl3,"xU2.gG~#B""w4)",0,4/8/2023,bpudnerl3,5/20/2023,hmuffittl3
amargreml4,vD3<L`A9,0,8/31/2023,abrantzenl4,1/31/2023,rpettiwardl4
tbutterleyl5,dV7@~DPYL!}dKE8,0,2/23/2023,abrunnl5,4/24/2023,lschoalesl5
bgiacomozzol6,cN6$K@6+(%9,0,4/27/2023,rlowethl6,3/2/2023,mcrippinl6
jbingelll7,fD2)x.tT*UVn,0,12/17/2022,vsparryl7,6/29/2023,zdavetl7
fsladerl8,yY5@P*16wVz,0,6/16/2023,vsellorl8,9/10/2023,ahearnahl8
mramesl9,"uY1(I)oL,,wdeYD",0,8/16/2023,cchazierl9,11/29/2022,mpocklingtonl9
ajarmainela,bB2+Oz*>RAFILf9{,0,6/15/2023,etottla,7/22/2023,cpiolala
bstucksburylb,jQ3@mQ&WeJ!C#v,0,2/3/2023,mbaradellb,1/19/2023,achaddocklb
rgatlinlc,rR3/Tb}h,0,6/15/2023,mrykertlc,8/6/2023,dquinbylc
mfarragherld,jV8_1cp&Qr2yvj*n,0,11/4/2022,bbakeyld,10/31/2022,mtoopld
ebirrellle,pQ4&(3StG,0,10/22/2022,mjanousekle,5/9/2023,kmcmechanle
tgrieflf,"vU1,F<%Iw|",0,4/25/2023,jsportonlf,10/7/2022,abreeself
qdemogeotlg,uO0\%WXYh'V&F,0,3/11/2023,gduchamlg,5/17/2023,bkilfetherlg
cbriddlelh,"hV8""~9hjN",0,1/20/2023,lwooldridgelh,10/25/2022,mbaszkiewiczlh
dyashinli,eL5|z_uCm),0,6/30/2023,bmonganli,10/5/2022,aharriskineli
vphilliplj,jE2\HRPl+ZG,0,12/5/2022,kwedonlj,10/21/2022,lmasereslj
dsandefordlk,yZ8?_/_<wc,0,5/4/2023,dcamillolk,6/10/2023,gtrobridgelk
bgutridgell,nN4}zmDi/W.@$,0,9/12/2023,mvalentill,12/3/2022,hharrollll
atashlm,"dN3%nN,mHw}",0,3/31/2023,fmasdinglm,1/13/2023,jbulfoylm
lyoselevitchln,nT7@{&&i,0,12/15/2022,obelamyln,6/14/2023,hfranckln
ibrackenlo,qU3.g8_YtvJR,0,1/13/2023,cchinalo,8/25/2023,hpummelllo
rallsobrooklp,yR2*C4)l@Z,0,11/16/2022,eblackaterlp,6/11/2023,mprimettlp
spescudlq,iD3#Tms6q6_,0,9/2/2023,vscaddonlq,12/15/2022,fsheringtonlq
jbodimeadelr,tR3$5GE6wh{`7,0,8/15/2023,fnorridgelr,9/28/2023,cknobelllr
clambournels,hU3~0duAV,0,6/15/2023,sstickelsls,8/26/2023,ocurrumls
ecolhounlt,yC5$RH(b.Q3CQz,0,5/29/2023,dmaskewlt,11/27/2022,cklaaslt
lbrusinlu,"aT9,OCRac5",0,9/30/2023,cocrianelu,10/18/2022,taudreylu
jwiddecombelv,pQ5)CQ6@,0,2/14/2023,ntoughlv,2/8/2023,gscarfelv
troydonlw,"gO9!)CciX""XB\GFK",0,2/16/2023,mjaulmeslw,7/15/2023,elaurenceaulw
alemmonlx,kS1(q'!5Af5K,0,1/6/2023,swrethamlx,11/29/2022,vglowackilx
gscotfordly,kB7%gxRWpF,0,2/6/2023,mharbottlely,1/13/2023,hgoodsallly
gmacgrathlz,dS2!M*>>3\E!8,0,12/8/2022,kfaulconerlz,7/18/2023,mantonatlz
bglewm0,zF3<}jMWBGy!,0,6/3/2023,ucraftsm0,9/25/2023,jrudolfm0
hyanezm1,aE4<3/g9R,0,5/17/2023,ddirobertom1,5/8/2023,cgillisonm1
deganm2,"tO0~!,Ysa",0,11/17/2022,hconwaym2,4/3/2023,msaintepaulm2
nhimsworthm3,bR5#\~\H$jPiUmiv,0,8/8/2023,acatchersidem3,5/25/2023,gcatom3
awillfordm4,lJ8?4B=DzSr\4\X,0,6/9/2023,mbriscamm4,3/10/2023,baudenm4
hcardingm5,hI6@*tn<RxP|),0,1/15/2023,gzecchim5,1/30/2023,jcleallm5
ksayersm6,rX5!_4RTpz08Ob,0,2/3/2023,asinneym6,6/11/2023,kslowgrovem6
rcarsem7,dU9&l_V2,0,5/16/2023,lpolm7,3/22/2023,sbanischm7
rwhellansm8,bV6?y?=g#z,0,12/21/2022,lbainem8,4/15/2023,cphelitm8
pperillom9,sM2~N}8xst7t09M,0,2/11/2023,aposnettem9,2/16/2023,kjacquesm9
gmccreeryma,sG3`0z|dek6<KsSF,0,3/7/2023,vscotchmoorma,11/12/2022,lduncanma
lixormb,eN3<s!mYzH*V6=1,0,11/3/2022,kmacfadinmb,3/16/2023,cbayldonmb
etoveymc,"yI5#~,2WGb4W",0,7/5/2023,ffarrenmc,1/22/2023,halbinsonmc
jtumilitymd,"wK7~""d>@>M",0,5/31/2023,mcuffmd,5/25/2023,lwadmoremd
kkingtonme,jO0)2s.GZAFV`k{,0,4/29/2023,cheimannme,7/19/2023,morchardme
dmcdavidmf,nJ9<&LZ)eBity|,0,9/1/2023,hmeeksmf,11/13/2022,ccurtinmf
chelstripmg,"sM1\6g$""K&x$LIw",0,1/17/2023,galeixomg,5/23/2023,bprudhammg
mbaxandallmh,rV6@=sOec,0,7/10/2023,vzanottimh,8/27/2023,arosiemh
eosichevmi,"gN4#,d@MIcz2~U=",0,9/30/2023,cmcwatersmi,2/1/2023,pcastagnassomi
spauleymj,"sP6>{OiYp|D"",c",0,3/24/2023,mrenakmj,3/21/2023,acamingsmj
htriswellmk,tZ4%zsY{a,0,7/24/2023,rgledemk,9/26/2023,lryottmk
wenricoml,yY2'moLZ1N,0,8/5/2023,sosullivanml,10/18/2022,ppeekevoutml
tcowlasmm,zJ3(=W+~N,0,5/24/2023,jmolineauxmm,8/11/2023,vsantomm
mhabletmn,"zZ9<?emk&,zZ1wg",0,10/13/2022,chailemn,7/20/2023,madrianomn
bdomenichinimo,"wG1+zU""`d",0,7/2/2023,ltraffordmo,11/27/2022,jlyddymo
gbaigriemp,kZ6|HN7FD5Lr,0,1/2/2023,kmanuellimp,7/8/2023,obilsfordmp
lmagarrellmq,"cM3+&{s+D7OK4""(6",0,10/4/2022,rflishermq,11/21/2022,lhadgkissmq
deschalettemr,mC5!ZY`Yi!+W,0,9/3/2023,smcrinnmr,5/6/2023,kmcmackinmr
bvillaltams,"pS8@xjsOKYgt@""2",0,2/16/2023,echaundyms,9/23/2023,lsainsburyms
tbrockingtonmt,nA3}}Z>G,0,4/23/2023,rbarczewskimt,4/7/2023,ndupreemt
vmatuszkiewiczmu,gF3@fJmwv(?EEiZA,0,11/17/2022,kclaibournmu,7/8/2023,lrivemu
zfaradymv,uZ3/bXIvI$Ia42>,0,6/21/2023,klaffoleylanemv,6/2/2023,fcaygillmv
cnisbymw,cY3}O/<+RcE392,0,3/23/2023,ndoulmw,9/24/2023,gvezeymw
dreelymx,xP9<hbS@<{o!_(i,0,11/16/2022,wmarcussenmx,11/13/2022,astokemx
cloftingmy,wG4'*W16dzLh7!,0,8/14/2023,omillmoremy,2/23/2023,nmclucasmy
ccardowmz,mD0_)nZ7ta4p#,0,9/4/2023,zlongworthymz,2/4/2023,lbirchermz
mjakesn0,sW5%5?vO,0,9/11/2023,bbehrendsenn0,3/1/2023,rbenwelln0
mahmedn1,cP8$e4ZP\o4HCr|4,0,1/18/2023,cgrenshieldsn1,5/27/2023,cmckeemann1
lcaleyn2,zF3$s$#?x_5>*QZt,0,2/10/2023,hfennersn2,10/27/2022,wpedriellin2
lcurralln3,lO3$6S%Kv|zj`o1,0,3/17/2023,dhugon3,6/2/2023,dcaramuscian3
acliffen4,"aR5/,XLTVsBPT3",0,3/15/2023,dmeinsn4,4/2/2023,ablossn4
mjoskowitzn5,jR7~Yw(/,0,5/19/2023,ehounsonn5,9/25/2023,aklemmtn5
ecrinionn6,vP4`K}a+)DFpb,0,7/22/2023,cpumphreysn6,5/22/2023,lpollettn6
nbromontn7,mV6$6Pq_,0,11/29/2022,ebertotn7,2/6/2023,tfauldern7
kceccolin8,fU8(X\sFpA/XYFF0,0,6/6/2023,ccranfieldn8,3/26/2023,kpoulglaisn8
gdutsonn9,oO1_2GBp,0,2/20/2023,dgilhooleyn9,1/1/2023,gmanshawn9
skristofna,rK2_PMllFJq{8sAM,0,3/7/2023,rlavrickna,3/18/2023,kendricina
oambernb,eY4&jS)9z7mUH|#,0,5/16/2023,amcinerneynb,1/20/2023,sdeynb
nkirmannc,fK6{ik(ahj/x~b,0,2/20/2023,adjorvicnc,7/29/2023,rknowlingnc
rdominettind,uH8#=YhJ~Y8h,0,9/4/2023,cmatasovnd,7/2/2023,rbuckbynd
ocubbinelline,dF5>DhDR.H'4,0,4/24/2023,kwestoverne,12/17/2022,mhaswellne
icabannf,uE2&R}hc't=U)mx,0,2/15/2023,lstraunnf,11/22/2022,airesonnf
rfeldmesserng,xD5.GXsf,0,3/7/2023,rkimbroughng,12/9/2022,cpuddanng
ttwinberrownh,mL2|Ih}V.?*2i\Sk,0,8/12/2023,cpennuzzinh,10/26/2022,ntookernh
tadameni,"iB7,Y4w0Li",0,1/17/2023,vgeharkeni,12/11/2022,mroubyni
kkirimaanj,nC8\q=SF%TCNUtL,0,3/1/2023,eglennnj,9/12/2023,bmynettnj
wbramhamnk,qH0#.#+S{,0,4/4/2023,fmcparlinnk,1/3/2023,nspiringnk
jstiegarsnl,yW0`GFR{%CapjXA,0,2/21/2023,brosenbergnl,1/8/2023,mholbornnl
hharrowellnm,uM1`ROrv,0,9/28/2023,rgregoriounm,10/24/2022,crimenm
agarkennn,kN2@M$(6/V?},0,7/18/2023,cjuorionn,4/15/2023,lbenjaminnn
yorysno,"fO8`Fm,n=v>x}O,!",0,4/6/2023,rabrahamino,9/17/2023,ebransdonno
wknotonnp,yQ2`{W{5rC$B6x,0,8/13/2023,akellochnp,12/1/2022,mlermouthnp
dchristolnq,"xL7}9jPY""Sy",0,4/29/2023,fmccambridgenq,5/18/2023,epattlelnq
fribynr,"iS4}d,X>",0,7/2/2023,cwissbynr,4/24/2023,mjakemannr
bnaryns,"nN9.xm08s#(""z'4P",0,7/23/2023,tdebenhamns,12/15/2022,fphilipsonns
dwhartonbynt,"jB1&knty,MkQrY|",0,12/12/2022,belient,3/1/2023,kchafneynt
dsortonnu,fD8.p&xl2lMJF5&0,0,5/30/2023,nswiftnu,2/17/2023,bwillgrassnu
atullethnv,uO6*E/bQtujI,0,5/27/2023,kgrintnv,1/5/2023,nlightewoodnv
aheathernw,yX1_ohGZ'qj@h,0,7/12/2023,jwaskettnw,5/12/2023,oskeemornw
ljephcottnx,bW1{<EtW<pw&@,0,12/3/2022,jmacintyrenx,12/30/2022,zjosselsonnx
vphilippeauxny,nP8}YaJjTpGpYky6,0,12/28/2022,tharkinny,8/19/2023,adickonny
bnicholesnz,bS1#KtnJafb=Pr|w,0,11/29/2022,trollnz,2/22/2023,igrinnellnz
areardono0,gY6*xH$h+n,0,5/19/2023,kjohanseno0,5/12/2023,lpickerello0
emcmorlando1,nE6.q?&Y*OL,0,9/15/2023,dbradberryo1,11/15/2022,hmoreiniso1
aagiuso2,uF0#cXIv,0,8/20/2023,kosherino2,7/11/2023,jwalkowskio2
kcurrino3,kU4/F}.&q,0,11/19/2022,jluqueto3,1/28/2023,mleupoldto3
vnorreeo4,fN5>\wAJMM%#O_W/,0,4/29/2023,tbollumo4,6/10/2023,pfero4
nscathardo5,yE7&.*j279_!>+,0,8/1/2023,aawcoateo5,5/12/2023,kmarro5
hstrangwardo6,sD1&A/XC1O=37@S,0,11/6/2022,cbadmano6,7/8/2023,aparhamo6
rroskamo7,sT0$sS@SW)d*Q!,0,5/3/2023,ckento7,5/3/2023,cballinghallo7
dedwinsono8,"hA5,+#Z'",0,6/25/2023,dbartrapo8,5/8/2023,ldoerso8
ssargeanto9,jX4)vonvIRn,0,4/7/2023,ltomkino9,9/6/2023,sdeegano9
coreaganoa,"nY1#$J""`e*",0,7/1/2023,amacmeanmaoa,5/31/2023,cjannaschoa
mbullierob,fJ7~jN_o6DKu<,0,1/4/2023,akobkeob,8/6/2023,bbrunigesob
sborrisoc,mT2{'Mm+BoKnV(~,0,6/3/2023,skassidyoc,8/24/2023,dtomblesonoc
gbartakod,fZ0#\q$Y|rf0|,0,5/8/2023,gpedrozziod,4/4/2023,pmeinod
tschuleoe,fG5)H$D_dm8,0,12/9/2022,dgentoe,10/11/2022,lgraylandoe
mfoucarof,"lU9,nWWB@",0,1/4/2023,lsyredof,1/3/2023,cbourtoumieuxof
mcomfordog,tL9&ii2t42,0,5/29/2023,uhuggensog,1/28/2023,rstowellog
rpuddleoh,qS6<2CK$q\J$z2,0,4/22/2023,ctrimmelloh,8/25/2023,bhenricoh
rleadstoneoi,rE9'Vg2nI0%5.t<,0,7/23/2023,speetermannoi,5/10/2023,cmountainoi
hswaytonoj,pK3?wo`$7RhUOLX,0,11/15/2022,kwhostonoj,8/17/2023,ttuxilloj
sgresteok,pP2?j7i9o/F,0,12/14/2022,botterwellok,12/23/2022,ekirkhouseok
hmarquezol,xV7_L>ORF70=jEB,0,10/13/2022,jbalmforthol,6/16/2023,sburnhamol
mstaddingom,lN6\\e660e>t0N,0,4/30/2023,opeaddieom,1/26/2023,holeszkiewiczom
mmathison,aF9)QjmXr#D1,0,5/12/2023,lpoytresson,6/2/2023,rsneydon
rdingleyoo,rE6&oc@Ga?kEf7>g,0,6/23/2023,ktrickettoo,2/23/2023,afritchlyoo
ksofeop,lH2|c_)T.,0,4/6/2023,espellerop,5/23/2023,hjullop
aspringthorpoq,nS1>t1o~5z+qTCH,0,6/17/2023,vpieteschoq,9/16/2023,gtarrenoq
kprinettor,bH4|aU2I7pH,0,12/16/2022,mmilleyor,10/16/2022,wnutmanor
jmarvellos,uM8#Iuy9Ip{/F4I,0,11/24/2022,dcosteos,9/16/2023,dwodelandos
mdayneot,rO3~yULU91\X,0,2/7/2023,jvolanteot,1/16/2023,lgrimditchot
lclineckou,"vB5,#W9""<ZL""2hn*",0,5/4/2023,tcastelijnou,3/3/2023,brainsou
pdealeyov,kM1<c{.2,0,7/21/2023,rdanksov,10/24/2022,lbuddingtonov
kmoremanow,"yB5,7rK5j?tLS<O",0,4/10/2023,htoyneow,10/13/2022,tcoalburnow
rreardenox,sM0'?E*dqCRq,0,1/10/2023,brakeox,7/29/2023,amacgeeox
adoumeroy,hU4>dWXFdY2,0,11/28/2022,rdenecampoy,4/7/2023,gmocqueroy
ltempleoz,xL7<86$8j,0,10/7/2022,hkingoz,9/21/2023,ptiddyoz
fcattinip0,uG6{vhIr,0,9/3/2023,salcidop0,12/27/2022,ltupmanp0
hmckellarp1,"mE5$4i""6x",0,8/24/2023,llerwillp1,6/12/2023,bmorteop1
mhookesp2,zS2=DTuj8f,0,2/20/2023,cgarfordp2,3/9/2023,rlandersp2
asercombep3,rJ2+'0S!X9mWN,0,4/13/2023,kmouanp3,9/29/2023,rstabbinsp3
ewillimentp4,dW3}9>w6}`,0,9/5/2023,alethardyp4,7/4/2023,gmattersleyp4
sclendinningp5,oA4@H!emn,0,3/14/2023,mdietzp5,11/14/2022,agjerdep5
selleringtonp6,"yD1,Y|oan.",0,5/16/2023,jrotherp6,3/18/2023,mdabernottp6
astollenbergp7,zD9<=hAgAL($Kmz,0,4/27/2023,ctinsleyp7,12/9/2022,rgovenlockp7
areayp8,pH2~x?1H,0,1/16/2023,cbrandinp8,12/13/2022,adegnenp8
peverardp9,yV1&Nj/mJc?<6fNR,0,1/8/2023,lreacep9,7/12/2023,kjerwoodp9
sasplandpa,rG7>rxn>AZ#,0,1/31/2023,cnaisbypa,10/29/2022,wbaptypa
dcalleypb,"lI7`m_3o""JO&v9/",0,1/12/2023,ebeynkepb,3/25/2023,enestorukpb
alampartpc,oZ4%orS91fd,0,5/13/2023,uvannarpc,8/5/2023,gfairleypc
ascourfieldpd,hH7=f4_OOa,0,9/1/2023,rfulkpd,8/16/2023,bzylbermannpd
sburthompe,iW4*4)F>lYErT)=,0,11/4/2022,cbernlinpe,3/13/2023,meaglepe
pandriulispf,"lF1}Bn.2,z2#\",0,1/15/2023,cmuzzollopf,3/19/2023,ksmallespf
rmerrisonpg,xH2>>tAb,0,8/31/2023,rbrewpg,10/21/2022,claukspg
kdickinsonph,rK5<xWmYi`7+X,0,5/8/2023,tstokerph,7/27/2023,sgillingph
nthebeaudpi,aZ2~FPs4=>pv(H%o,0,1/23/2023,tkilbanpi,12/23/2022,pmckeveneypi
alantuffpj,oH2\=`uK9*<,0,3/27/2023,sgariffpj,3/27/2023,jpaulipj
clambartonpk,qH8)kYp|js,0,12/17/2022,sovendonpk,11/6/2022,cisoldipk
tdeverepl,qM3'xs$oJGR`/Q/A,0,9/15/2023,mkardospl,2/21/2023,mmolfinopl
bleedspm,uS3+`rWe,0,10/26/2022,lcopnerpm,6/2/2023,swinsletpm
rtembypn,eX7/3)=qhyjOl,0,9/3/2023,ddoddrellpn,7/25/2023,jmaccraepn
mtysackpo,vK4_8(l<p,0,4/20/2023,ndovingtonpo,4/23/2023,jstollipo
cvasyaginpp,nZ8@Juz{,0,6/20/2023,sbertinpp,5/15/2023,nouldcottpp
rbakeuppq,xJ8`bUqirc,0,9/23/2023,gpoonepq,12/11/2022,jverlingpq
smcquodepr,rX1*/r2gD,0,7/16/2023,tpichanpr,7/9/2023,cbettpr
lduckps,sN1@d&nKNxyiwc,0,2/10/2023,qstoadeps,12/21/2022,jhauggps
doretpt,lF2)pa@_\rl,0,4/27/2023,cbodycombpt,12/30/2022,wdrustpt
cmahedypu,hU4|8iBM71,0,10/23/2022,tswaislandpu,5/18/2023,obeckensallpu
slackneypv,jN2'$1{2,0,1/17/2023,dkindredpv,5/31/2023,hschmidtpv
rrigardeaupw,"vK4{!$w?)lr19""fl",0,4/14/2023,sjunespw,2/24/2023,spackerpw
ibourgespx,nI5>~5ZoUbs.,0,12/17/2022,hracepx,4/15/2023,pvaleripx
kbettesonpy,"zL9<K7Zj?L2{{""",0,12/26/2022,dwaghornepy,2/5/2023,iedmettpy
lrenackownapz,uH5#XaQseVgI.l,0,7/2/2023,vpatrypz,8/9/2023,wjiggenspz
dwoosterq0,cA3*cTp=`A,0,6/27/2023,pgrzegoreckiq0,3/8/2023,rriddq0
sloxlyq1,yW9+P9!qyL!~Kf,0,8/22/2023,qlongdonq1,7/30/2023,bdomangeq1
ecourtesq2,dO3/Z#DI,0,3/28/2023,rentreisq2,6/16/2023,ckernesq2
abellerbyq3,sZ7#=!zT,0,6/21/2023,idemangeotq3,11/15/2022,rtrevearq3
krathbourneq4,"iG7""oSHp_ew8A",0,11/17/2022,kkenninghamq4,6/24/2023,dwilloughwayq4
nlouisetq5,bU1(lG!1\7E,0,5/8/2023,ereucastleq5,11/24/2022,jpainterq5
pwelhamq6,kI6>m%*UA?+BxLv,0,1/26/2023,rjestq6,1/9/2023,cricardouq6
cgyfordq7,qN2@\y>m<j%&K,0,3/14/2023,mcroalq7,5/30/2023,mstreetq7
kclearleyq8,lL1~/fcz{(\kq,0,4/11/2023,htrewinq8,8/24/2023,vchessmanq8
jmarsq9,xJ1!(`&'>B,0,1/31/2023,aviviansq9,10/15/2022,ijusthamq9
tthainqa,wY9=d_nU@,0,2/23/2023,mdwellingqa,10/30/2022,rpennuzziqa
imalbonqb,"hK4?D,#qH?hG!",0,4/22/2023,crusselqb,11/28/2022,cjenckenqb
apicotqc,lP2@RiQ(<`d=,0,9/30/2023,fvickeryqc,3/20/2023,mmckeanqc
blidellqd,nO3{jrTC#~H$&,0,10/10/2022,ccootsqd,9/25/2023,bdogeqd
vstibbsqe,qM9$+W*0oCnP,0,3/6/2023,gcodronqe,7/14/2023,kthackeqe
bridwoodqf,vK6%jws/|dH,0,5/19/2023,fwildesqf,4/6/2023,aotuohyqf
cdimberlineqg,uK3}3(!ip,0,7/15/2023,vwebbqg,6/3/2023,uariasqg
fstiffqh,mG8|.bWe,0,3/19/2023,esandbrookqh,1/23/2023,jscarsbrookqh
ccastagnaqi,jR6$jCf)mu,0,6/23/2023,thenworthqi,12/25/2022,abatistelliqi
dweineqj,mS0~W`lKzq?05MC,0,10/17/2022,tfrewerqj,11/18/2022,dfinlanqj
kduellqk,vW9$YtQ_,0,11/28/2022,tmcgeadyqk,9/6/2023,gblaikqk
egilardiql,"fN5,3,xRI_3",0,1/24/2023,skitchenhamql,2/10/2023,ndimmickql
sfeatonbyqm,vB5~2QIn&+,0,8/24/2023,kroastqm,7/21/2023,mixorqm
gphinnisqn,uB7*~.DPm,0,10/2/2022,rpoulstonqn,6/29/2023,sfrainqn
egrettonqo,dC8=8=dh,0,7/9/2023,gcattonnetqo,1/29/2023,icelierqo
lmacsorleyqp,pO7%TQ7u<<d@djf,0,8/31/2023,smacsporranqp,9/1/2023,owintonqp
atraiseqq,eW0'/#=8pL`U,0,3/16/2023,hsweetingqq,11/30/2022,pkemstonqq
inucciottiqr,iP6)B6}*<d}o,0,11/7/2022,mdumphyqr,11/16/2022,viglesiaqr
rkinnyqs,iO3}q2LeGy,0,11/24/2022,lcaccavariqs,9/21/2023,doverallqs
rblanshardqt,gP5|D*ug6XLi,0,7/17/2023,esabateqt,4/9/2023,lmacclenanqt
llabusquierequ,eB3?cGrkC,0,6/21/2023,bsinnockqu,1/23/2023,bbrundlequ
dswaloughqv,rF0>Vyp=%NQ,0,11/13/2022,mmcaviyqv,2/8/2023,wgreenlessqv
adanielczykqw,jL1>7~fM&\?E@.\,0,4/24/2023,cbernhardssonqw,7/8/2023,efontqw
mlehemannqx,zO2.&iynK@Z~EW!),0,11/24/2022,mscraneyqx,8/21/2023,mworralqx
ewalcherqy,xQ0+X53}_FD,0,4/13/2023,classellqy,3/31/2023,hmurdieqy
agrindrodqz,mV5&boqF+U)&w,0,7/3/2023,bphillcoxqz,1/18/2023,mleclaireqz
jcorcutr0,xO7/l#eA~&Y'<,0,6/7/2023,hmarvelr0,4/21/2023,mcoltartr0
cwellanr1,"pR7}0e""vU@ia54",0,10/30/2022,kweightmanr1,10/16/2022,mforryanr1
jbelascor2,aX3\$?'(zQ>0+\,0,7/6/2023,zlaurier2,8/15/2023,sbewlier2
loswellr3,xA6=~~K!qmfo>AN',0,10/5/2022,echalfontr3,3/19/2023,ihateleyr3
fthezer4,jX5&6>`V1Cf,0,9/23/2023,bmorlingr4,12/9/2022,yneubiggingr4
rstreatleyr5,jY0{0ZAIDf\O~w5,0,8/19/2023,gkellewayr5,4/20/2023,rhunnicuttr5
dsweetmanr6,"kG3?9U1?>CYH,c&",0,11/27/2022,gsileyr6,5/17/2023,twhimpennyr6
rcleveleyr7,kM2~NYJo1c8e&p`d,0,4/12/2023,sbrearleyr7,1/25/2023,dlightenr7
ygiffkinsr8,xW6`|r|=D$Tmj,0,3/31/2023,gbrantlr8,6/15/2023,gfinnickr8
hhamelr9,kV1*4FuXG,0,11/15/2022,mjerdonr9,12/20/2022,samsdenr9
jturmallra,rG4?61gjM#L,0,9/22/2023,treardenra,2/24/2023,hkelwayra
djohansenrb,yE6*V&=>IIk~2,0,5/18/2023,gduesburyrb,11/21/2022,bdanielisrb
ocaneterc,nA2~$Ca*3zev,0,1/6/2023,hrearyrc,10/8/2022,acatorc
fdelcastelrd,wS0__C6b1q,0,6/18/2023,mkerswillrd,7/21/2023,gmacneicerd
tgurryre,gA2'M7`n,0,5/11/2023,ftawtonre,3/7/2023,hmcnaughtonre
aghidinirf,"gE0<}+D&""@BFA(|?",0,5/21/2023,rbrattanrf,5/28/2023,esodoryrf
glierg,"aM7/,lV|Pb\U",0,10/7/2022,mkullrg,10/14/2022,hmccrayrg
ppulleyrh,hV8>v00OQ0(~G,0,12/11/2022,jossennarh,1/13/2023,mhugonneaurh
rshirrellri,kM7+).+WZoeB,0,11/3/2022,sspeareri,6/3/2023,ffenimoreri
njohannesrj,"xK5<}O\,@83L",0,11/16/2022,ecattorj,11/2/2022,hdummettrj
clamarrk,tC7<r0|%?6fE`g,0,3/23/2023,jreadwingrk,6/29/2023,thruskark
klembckerl,gJ6%>+rY,0,10/14/2022,mfrankissrl,6/1/2023,kwooffrl
bespinrm,eI7'Qze}4DJaP,0,3/7/2023,lgallichicciorm,11/7/2022,relpheerm
hwegnerrn,rK4\5M%F|)*(1pHX,0,7/16/2023,cjocelynrn,9/2/2023,dhatchmanrn
rfraynro,"vS2#?,YfR",0,12/16/2022,dchaffro,2/19/2023,kwarnesro
clewensrp,gY9>saP71UA,0,5/5/2023,vhandscombrp,8/2/2023,gnuzzettirp
bramosrq,"cI6,(JVycR/",0,2/4/2023,bburrowsrq,2/15/2023,ceydelrq
fbradburnerr,kZ1+kop09nN!|,0,10/16/2022,jharnettrr,12/15/2022,fbasleyrr
